;id;year;keyword;context;speech_sentiment;n_of_lexicon_words;n_of_countable_words
0;Protocol_1897_04_05_01;1897;widernat;verdacht erweckt unsittlicher mensch meinetwegen widernatuerlichen lastern hingiebt reputation angestellten lange;-1.1186;0;3
1;Protocol_1898_01_13_01;1898;175;ich insbesondere eingang bestimmungen paragraf 175 – handelt widernatuerlichen unzucht – auge nothwendig;-0.3064;0;1
2;Protocol_1898_01_13_01;1898;175;verfuegung vorzulegen pruefung bestimmung paragraf 175 eingangs aufrecht erhalten duerfen aufrecht;0.012;0;3
3;Protocol_1898_01_13_01;1898;175;quelle bekannt polizei maennern paragraf 175 zuchthaus bedrohte verbrechen begehen erfahrung;-0.3328;0;3
4;Protocol_1898_01_13_01;1898;175;preussische staat gezwungen verbrechen paragraf 175 berlin begangen suehnen neue gefaengnissanstalten;-0.4935;0;2
5;Protocol_1898_01_13_01;1898;175;gesellschaftskreisen entsteht bestimmung eingang paragraf 175 maenner frauen auszudehnen verbrechen begangen;0;0;0
6;Protocol_1898_01_13_01;1898;175;verbrechen paragraf bestraft behandelt paragraf 175 strafgesetz gehandhabt strafgesetz gruenden punkte;-0.4811;0;1
7;Protocol_1898_01_13_01;1898;175;sinne einzutreten beseitigung bestimmung paragraf 175 herbeigefuehrt;-0.0008;0;2
8;Protocol_1898_01_13_01;1898;widernat;eingang bestimmungen paragraf 175 – handelt widernatuerlichen unzucht – auge nothwendig kommission gewaehlt;-0.3064;0;1
9;Protocol_1898_01_19_01;1898;175;der abgeordnete bebel neulich paragraf 175 strafgesetzbuchs widernatuerlichen unzucht handelt polizei;-0.3064;0;1
10;Protocol_1898_01_19_01;1898;widernat;bebel neulich paragraf 175 strafgesetzbuchs widernatuerlichen unzucht handelt polizei verfolge praxis;-0.3064;0;1
11;Protocol_1899_03_09_01;1899;175;zwischenraeumen petitionen zugegangen bezwecken paragraf 175 aufzuheben widernatuerliche unzucht personen maennlichen;-0.3064;0;1
12;Protocol_1899_03_09_01;1899;175;krankhafter geistiger stoerung verbrechen – paragraf 175 – begangen zweifellos genuegen einzelnen falle;-0.5722;0;2
13;Protocol_1899_03_09_01;1899;widernat;zugegangen bezwecken paragraf 175 aufzuheben widernatuerliche unzucht personen maennlichen geschlechts bestraft;-0.7875;0;2
14;Protocol_1899_03_09_02;1899;sexu;meine wende vorredner bemerkung paragrafen homosexualitaet – ausdruck gebrauchen – strafe gesetzt wissen;0.004;0;1
;;1900;;;0;0;0
15;Protocol_1901_02_21_01;1901;komitee;lautet reichstag beschliessen petition wissenschaftlichhumanitaeren komitees (abaenderung tz 175 strafgesetzbuchs – petitionsverzeichniss;0;0;0
16;Protocol_1901_02_21_01;1901;175;petition wissenschaftlichhumanitaeren komitees (abaenderung tz 175 strafgesetzbuchs – petitionsverzeichniss 161) berathung plenum;0;0;0
;;1902;;;0;0;0
17;Protocol_1903_01_21_01;1903;hirschfeld;wozu welt juden hirschfeld genossen neugebauten grundstuecke bellevuestrasse abkaufen;0.4983;0;1
18;Protocol_1904_06_11_01;1904;175;k) 19 betreffend aenderung paragraf 175 strafgesetzbuchs (nr 407 drucksachen) berichterstatter;0;0;0
19;Protocol_1905_03_30_01;1905;sexu;mietern ungewoehnlich erschien schluss anormale sexuelle veranlagung berechtigt erscheinen liess verwundern;0;0;0
20;Protocol_1905_03_31_01;1905;sexu;angelegenheit beruehrt moechte naturwissenschaftliche physiologische homosexualitaet bisexualitaet breitere oeffentliche eroerterung gerueckt;0.345;0;1
21;Protocol_1905_03_31_01;1905;sexu;ausserordentlich harten worten diejenigen beurteilt homosexuelle handlungen begehen indirekt diejenigen homosexuellen;-0.0346;0;2
22;Protocol_1905_03_31_01;1905;sexu;empfindungen dingen schweigen gemuetsleben gemuetserregungen homosexuell veranlagten homosexuell handelnden hineindenken strafgesetzbuch;0;0;0
23;Protocol_1905_03_31_01;1905;sexu;kollege thaler kommissionsbericht theorie unverantwortlichkeit kontraersexuellen beruhe groesstenteils voelligen ignorierung willensfreiheit;-0.3068;0;1
24;Protocol_1905_03_31_01;1905;sexu;aufhebung paragraf 175 vollstaendige straffreiheit homosexuelle handlungen gefordert beschraenkung gewuenscht bestrafung;-0.3534;0;5
25;Protocol_1905_03_31_01;1905;sexu;sprachgebiet 20 jahre sehr eingehend homosexualitaet beschaeftigte ausnahmslos bestaetigt bereits gelehrten;0.0854;0;1
26;Protocol_1905_03_31_01;1905;sexu;paragrafen moeglichst abzuaendern obengenannten laendern sexuelle akte personen geschlechts personen verschiedenen;0;0;0
27;Protocol_1905_03_31_01;1905;sexu;freien walten laster einschraenkung strafbarkeit homosexuellen handlungen gerechtigkeit gefordert weiblichen geschlecht;-0.2008;0;2
28;Protocol_1905_03_31_01;1905;sexu;bereits zugestanden ist allgemeinen bekannt homosexueller verkehr frauen heutigen strafgesetz strafbar;-0.3428;0;2
29;Protocol_1905_03_31_01;1905;sexu;homosexuelle verkehr maennern strafbarkeit unterliegt meineherren;-0.0048;0;1
30;Protocol_1905_03_31_01;1905;sexu;sicherheit anschwellen neigungen erwarten neigung homosexuellen geschlechtsverkehr ueben allerseltensten faellen – beweisen;0.004;0;1
31;Protocol_1905_03_31_01;1905;sexu;ungluecklichen menschen fuehren naturwissenschaft neuerdings homosexualitaet stellung sehr einfach wissenschaft erkannt;-0.293;0;3
32;Protocol_1905_03_31_01;1905;sexu;komitees grossem nachdruck grade physiologische homosexuellen fortgesetzt oeffentliche debatte geworfen mag;0.7144;0;2
33;Protocol_1905_03_31_01;1905;sexu;konstruieren person anzuerkennen gewillt mag homosexuellen wahren ideale geistig tuechtigsten hinstellt;0.6563;0;3
34;Protocol_1905_03_31_01;1905;sexu;karte empfing zeichen buchstaben mitteilen homosexuell normalsexuell bisexuell brauchte name angegeben;0;0;0
35;Protocol_1905_03_31_01;1905;sexu;geistlichen szene gesetzt ergebnis enquete heterosexuell normal sexuell empfindenden charlottenburger studentenenquete;0;0;0
36;Protocol_1905_03_31_01;1905;sexu;prozent dementsprechend ergebnis uebereinstimmend hinsichtlich sexuell normalen abweichenden betraegt charlottenburger studentenenquete;0;0;0
37;Protocol_1905_03_31_01;1905;sexu;prozent metallarbeiterenquete 43 prozent abweichenden homosexuellen charlottenburger enquete 15 prozent amsterdamer;0;0;0
38;Protocol_1905_03_31_01;1905;sexu;prozentsaetzen zutage schaetzungen ziffern die homosexuellen umfang zweigeschlechtlichen naturanlage behaupten rein;0.004;0;1
39;Protocol_1905_03_31_01;1905;sexu;zutage getreten 1 prozent maenner homosexuell erwiesen ziffern feststehend ergebnissen geradezu;0;0;0
40;Protocol_1905_03_31_01;1905;sexu;ehrenrechte moeglich macht ueberhaupt bezweifeln homosexualitaet ziemlichem umfang bestehe macht kommissionsbericht;0.016;0;4
41;Protocol_1905_03_31_01;1905;sexu;irrenanstalt vieljaehrigem wirken lr) einzigen homosexualitaet kennen gelernt meinung enqueten charlottenburg;0.2492;0;1
42;Protocol_1905_03_31_01;1905;sexu;amsterdam metallarbeitern zweifel dargetan homosexualitaet verbreiteter anzunehmen geneigt enquete festgestellten;-0.0048;0;1
43;Protocol_1905_03_31_01;1905;sexu;legt zahlen die enqueten menge homosexuell empfindenden ergeben berechnungen zu ergebnissen;0;0;0
44;Protocol_1905_03_31_01;1905;sexu;millionen einwohnern deutschland 560 000 homosexuellen deutschland 560 000 wahrscheinlich gering;-0.6621;0;1
45;Protocol_1905_03_31_01;1905;sexu;hoch angegeben weiblichen homosexuell empfindenden gerechnet frauen – anlass grunde;0.004;0;1
46;Protocol_1905_03_31_01;1905;sexu;ueberhaupt bestrafung gelangt einwand trifft homosexuellen handlungen vollsten umfange buche mitgliedern;-0.0048;0;1
47;Protocol_1905_03_31_01;1905;sexu;das ergebnis statistischen untersuchung prozentsatz homosexuellen – mitgeteilt paragraf 175 reichsstrafgesetzbuchs widernatuerlicher;-0.3064;0;1
48;Protocol_1905_03_31_01;1905;sexu;faelle 175 diejenigen persoenliches verschulden homosexuellen handlungen erblicken stutzig rein persoenliches;0.004;0;1
49;Protocol_1905_03_31_01;1905;sexu;sechsmal oefter vergehens strafrichter standen homosexualitaet berufe umfasst beweist personenstandsregister 535;0;0;0
50;Protocol_1905_03_31_01;1905;sexu;freien berufsarten 12 beruf 8 homosexualitaet geschlecht beschraenkt religion beschraenkt bestraften;-0.4867;0;4
51;Protocol_1905_03_31_01;1905;sexu;deutschland macht alter unterschied vorkommen homosexuellen handlungen statistik 15 jahren 13;-0.0008;0;2
52;Protocol_1905_03_31_01;1905;sexu;personen wenn wiederholt durchblicken laesst homosexuellen handlungen uebersaettigung lasterhaften ausschreitens zeigt;0;0;0
53;Protocol_1905_03_31_01;1905;sexu;weiss jahren – jahre 1902 statistik – homosexuellen vergehen bestraften personen gestiegen rahmens;-0.4771;0;2
54;Protocol_1905_03_31_01;1905;sexu;ungefaehren frueheren prozentsatzes wie homosexuelle handlungen begehen bestraft verschwindend geringer;-1.1432;0;2
55;Protocol_1905_03_31_01;1905;sexu;gebaut – deutschland 1 260 000 homosexuell veranlagte personen haelfte frauen 600;0;0;0
56;Protocol_1905_03_31_01;1905;sexu;000 homosexuell empfindende maennliche personen 600000 fuenftel;0;0;0
57;Protocol_1905_03_31_01;1905;sexu;strafmuendige alter 248 000 viertel homosexuelle erwachsene straf muendige maennliche personen;-0.0048;0;1
58;Protocol_1905_03_31_01;1905;sexu;deutschland 250 000 maennern woechentlich homosexuellen akt multiplikation 52 anzahl 13;0;0;0
59;Protocol_1905_03_31_01;1905;sexu;millionen homosexueller akte jaehrlich deutschland maennern begangen;0;0;0
60;Protocol_1905_03_31_01;1905;sexu;verzeichnis vorlesen vorhin hervorhob trieb homosexualitaet abhaengig alter geschlecht berufe religion;-0.0096;0;2
61;Protocol_1905_03_31_01;1905;sexu;grossen staedten kleinen kommissionsberichte strafbarkeit homosexuellen handlungen deswillen abstand handlungen gesundheit;0.0979;0;2
62;Protocol_1905_03_31_01;1905;sexu;sanitaere missstaende grossen kleinen gemeinwesen homosexuellen handlungen sehr bezeichnend satz kommissionsbericht;0.0979;0;2
63;Protocol_1905_03_31_01;1905;sexu;lautet homosexuellen ausschreitungen griechen roemern staaten aufgetreten;0;0;0
64;Protocol_1905_03_31_01;1905;sexu;annehmen wahr beweist zahlreiche auftreten homosexualitaet deutschland bezw europaeischen staaten – nicht;0.2176;0;1
65;Protocol_1905_03_31_01;1905;sexu;besser deutschland – europaeische kultur verfall homosexualitaet ursache verfalls wirkung bereits begonnenen;-0.0056;0;3
66;Protocol_1905_03_31_01;1905;sexu;gilt neuerdings anzahl faellen bekannt homosexuellen handlungen gerichtsverhandlungen gefuehrt verhandlungen enthuellen;0.008;0;2
67;Protocol_1905_03_31_01;1905;sexu;tieftraurige seelenqualen beweisen schwer homosexuellen ringen neigung gefahr strafrichter ausgeliefert;-1.0048;0;2
68;Protocol_1905_03_31_01;1905;sexu;bekannt zusammentraegt monat verhandlungen erpressung homosexuell veranlagten weise geschroepft weise seelenfrieden;0.448;0;4
69;Protocol_1905_03_31_01;1905;sexu;zurueckzufuehren find sehr faellen duerfte homosexuelle veranlagung ungluecklichen wahre die petition;-0.0834;0;2
70;Protocol_1905_03_31_01;1905;sexu;der zugetragen abweisen offenes geheimnis homosexuelle neigungen schichten bevoelkerung altersstufen geschlechtern;-0.0048;0;1
71;Protocol_1905_03_31_01;1905;sexu;kreise leiden bestraft – sehr haeufig homosexuellen handlungen hervorragendsten kreisen erstklassigen begangen;0.1451;0;4
72;Protocol_1905_03_31_01;1905;sexu;polizei bekannt greift ungerechtigkeit homosexualitaet bestraft polizei gericht verpflichtung kenntnis;-0.819;0;3
73;Protocol_1905_03_31_01;1905;sexu;hoch hoechststehenden personen polizeidirektor gewusst homosexuelle neigungen homosexuell betaetigen paragraf 175;0.004;0;1
74;Protocol_1905_03_31_01;1905;sexu;kennt diejenigen hohen hoechsten kreisen homosexuell betaetigen weiss charakterfeste uebertragen paragraf;0.004;0;1
75;Protocol_1905_03_31_01;1905;sexu;gebuehrt jahren bekannt gewordenen faellen homosexualitaet erinnere grossindustriellen rheinland essen krupp;0.004;0;1
76;Protocol_1905_03_31_01;1905;sexu;staerker wille bekannt zu laufen homosexuelle maenner namhaft wissen homosexuell veranlagte;0.02;0;5
77;Protocol_1905_03_31_01;1905;sexu;homosexuell betaetigende weilen konsequenzen mutiger von;0.3435;0;1
78;Protocol_1905_03_31_01;1905;sexu;verirrungen frueheren zeiten zaehlen naturanlage homosexualitaet zwingt untersuchungen zwingt der freie;-0.991;0;3
79;Protocol_1905_03_31_01;1905;sexu;anspruch menschen ungestoert betaetigen begreifen homosexuell veranlagte geschlechtlichen verkehr homosexuellen mehrheit;0.004;0;1
80;Protocol_1905_03_31_01;1905;sexu;gesetze heterosexuelle betaetigung geschlechtslebens anormales recht paragraf;0.004;0;1
81;Protocol_1905_03_31_01;1905;gleichgeschl;angehoerten eingeholtes gutachten abgegeben strafandrohungen gleichgeschlechtlichen verkehrs aufzuheben begruendung stehenden handlungen;0;0;0
82;Protocol_1905_03_31_01;1905;hirschfeld;wissen vorsitzende wissenschaftlich-humanitaeren komitees hirschfeld charlottenburg enquete studenten technischen hochschule;0.004;0;1
83;Protocol_1905_03_31_01;1905;hirschfeld;beantworten ausserordentlich staatsgefaehrliche handlung erblickt hirschfeld bekannten prozess anregung geistlichen szene;0.1177;0;2
84;Protocol_1905_03_31_01;1905;komitee;wildenbruch unterzeichner petition briefe humanitaere komitee geschrieben beeile ernste aufforderung beantworten;0.004;0;1
85;Protocol_1905_03_31_01;1905;komitee;hervorbringt zweifel verdienst humanitaer-wissenschaftlichen komitees grossem nachdruck grade physiologische homosexuellen;0.3686;0;3
86;Protocol_1905_03_31_01;1905;komitee;oeffentliche debatte geworfen mag humanitaere komitee regel neuen bewegungen scharf standpunkt;0.5778;0;4
87;Protocol_1905_03_31_01;1905;komitee;tuechtigsten hinstellt ausschreitungen geaendert humanitaere komitee grosse verdienst anspruch nachdruecklich angelegenheit;0.3814;0;4
88;Protocol_1905_03_31_01;1905;komitee;erregte wissen vorsitzende wissenschaftlich-humanitaeren komitees hirschfeld charlottenburg enquete studenten technischen;0.004;0;1
89;Protocol_1905_03_31_01;1905;komitee;luft gebauten berechnungen wissenschaftlichen humanitaeren komitees persoenliches verschulden ausnahmegesetz unterstellt schwersten;-0.4969;0;3
90;Protocol_1905_03_31_01;1905;komitee;handlungen strafrichter gelangen humanitaer-wissenschaftlichen komitee – rechnung luft gebaut – deutschland 1;0;0;0
91;Protocol_1905_03_31_01;1905;komitee;untersuchung entlassen beispiel monatsberichte wissenschaftlichhumanitaeren komitees grosser sorgfalt verhandlungen bekannt zusammentraegt;0.3686;0;3
92;Protocol_1905_03_31_01;1905;komitee;testaments verstorbenen polizeidirektors meerscheidthuellessem wissenschaftlichhumanitaere komitee verhindert reichen erfahrungen verstorbene polizeidirektor;0.1287;0;2
93;Protocol_1905_03_31_01;1905;komitee;wesentlichen einschraenkung testamentarisch aufschriften wissenschaftlichhumanitaeren komitee vermacht aushaendigung testaments verhindert wissenschaftlichhumanitaere;-0.2008;0;2
94;Protocol_1905_03_31_01;1905;komitee;komitee besitz testamentarisch vermachten gabe aushaendigung;0.0827;0;3
95;Protocol_1905_03_31_01;1905;komitee;fassung strafbar scheuen oeffentlichkeit wissenschaftlichhumanitaeren komitee material liefern schlimm aussehen ziehe;-0.5173;0;2
96;Protocol_1905_03_31_01;1905;komitee;aeussern reichskanzler petition wissenschaftlich humanitaeren komitees zugegangen material akten bearbeitung neuen;0.008;0;2
97;Protocol_1905_03_31_01;1905;komitee;strafgesetzes aufgespeichert reichskanzler humanitaeren komitee weite entgegengekommen petitionskommission reichstages petitionskommission;0.004;0;1
98;Protocol_1905_03_31_01;1905;komitee;ersuche antrage zuzustimmen petition humanitaerwissenschaftlichen komitees aufhebung paragraf 175 strafgesetzbuchs reichskanzler;-0.0048;0;1
99;Protocol_1905_03_31_01;1905;175;gefoerdert abstimmung petition abaenderung paragraf 175 kommission abstimmungen vornehmen petition beruecksichtigung;0.012;0;3
100;Protocol_1905_03_31_01;1905;175;grossen ungerechtigkeiten fuehren aufrechterhaltung 8 175 bereits herbeigefuehrt 8 175 aenderung;0.0315;0;3
101;Protocol_1905_03_31_01;1905;175;vollzogen wird vollstaendige aufhebung paragraf 175 vollstaendige straffreiheit homosexuelle handlungen gefordert;0.0032;0;3
102;Protocol_1905_03_31_01;1905;175;gerechtigkeit menschlichkeit jetzige fassung 8 175 reichsstrafgesetzbuchs unvereinbar fortgeschrittenen wissenschaftlichen erkenntnis;-0.0008;0;2
103;Protocol_1905_03_31_01;1905;175;betrachten gruende anerkennt ergebnis gelangen 8175 jetzigen fassung ungerechtigkeit widerspruch darstellt;-0.7034;0;3
104;Protocol_1905_03_31_01;1905;175;beseitigt kommission beseitigung einschraenkung 8 175 alle laster frei walten gemachten;-0.2104;0;4
105;Protocol_1905_03_31_01;1905;175;maennern strafbarkeit unterliegt meineherren paragraf 175 – form vorliegt – 35 jahren strafgesetz;-0.0048;0;1
106;Protocol_1905_03_31_01;1905;175;durchzulesen kommission garnicht plenum paragraf 175 debatte laengere debatte entstanden beweis;0;0;0
107;Protocol_1905_03_31_01;1905;175;176 166 – gotteslaesterung – tagelang debattiert 175 plenum stillschweigend hinweggegangen alten preussischen;-0.0048;0;1
108;Protocol_1905_03_31_01;1905;175;bemerkbar kommissionsbericht schrecken droht ss 175 gewuenschte einschraenkung angedeihen wahr beseitigung;-0.5323;0;6
109;Protocol_1905_03_31_01;1905;175;gefahr laufen persoenliche schuld naturanlage 175 strafrichter gezogen sehr empfindlich bestraft;-2.4497;0;3
110;Protocol_1905_03_31_01;1905;175;wissen strafgesetz paragraf 175 gefaengnisstrafe erkennt aberkennung buergerlichen ehrenrechte;0.004;0;1
111;Protocol_1905_03_31_01;1905;175;zustand 1 million menschen paragraf 175 strafe bedrohen persoenliches verschulden beigemessen;-0.3408;0;1
112;Protocol_1905_03_31_01;1905;175;untersuchung prozentsatz homosexuellen – mitgeteilt paragraf 175 reichsstrafgesetzbuchs widernatuerlicher unzucht deutschland bestraft;-0.7875;0;2
113;Protocol_1905_03_31_01;1905;175;unterschiede wiederholt bestrafung gelangenden faelle 175 diejenigen persoenliches verschulden homosexuellen handlungen;-0.0048;0;1
114;Protocol_1905_03_31_01;1905;175;einzelnen oberlandesgerichtsbezirke verurteilungen vergehens ss 175 verteilen verzeichnis vorlesen vorhin hervorhob;-0.0048;0;1
115;Protocol_1905_03_31_01;1905;175;prozesse haengt anstrengung prozessen tz 175 zufaellen – grossstaedten prozesse ursachen anhaengig;-0.0048;0;1
116;Protocol_1905_03_31_01;1905;175;welch ausserordentliches elend gerichtsverhandlungen tz 175 notwendig macht einzelne familien hoffentlich;-0.0836;0;3
117;Protocol_1905_03_31_01;1905;175;gelingt ungluecklichen z175 befreien ausnahmen gerechterweise zugestanden ungluecklichen;-0.598;0;3
118;Protocol_1905_03_31_01;1905;175;vergnuegen ergreife gelegenheit bett umaenderung 175 mitzuwirken bedenklichkeit prozess erwachsenen schuelers;0.1838;0;1
119;Protocol_1905_03_31_01;1905;175;bevoelkerung altersstufen geschlechtern berufsarten paragraf 175 gesellschaftlich hochstehenden kreise leiden bestraft;-0.6407;0;2
120;Protocol_1905_03_31_01;1905;175;polizeidirektor aktenmaterial zusammengestellt aufhebung paragraf 175 wesentlichen einschraenkung testamentarisch aufschriften wissenschaftlichhumanitaeren;-0.2096;0;2
121;Protocol_1905_03_31_01;1905;175;homosexuelle neigungen homosexuell betaetigen paragraf 175 strafgesetzbuchs jetzigen fassung strafbar scheuen;-0.3468;0;1
122;Protocol_1905_03_31_01;1905;175;find jetzigen nichtszustande jetzigen fassung paragraph175 schwer leiden aufzutreten weiss ungerecht;-0.9488;0;3
123;Protocol_1905_03_31_01;1905;175;bestraft wofuer mensch verantwortlich paragraf 175 neue strafgesetz erlassen jetzigen fassung;-0.4731;0;3
124;Protocol_1905_03_31_01;1905;175;betaetigung geschlechtslebens anormales recht paragraf 175 jetzigen fassung aufrecht erhalten paragraf;0.012;0;3
125;Protocol_1905_03_31_01;1905;175;175 wirkungslos verschwindender bruchteil hierher gehoerigen;-0.0008;0;2
126;Protocol_1905_03_31_01;1905;175;bruchteil einzigen prozents bestrafung gelangt paragraph175 ungerecht frau handlungen strafe laesst;-0.7892;0;2
127;Protocol_1905_03_31_01;1905;175;manne bestraft paragraf 175 unwissenschaftlich voraussetzung sachen wissenschaftlich widerlegt;-0.8263;0;2
128;Protocol_1905_03_31_01;1905;175;kurz gut stichhaltigen beibehaltung paragraf 175 jetzigen fassung spricht bringt petition;0.3668;0;2
129;Protocol_1905_03_31_01;1905;175;petition humanitaerwissenschaftlichen komitees aufhebung paragraf 175 strafgesetzbuchs reichskanzler beruecksichtigung ueberweisen;-0.0048;0;1
130;Protocol_1905_03_31_01;1905;widernat;vollstaendige beseitigung – petition verlangt lautet widernatuerliche unzucht personen maennlichen geschlechts menschen;-0.3072;0;3
131;Protocol_1905_03_31_01;1905;widernat;petition bestimmung getroffen wissen inhalts widernatuerliche unzucht bestrafen anwendung gewalt personen;-1.3198;0;4
132;Protocol_1905_03_31_01;1905;widernat;homosexuellen – mitgeteilt paragraf 175 reichsstrafgesetzbuchs widernatuerlicher unzucht deutschland bestraft jahre 1900;-0.7875;0;2
133;Protocol_1905_03_31_02;1905;sexu;resultaten gezeitigt wuerdigen beweis geliefert homosexualitaet ausfluss allgemeinen naturgesetzes gut naturgemaess;0.4517;0;2
134;Protocol_1905_03_31_02;1905;sexu;naturanlage magnus hirschfeld unterscheidet jahrbuch sexuelle zwischenstufen jahrgang meinungen kontraere sexualempfindung;0;0;0
135;Protocol_1905_03_31_02;1905;sexu;ergebnis gepriesenen wissenschaft hoeren demgegenueber homosexualitaet ueberhaupt male wissenschaftlich aufzurollen bestrebt;0;0;0
136;Protocol_1905_03_31_02;1905;sexu;degeneration naturwidrigkeit festhalten caspar anschauung homosexualitaet naturgemaess befindet sohin zweifellos widerspruche;-0.3655;0;1
137;Protocol_1905_03_31_02;1905;sexu;alle arzte stimmen ueberein kontraere sexualempfindung krankhafte erscheinung leichteren grades eigentliche;0.004;0;1
138;Protocol_1905_03_31_02;1905;sexu;maennlichen weiblichen individuum erscheinung kontraere sexualempfindung behaftete individuum prinzipieller unerregbarkeit geschlecht;0;0;0
139;Protocol_1905_03_31_02;1905;sexu;moeglichkeit heterosexueller befriedigung besitzt westphal fasst kontraere;0.012;0;3
140;Protocol_1905_03_31_02;1905;sexu;sexualempfindung teilerscheinung neuropathischer psychopathischer zustaende zumeist;0;0;0
141;Protocol_1905_03_31_02;1905;sexu;leidensgenossen ergriffen haelt urningsliebe berechtigt heterosexuelle verlangt – – aufhebung strafbestimmungen staatliche genehmigung;-0.0008;0;2
142;Protocol_1905_03_31_02;1905;sexu;ehen mitgliedern geschlechts heutigen kontraersexual empfindenden maenner unverhaeltnismaessig gross angibt;0.3646;0;2
143;Protocol_1905_03_31_02;1905;sexu;krafftebing 86xuaeue8 1898 schrift der kontraersexuelle strafrichter 1894 mitgeteilt foermliches system;0;0;0
144;Protocol_1905_03_31_02;1905;sexu;stoerungen entworfen unterscheidet angeboren erworbener homosexualitaet standpunkt neueren verlassen beweis sicherheit;-0.3489;0;3
145;Protocol_1905_03_31_02;1905;sexu;reizzustaende versetzt reinen faelle – hoche – kontraersexuellen – stoesst angeborenen abnormen triebs allgemeinen;-0.3523;0;2
146;Protocol_1905_03_31_02;1905;sexu;psychiater stimmt ueberein angeborene abnorme sexuelle veranlagung entstehung kontraersexueller neigungen gehirn;0;0;0
147;Protocol_1905_03_31_02;1905;sexu;besser einzelne leidet gesamtheit gerechtfertigt kontrasexualen arten befriedigung strafe abzuschneiden gesamtheit;-0.1476;0;4
148;Protocol_1905_03_31_02;1905;sexu;einzugehen – huepeden schluffe erwiesen angeborene kontrasexualitaet hauptursache paederastie kontrasexualitaet begruendet straflosigkeit;-0.0048;0;1
149;Protocol_1905_03_31_02;1905;sexu;strenge form kontrasexualitaet laesst gelehrte ursache straflosigkeit – tritt;-0.3571;0;1
150;Protocol_1905_03_31_02;1905;sexu;strafrechtliche verantwortlichkeit angezweifelt raffaelowitsch entwicklung homosexualitaet gerichtssaal band 43 110 tadelt;-0.3234;0;1
151;Protocol_1905_03_31_02;1905;sexu;kontraeren perversen bereitwillig aufnehme meint homosexuellen luegner kindheit sprechen rein waschen;-0.4727;0;2
152;Protocol_1905_03_31_02;1905;sexu;schriften verkehrtheit gelesen literatur jahrbuchs sexuelle zwischenstufen erinnert gewohnheitsdiebe lebenslaenglich verwahren;0;0;0
153;Protocol_1905_03_31_02;1905;sexu;arbeitshaeuser stecken trunkenbolde trinkerheilanstalten entmuendigen – kontraersexuelle aergernis mitbuerger steten gefahr ansteckung;-1.3357;0;2
154;Protocol_1905_03_31_02;1905;sexu;taetigkeit reichte petition komitee anhaenger kontraersexuellen gerichtliche straflosigkeit soziale freiheit staatliche;0.004;0;1
155;Protocol_1905_03_31_02;1905;sexu;anerkennung grunde anschauung homosexualitaet rein natuerliche erscheinung anschauung falsch;-0.6723;0;3
156;Protocol_1905_03_31_02;1905;sexu;angedeutet natur homosexualitaet dienst fortpflanzung erhaltung gestellt erscheint;0;0;0
157;Protocol_1905_03_31_02;1905;sexu;anschauung komitees unnatuerlich widersprechend bezeichnet homosexualitaet formales gewissen entwicklungsstadien begruendetes anormales;0;0;0
158;Protocol_1905_03_31_02;1905;sexu;pathologisches humanitaere komitee homosexuelle betaetigung erlaubt erklaert autoren gegangen;0.012;0;3
159;Protocol_1905_03_31_02;1905;sexu;komitee stuetzt krafftebing schrift der kontraersexuale strafrichter 1894 hinsichtlich sodomia raiiollc;0.004;0;1
160;Protocol_1905_03_31_02;1905;sexu;sexus laster hielt unverschuldetes gebrechen justiz;-0.3251;0;1
161;Protocol_1905_03_31_02;1905;sexu;grausam in gewissen faellen kscllopatllia sexualis 10 auflage 1898 medizinische wissenschaft;-0.625;0;1
162;Protocol_1905_03_31_02;1905;sexu;rechts) eulenburg realenzyklopaedie bemerkt kontraerer sexualitaet leidenden hoeher geringe beschriebenen faelle;-0.6669;0;2
163;Protocol_1905_03_31_02;1905;sexu;scheusslichkeit – bloch beitraege antiologie ksolloxatliia sexualis 1902 gaenzliche aufhebung paragraf 175;-0.0096;0;2
164;Protocol_1905_03_31_02;1905;sexu;alledem folgendem resultat lehre kontraeren sexualempfindung bestrittene wissenschaftlich begruendet schliesst strafbarkeit;-0.211;0;1
165;Protocol_1905_03_31_02;1905;sexu;anschauungen schuetzen handlung gefaehrdet trifft homosexuellen handlung zweifellos homosexualitaet blosse unsittlichkeit;-0.5006;0;1
166;Protocol_1905_03_31_02;1905;sexu;feuerbach lehrbuch 14 aust 467 homosexualitaet erschuettert grundlagen staates erschuettert familie;-0.0096;0;2
167;Protocol_1905_03_31_02;1905;sexu;bestrafung wirkt abschreckend verhindert verbreitung homosexualitaet homosexualitaet rueckgang bevoelkerung verursacht raeumen;-0.2634;0;3
168;Protocol_1905_03_31_02;1905;sexu;freunde humanitaeren komitees  hans fischer homosexualitaet psychologische erscheinung berlin 1904 kurnig;0.0156;0;2
169;Protocol_1905_03_31_02;1905;sexu;der neonihilismus anti  militarismus sexualleben (ende menschheit) leipzig 1901 nennen;0;0;0
170;Protocol_1905_03_31_02;1905;sexu;recht deutlich erkennen laesst bestrebungen homosexuellen fuehren homosexuelle verkehr gefaehrdet sittlichkeit;-0.4926;0;3
171;Protocol_1905_03_31_02;1905;sexu;seele kinder schwachen vergiftet umsichgreifen homosexualitaet waechst gefahr allgemeinen degeneration menschengeschlechts;-1.9206;0;2
172;Protocol_1905_03_31_02;1905;sexu;erschreckende anwachsen flut homosexueller schmutz literatur deutlich beweist gaenzliche;-0.1086;0;2
173;Protocol_1905_03_31_02;1905;sexu;aushebung 175 gleichbedeutend offiziellen sanktionierung homosexualitaet gleichsetzung normalen verkehr weib bloch;0;0;0
174;Protocol_1905_03_31_02;1905;sexu;anlass strafbestimmung paragraph175 aufrecht erhalten homosexuale verkehr unsittlichkeit tiefsten grunde herzens;0.008;0;2
175;Protocol_1905_03_31_02;1905;gleichgeschl;deutschen staaten bieten lautes zeugnis gleichgeschlechtlichen verkehr schwere sittliche verirrung strafbare;-0.3516;0;2
176;Protocol_1905_03_31_02;1905;gleichgeschl;laxen gingen griechen auftauchenden auffassung gleichgeschlechtliche verkehr naturanlage entspringe naturnotwendig billigen;-0.2842;0;1
177;Protocol_1905_03_31_02;1905;gleichgeschl;standpunkt moralischen verwerflichkeit krimineller strafbarkeit gleichgeschlechtlicher handlungen entscheidung staat berechtigt laster;-0.4652;0;2
178;Protocol_1905_03_31_02;1905;eulenburg;koerperlichgeistigen gebrechens (hoert hoert rechts) eulenburg realenzyklopaedie bemerkt kontraerer sexualitaet leidenden;-0.3299;0;2
179;Protocol_1905_03_31_02;1905;hirschfeld;wissenschaft darstellen wissenschaft deretwillen  magnus hirschfeld humanitaerwissenschaftlichen komitee welt verlangt tausendjaehrigen;0;0;0
180;Protocol_1905_03_31_02;1905;hirschfeld;ursache erblicken ursache naturanlage magnus hirschfeld unterscheidet jahrbuch sexuelle zwischenstufen jahrgang;0;0;0
181;Protocol_1905_03_31_02;1905;hirschfeld;thiele zitierten vielfachen enqueten  magnus hirschfeld juengst veranstaltet gerichtliche bestrafung eingetragen;-0.0048;0;1
182;Protocol_1905_03_31_02;1905;hirschfeld;beruehmte humanitaerwissenschaftliche komitee spitze magnus hirschfeld charlottenburg entfaltet ungemeine taetigkeit reichte;0.3267;0;1
183;Protocol_1905_03_31_02;1905;komitee;wissenschaft deretwillen  magnus hirschfeld humanitaerwissenschaftlichen komitee welt verlangt tausendjaehrigen grundsaetze resultate;0;0;0
184;Protocol_1905_03_31_02;1905;komitee;geschichte einfach papierkorb werfen humanitaerwissenschaftliche komitee verlangt beruecksichtigung wissenschaft vertreter worte;0.004;0;1
185;Protocol_1905_03_31_02;1905;komitee;grunde standpunkt neuesten jahrbuche humanitaeren komitees 1904 6 entschieden aufgegeben heisst;0.008;0;2
186;Protocol_1905_03_31_02;1905;komitee;paragraf 175 bildete beruehmte humanitaerwissenschaftliche komitee spitze magnus hirschfeld charlottenburg entfaltet;0.3267;0;1
187;Protocol_1905_03_31_02;1905;komitee;ungemeine taetigkeit reichte petition komitee anhaenger kontraersexuellen gerichtliche straflosigkeit soziale;0;0;0
188;Protocol_1905_03_31_02;1905;komitee;fortpflanzung erhaltung gestellt erscheint anschauung komitees unnatuerlich widersprechend bezeichnet homosexualitaet formales;0;0;0
189;Protocol_1905_03_31_02;1905;komitee;entwicklungsstadien begruendetes anormales pathologisches humanitaere komitee homosexuelle betaetigung erlaubt erklaert autoren;0.012;0;3
190;Protocol_1905_03_31_02;1905;komitee;gegangen anschauungen komitee stuetzt krafftebing schrift der kontraersexuale;0.004;0;1
191;Protocol_1905_03_31_02;1905;komitee;raeumen erschreckender offenheit freunde humanitaeren komitees  hans fischer homosexualitaet psychologische erscheinung;-0.0388;0;3
192;Protocol_1905_03_31_02;1905;urani;kapazitaet monographie das paradoxon venus urania 1869 paederastie zeiten voelkern geschlechtlichen;0;0;0
193;Protocol_1905_03_31_02;1905;urni;ehemaliger hannoeverischer assessor spricht male urningen persoenlich gekannt wuerzburg studierte lief;0;0;0
194;Protocol_1905_03_31_02;1905;urni;vorstelle brauche ehemaligen hannoeverischen assessor urning ulrichs erinnern hohlen scheuen blickes;0;0;0
195;Protocol_1905_03_31_02;1905;urni;strassen herumschlich (heiterkeit) ulrichs spricht urningen bezugnehmend stelle platos gastmahl aphroditen;0;0;0
196;Protocol_1905_03_31_02;1905;urni;auszeichnen angeblichen leidensgenossen ergriffen haelt urningsliebe berechtigt heterosexuelle verlangt – – aufhebung strafbestimmungen;-0.0008;0;2
197;Protocol_1905_03_31_02;1905;urni;bedingt besondere anthropologisch verschiedene menschenklasse urninge nachgewiesen anerkennen – erklaert gelehrte –betrachten;0.012;0;3
198;Protocol_1905_03_31_02;1905;urni;verlassen ulrichs verschwinden kaufen 25000 urningen – 25 000 1200 000 – nordpol;-0.3588;0;1
199;Protocol_1905_03_31_02;1905;urni;strafrechtlich verfolgt lÂ«as tersnaea urninge sehnlicher aufhebung paragraf 175 gesetzgeber;-0.0048;0;1
200;Protocol_1905_03_31_02;1905;urni;homosexualitaet psychologische erscheinung berlin 1904 kurnig der neonihilismus anti  militarismus sexualleben;0;0;0
201;Protocol_1905_03_31_02;1905;urni;menschheit) leipzig 1901 nennen philosophie kurnigs gipfelt satze leben wille dasein;0.004;0;1
202;Protocol_1905_03_31_02;1905;175;erklaert gelehrte –betrachten fortbestehen paragraf 175 unbedenklich geheime medizinalrat huepeden gerichtssaal;0.004;0;1
203;Protocol_1905_03_31_02;1905;175;benutzte schriften krafftebing agitation paragraf 175 bildete beruehmte humanitaerwissenschaftliche komitee spitze;0.3219;0;2
204;Protocol_1905_03_31_02;1905;175;tersnaea urninge sehnlicher aufhebung paragraf 175 gesetzgeber leicht verstehen bedenkt paederastie;0.0989;0;4
205;Protocol_1905_03_31_02;1905;175;sexualis 1902 gaenzliche aufhebung paragraf 175 unheilvollsten folgen begleitet – schrenknotzing reformbeduerftigkeit;-0.0096;0;2
206;Protocol_1905_03_31_02;1905;175;8 175 gruende schwerer gewicht fallen medizinische;-0.2201;0;2
207;Protocol_1905_03_31_02;1905;175;falle umstaenden beweisen aufhebung ss 175 erscheint notwendig genuegen ergebnisse medizinischen;-0.2201;0;2
208;Protocol_1905_03_31_02;1905;175;literatur deutlich beweist gaenzliche aushebung 175 gleichbedeutend offiziellen sanktionierung homosexualitaet gleichsetzung;0;0;0
209;Protocol_1905_03_31_02;1905;175;1902 umstaenden besteht anlass strafbestimmung paragraph175 aufrecht erhalten homosexuale verkehr unsittlichkeit;0.012;0;3
210;Protocol_1905_03_31_02;1905;175;staatsinteressen allgemeinen wohlfahrt bleibe paragraf 175 geltung schutz bedrohten sitten kraft;-0.3328;0;3
211;Protocol_1905_03_31_02;1905;sodom;der kontraersexuale strafrichter 1894 hinsichtlich sodomia raiiollc sexus laster hielt unverschuldetes;0;0;0
212;Protocol_1905_03_31_02;1905;sodom;wissenschaft interesse krankhafter naturanlage resultierenden sodomitischen handlungen strafrechtlich verfolgt lÂ«as;0.004;0;1
213;Protocol_1905_03_31_03;1905;sexu;geaeussert jahren bekannt gewordenen faellen homosexualitaet erinnere grossindustriellen rheinland essen krupp;0.004;0;1
214;Protocol_1905_03_31_04;1905;sexu;wichtiger beibehaltung paragraf 175 agitation homosexuellen betreiben unterdruecken agitation neuerdings derartigen;-0.1099;0;4
215;Protocol_1905_03_31_04;1905;sexu;missbilligen gescheut studenten anfrage zuzuschicken homosexuell veranlagt fuehlen (sehr richtig) agitation;-0.0048;0;1
216;Protocol_1905_03_31_04;1905;175;meine laesst verkennen paragraf 175 sehr geeignet krankhaften neigungen bekaempfen;0.1006;0;1
217;Protocol_1905_03_31_04;1905;175;unterdruecken fallen paragraf 175 verhaeltnismaessig faelle mehrzahl faelle straffrei;-0.6978;0;2
218;Protocol_1905_03_31_04;1905;175;bleibt ss 175 gewisse kritik ueben sehr wichtiger;-0.1486;0;2
219;Protocol_1905_03_31_04;1905;175;beibehaltung paragraf 175 agitation homosexuellen betreiben unterdruecken agitation;-0.4921;0;3
220;Protocol_1905_03_31_04;1905;175;agitation dingen unterdrueckt handelte paragraf 175 strafgesetzbuchs zweckentsprechend ere bestimmungen ersetzt;-0.4873;0;2
221;Protocol_1905_03_31_04;1905;175;petenten vielmehr standpunkte faellen paragraf 175 berechtigte neigungen handele bekaempfung neigungen;0;0;0
222;Protocol_1905_03_31_05;1905;sexu;gleichmaessig verfahren vorwiegend gegner auffassung homosexualitaet naturanlage vorgebracht sodass diejenigen aufhebung;-0.3488;0;2
223;Protocol_1905_03_31_05;1905;175;vorgebracht sodass diejenigen aufhebung paragraf 175 eintreten kurz moechte dingen verwahrung;0.3354;0;3
224;Protocol_1905_03_31_05;1905;175;handelt unglueckliche veranlagung standpunkt ss 175 aufrecht erhalten einzige vorteil bringt;-0.289;0;4
225;Protocol_1905_03_31_06;1905;175;elbst entfernt diejenigen seitigung paragraf 175 bezw moeglichst guenstige behandlung vorliegenden;0.0946;0;1
226;Protocol_1905_03_31_06;1905;175;bedeutung anzuerkennen ergebnis beseitigung paragraf 175 spricht kurze beschraenke vermeidung missverstaendnisse;-0.4908;0;6
227;Protocol_1905_03_31_07;1905;sexu;handlung erlaubt unerlaubt verwechsele paederastie homosexualitaet veraltete begriffe identisch erklaeren (heiterkeit;-0.5078;0;3
228;Protocol_1905_03_31_07;1905;sexu;jahren 1815 1873 neuen strafgesetzbuch homosexuelle verkehr strafbar menschenalter meine unterlassung;-0.3476;0;3
229;Protocol_1905_03_31_07;1905;sexu;moeglich zeigen hannover bayern straflosigkeit homosexuellen verkehrs jahren 1815 1873 derartiges;0.004;0;1
230;Protocol_1905_03_31_07;1905;sexu;dessentwillen mindere achtung entgegenzubringen veranlagt normalsexuellen ueberbleibsel furcht bruch endlich falsch;-1.1651;0;3
231;Protocol_1905_03_31_07;1905;sexu;anerkannten auffassung unterschied ehrenmann er homosexuell veranlagt augen charakters ehrenmannes entkleidet;0.0785;0;1
232;Protocol_1905_03_31_07;1905;sexu;einzigen satze gewisse interessierende faelle homosexualitaet kennen lernen diskretion vertretern aufhebung;0.2444;0;2
233;Protocol_1905_03_31_07;1905;sexu;einfach provozieren rueckhaltlos oeffentlichkeit bekannt homosexuelle neigung meinung betaetigen testament verstorbenen;-0.3249;0;4
234;Protocol_1905_03_31_07;1905;sexu;naturanlage herr kollege damm agitation homosexuellen geeignet moral untergraben weiss agitation;0.0902;0;5
235;Protocol_1905_03_31_07;1905;hirschfeld;klaren unantastbaren beweises umgeben erklaert hirschfeld moll krafft ebing die bewegung;0.012;0;3
236;Protocol_1905_03_31_07;1905;hirschfeld;theorie vervollstaendigen masse erfahrung krafftebing hirschfeld ansicht einzelfrage geaendert geringere glaubwuerdigkeit;-0.6541;0;3
237;Protocol_1905_03_31_07;1905;komitee;unterrichtet grosse mehrzahl petition gerichtet komitee vornherein wissen stellung einnehmen bereit;0.3814;0;4
238;Protocol_1905_03_31_07;1905;komitee;verstorbenen polizeidirektors meerscheidt – huellessem humanitaeren komitee uebergeben genannt bekannt paragraf 175;0.008;0;2
239;Protocol_1905_03_31_07;1905;komitee;weiss agitation gefaellt ausfuehrungen humanitaere komitee uebertrieben zweifel bewegung sympathisch antipathisch;0.6679;0;6
240;Protocol_1905_03_31_07;1905;komitee;bewegung eigen gewiss beispielsweise humanitaere komitee ohren verfehlen drucksachen offenem couvert;-0.0333;0;2
241;Protocol_1905_03_31_07;1905;komitee;leopold haffner mainz brief wissenschaftlichhumanitaere komitee hingewiesen dass 175 straffreiheit christentum;0;0;0
242;Protocol_1905_03_31_07;1905;175;unwichtiges moment bestrebungen einschraenkung paragraf 175 unterstuetzt kollege thaler paar male;-0.5441;0;3
243;Protocol_1905_03_31_07;1905;175;kennen lernen diskretion vertretern aufhebung 175 streng eingehalten akuten faellen dementieren;-0.1087;0;4
244;Protocol_1905_03_31_07;1905;175;komitee uebergeben genannt bekannt paragraf 175 bestraft zweck leugnen leugnen stelle;-1.4495;0;4
245;Protocol_1905_03_31_07;1905;175;vorliegen feld fuehren aenderung aufhebung 175 verweise bischof paul leopold haffner;-0.0008;0;2
246;Protocol_1905_03_31_07;1905;175;brief wissenschaftlichhumanitaere komitee hingewiesen dass 175 straffreiheit christentum streng verbotener geschlechtshandlungen;-0.7228;0;2
247;Protocol_1905_03_31_07;1905;175;bischof haffner mainz die aufhebung 175 vollstaendig berechtigt anerkennen diejenigen die;0.0032;0;3
248;Protocol_1905_03_31_07;1905;175;meinetwegen anthropologischen grundsaetzen verstoesst fassung 175 zweifel sozialdemokraten strafgesetzbuch paragrafen gefaehrlicher;-0.9935;0;3
249;Protocol_1905_03_31_07;1905;175;verhaengnisvoller ungerechter erscheinen paragraf 175 hindern gesetzesaenderung einzutreten berechtigt halte;-1.1174;0;2
250;Protocol_1905_03_31_07;1905;175;stoerer untergraber sittlichkeit hingestellt paragraf 175 rueckstaenden mittelalter gesetzgebung endgueltig brechen;-0.8621;0;2
251;Protocol_1905_03_31_07;1905;175;einschraenkung paragraf 175 derartiger schnitt bitten zuzustimmen;-0.2048;0;1
252;Protocol_1905_03_31_08;1905;sexu;hirschfeld broschuere paragraf 175 reichsstrafgesetzbuchs – homosexuelle urteile zeitgenossen – leipzig verlag max;0;0;0
253;Protocol_1905_03_31_08;1905;sexu;belegstellen verwertbar bischofs haffner unterstuetzung homosexueller betaetigung aussprechen einzige stelle werke;0.004;0;1
254;Protocol_1905_03_31_08;1905;hirschfeld;bischof haffner schriften behandelt bestrebungen hirschfeld zustimmend gegenuebergestanden vielmehr in gebiet;0.004;0;1
255;Protocol_1905_03_31_08;1905;hirschfeld;laesst nachgelassenen papieren haffners feststellen hirschfeld broschuere paragraf 175 reichsstrafgesetzbuchs – homosexuelle;0;0;0
256;Protocol_1905_03_31_08;1905;175;gestellt lautet es erscheint paragraf 175 inkonsequenz beseitigung recht gefordert allemmeine;-0.0463;0;3
257;Protocol_1905_03_31_08;1905;175;zustimmendes saetzchen agitation zwecke aufhebung 175 jahren geradezu groben unfug treibt;-0.6985;0;4
258;Protocol_1905_03_31_08;1905;175;haffners feststellen hirschfeld broschuere paragraf 175 reichsstrafgesetzbuchs – homosexuelle urteile zeitgenossen – leipzig;0;0;0
259;Protocol_1905_03_31_08;1905;175;namensunterschrift bestaetigen bemerkt ob abaenderung 175 gruenden humanitaet empfiehlt lasse dahingestellt;0.0894;0;2
260;Protocol_1905_03_31_08;1905;175;ueberhaupt sehr mild erscheint paragraf 175 inkonsequenz beseitigung recht gefordert reellen;0.284;0;4
261;Protocol_1905_03_31_08;1905;widernat;sinn kontextes moderne gesetzgebung streng widernatuerlichen homogenen unzucht unnatuerliche unzucht bestrafen;-0.9119;0;5
262;Protocol_1905_03_31_10;1905;sexu;standen leipziger volkszeitung behauptungen vorwaerts homosexuellen verkehr krupps unrichtig kellner berlin;0;0;0
263;Protocol_1905_03_31_10;1905;komitee;thaler unzweifelhaft bischof haffner humanitaeren komitee geforderte abaenderung paragraf 175;0.008;0;2
264;Protocol_1905_03_31_10;1905;175;erwaehnt egal haffner beseitigung paragraf 175 angefuehrt zentrum partei nahestehende personen;-0.0048;0;1
265;Protocol_1905_03_31_10;1905;175;freundliche stellung aufhebung paragraf 175 einnehmen glaubt kollege thaler beweisen;0.6014;0;3
266;Protocol_1905_03_31_10;1905;175;unmoeglich kuemmere notwendigkeit aenderung paragraf 175 mindesten verstaerkt bischof anerkennt kollege;-0.1463;0;4
267;Protocol_1905_03_31_10;1905;175;haffner beseitigung einschraenkung verschaerfung paragraf 175 ausdehnung weibliche geschlecht reden petition;-0.2096;0;2
268;Protocol_1905_03_31_10;1905;175;humanitaeren komitee geforderte abaenderung paragraf 175;0.004;0;1
269;Protocol_1905_03_31_11;1905;hirschfeld;tagesordnung petition 369 di mod hirschfeld charlottenburg genossen aufhebung 8 strafgesetzbuchs;0.4935;0;2
270;Protocol_1905_05_12_01;1905;widernat;stimme vollstaendig kollegen roeren – menschen widernatuerlichen reiz geschlechtlichen literatur anschauen nuditaeten;-0.3024;0;2
271;Protocol_1906_03_03_01;1906;sexu;ganz angeboten bilder homosexualitaet maennern frauen kemmer pruefung 1299;0.0711;0;1
272;Protocol_1906_03_03_01;1906;sexu;verschiedene weibliche homosexuelle bilder 274 maennliche gelegen anzeigeblatt;0;0;0
273;Protocol_1907_03_02_01;1907;eulenburg;philister umgebracht liebenberg (zuruf sozialdemokraten eulenburg) – liebenberg (heiterkeit) – dritten kanzler ungeheuer;-0.0048;0;1
274;Protocol_1907_03_02_01;1907;philist;beschwert moebel hinausbringen zweiten kanzler philister umgebracht liebenberg (zuruf sozialdemokraten eulenburg;-0.0413;0;1
275;Protocol_1907_11_28_01;1907;eulenburg;norddeutschen allgemeinen zeitung angriffen fuersten eulenburg norddeutsche allgemeine zeitung verschiedene zeitungen;-0.212;0;1
276;Protocol_1907_11_28_01;1907;harden;wenden abgeordnete spahn einzelheiten prozesses moltkeharden zustaende armee gesprochen (bravo rechts;0.004;0;1
277;Protocol_1907_11_28_01;1907;harden;entschiedenheit (bravo rechts) gewiss prozess moltkeharden sittliche verfehlungen einzelner glaubhaft ekel;-0.4668;0;2
278;Protocol_1907_11_28_01;1907;moltke;wenden abgeordnete spahn einzelheiten prozesses moltkeharden zustaende armee gesprochen (bravo rechts;0.004;0;1
279;Protocol_1907_11_28_01;1907;moltke;entschiedenheit (bravo rechts) gewiss prozess moltkeharden sittliche verfehlungen einzelner glaubhaft ekel;-0.4668;0;2
280;Protocol_1907_11_28_01;1907;sodom;lande schoenes vorbild deutsche volk sodom deutschen armee herrschen zustaende sinkenden;0.0081;0;1
281;Protocol_1907_11_28_01;1907;kamarill;seele gesprochen (lebhaftes bravo) thema kamarilla moechte versuch abgeordneten spahn wenden;0.345;0;1
282;Protocol_1907_11_28_01;1907;kamarill;notiz sinne anzuhaengen entrefilet thema kamarilla allgemeine beachtung jahre stelle kamarilla;0.004;0;1
283;Protocol_1907_11_28_01;1907;kamarill;deutsches kamarilla fremde giftpflanze versucht giftpflanze deutschland;-0.4939;0;1
284;Protocol_1907_11_28_01;1907;kamarill;negationen ergeben bejahung eingefallen vorhandensein kamarillen deutschen fuerstenhoefen vergangenheit abrede leugnung;0;0;0
285;Protocol_1907_11_28_01;1907;kamarill;geschichtlichen existenz kamarilla deutschland halbes mund gelegt leipziger;0;0;0
286;Protocol_1907_11_28_01;1907;kamarill;hamburgamerikalinie ballin male sah sprach ballinkamarilla (heiterkeit) denke leugnen hoefische kamarillen;-0.4862;0;1
287;Protocol_1907_11_28_01;1907;kamarill;favoritenwirtschaft vorigen jahrhunderts monarch beschaffen kamarilla entwickeln einfluss gewinnen – einflusslose kamarilla;0.004;0;1
288;Protocol_1907_11_28_01;1907;kamarill;ueberhaupt kamarilla voraussetzung gedeihen giftpflanze abgeschlossen unselbstaendigkeit;0.2206;0;2
289;Protocol_1907_11_28_01;1907;kamarill;vorgeworfen denke gerede geraune gefluester kamarilla endlich einzustellen (sehr gut) werfen;0;0;0
290;Protocol_1907_11_28_01;1907;kamarill;angriffe intrigen schuetzen aufloesung reichstags kamarilla intrigen allsolchem zeug allermindeste (sehr;-0.2168;0;2
291;Protocol_1907_11_28_02;1907;175;ausreichen unsererseits bereit verschaerfung paragraf 175 erwaegung (sehr richtig rechts) besonders;0.012;0;3
292;Protocol_1907_11_28_02;1907;widernat;meine widernatuerlichen verfehlungen denke genau kollege heckscher;-0.3072;0;3
293;Protocol_1907_11_28_03;1907;eulenburg;nahrung hat endlich aussage fuersten eulenburg aeusserungen majestaet hohenlohe sicherheit verloren;-0.385;0;3
294;Protocol_1907_11_28_03;1907;harden;tiefbedauerlichen eindruck hinterlassen prozess moltke harden (sehr wahr) kamarillagerede norddeutsche allgemeine;0.004;0;1
295;Protocol_1907_11_28_03;1907;harden;eingreifen dankbar (bravo mitte) prozess moltkeharden entlassung anschloss offizier verfuegbare raeume;0.0806;0;2
296;Protocol_1907_11_28_03;1907;harden;kaserne verkehr beschraenken einzelne garderegiment harden vielmehr behauptet kavallerieregimenter preussen verseucht;-0.0048;0;1
297;Protocol_1907_11_28_03;1907;moltke;sommer tiefbedauerlichen eindruck hinterlassen prozess moltke harden (sehr wahr) kamarillagerede norddeutsche;0.004;0;1
298;Protocol_1907_11_28_03;1907;moltke;eingreifen dankbar (bravo mitte) prozess moltkeharden entlassung anschloss offizier verfuegbare raeume;0.0806;0;2
299;Protocol_1907_11_28_03;1907;kamarill;prozess moltke harden (sehr wahr) kamarillagerede norddeutsche allgemeine zeitung nahrung hat;0;0;0
300;Protocol_1907_11_28_04;1907;harden;moechte meinerseits kurzes prozess moltke harden reden ekel abscheu deutsche volk;-0.1218;0;3
301;Protocol_1907_11_28_04;1907;harden;geschehen gerichtliches verfahren faellen falle harden moltke kritisch beleuchtet sehr menge;-0.4183;0;2
302;Protocol_1907_11_28_04;1907;harden;dahingestellt instanz gegangen falle moltke harden absehen gesetzgeber unmoeglich angeklagter privatklageverfahren;-0.5712;0;2
303;Protocol_1907_11_28_04;1907;harden;kennen urteil schoeffengerichts prozess moltke harden ergangen betrachten unbegreiflichkeit finde;0;0;0
304;Protocol_1907_11_28_04;1907;moltke;ich moechte meinerseits kurzes prozess moltke harden reden ekel abscheu deutsche;-0.1218;0;3
305;Protocol_1907_11_28_04;1907;moltke;gerichtliches verfahren faellen falle harden moltke kritisch beleuchtet sehr menge schmutz;-0.4725;0;3
306;Protocol_1907_11_28_04;1907;moltke;gilt dahingestellt instanz gegangen falle moltke harden absehen gesetzgeber unmoeglich angeklagter;-0.5712;0;2
307;Protocol_1907_11_28_04;1907;moltke;leipzig kennen urteil schoeffengerichts prozess moltke harden ergangen betrachten unbegreiflichkeit finde;0;0;0
308;Protocol_1907_11_28_05;1907;harden;gedacht richthofen bemerkung ueberhoert verfahren harden behauptet kavallerieregimenter preussen verseucht hinzugefuegt;0.004;0;1
309;Protocol_1907_11_28_05;1907;harden;kreise deutschen volkes behauptungen prozess harden aufgestellt auskunft erteilt (sehr wahr;0.2176;0;1
310;Protocol_1907_11_28_05;1907;kamarill;sei vorigen herbst sturze gesprochen kamarillagerede gesprochen waisenknabe bezug presse weiss;-0.6316;0;1
311;Protocol_1907_11_28_05;1907;kamarill;reichskanzler falsch unterrichtet presse zuschiebt kamarillagerede jahresfrist geruechten gesprochen gegnerische presse;-0.7618;0;1
312;Protocol_1907_11_28_05;1907;kamarill;presse norddeutsche allgemeine zeitung bezug kamarillagerede erwaehnt erwaehnt mitteilungen hohenlohes memoiren;0;0;0
313;Protocol_1907_11_28_05;1907;kamarill;glaube stehe boden geschaeftsordnung zurueckweise – – kamarillagerede zuverlaessigkeit eingebuesst reichskanzler erwaehnung norddeutschen;0.004;0;1
314;Protocol_1907_11_28_05;1907;kamarill;verbindung braechte erwaehnen mitte wahlkreise kamarillagerede gebe ausdruck wiederholen erklaeren eroerterungen;0;0;0
315;Protocol_1907_11_29_01;1907;sexu;eroerterung kamarillaaffaeren sehr unangenehme sprache sexuelle sachen unangenehmster sachen bekanntlich breitesten;-0.9382;0;2
316;Protocol_1907_11_29_01;1907;eulenburg;fuerst bismarck hauptsaechlich liebenberger spitze eulenburg monaten abgesaegt ist eulenburg fuerst;0.004;0;1
317;Protocol_1907_11_29_01;1907;eulenburg;posten auswaertigen amt aufgab fuerst eulenburg fuersten hohenlohe heran bat moege;0.1352;0;2
318;Protocol_1907_11_29_01;1907;eulenburg;gewaltig uebelnahm tausch vertrauensmann fuersten eulenburg moralisch prozess sehr schlecht abgeschnitten;-0.7626;0;3
319;Protocol_1907_11_29_01;1907;eulenburg;auswaertigen amt moeglich schlaegt fuerst eulenburg buelow staatssekretaer auswaertige amt buelow;-0.0266;0;2
320;Protocol_1907_11_29_01;1907;eulenburg;reiste nunmehr wien – berlin – fuersten eulenburg erklaert moegen rom antwortet bernhard;0.349;0;2
321;Protocol_1907_11_29_01;1907;eulenburg;meinte sie's lieber – antwortet eulenburg koenige koenig (hoert hoert) bekanntlich;0.1131;0;1
322;Protocol_1907_11_29_01;1907;eulenburg;weise gerissen erklaert ohren fuersten eulenburg zufassen lasse fuersten eulenburg spiel;0.2284;0;2
323;Protocol_1907_11_29_01;1907;harden;sogenannten kamarilla angeschnitten bekanntermassen prozess moltkeharden aktuell aufgetaucht reichskanzler veranlassung schaerfsten;0.2288;0;2
324;Protocol_1907_11_29_01;1907;harden;damalige buelow gesandter rom erzaehlt harden prozess hierueber (rufe ach oh;0;0;0
325;Protocol_1907_11_29_01;1907;harden;allgemeinheit sprechen bebel abgeordneter marschall harden auswaertigen amt moeglich schlaegt fuerst;-0.0266;0;2
326;Protocol_1907_11_29_01;1907;moltke;sogenannten kamarilla angeschnitten bekanntermassen prozess moltkeharden aktuell aufgetaucht reichskanzler veranlassung schaerfsten;0.2288;0;2
327;Protocol_1907_11_29_01;1907;lesb;genau geartete liebe weiblichen geschlecht lesbische liebe nennt griechische lesbische liebe;0.2995;0;4
328;Protocol_1907_11_29_01;1907;175;hauses ausgefuehrt diejenigen berlin paragraf 175 verstiessen verantwortung gezogen reichen neue;-0.2194;0;4
329;Protocol_1907_11_29_01;1907;175;wiederholt trifft maennerkreise damenkreise paragraf 175 trifft (zurufe wahrscheinlich auch) maennerkreise;0;0;0
330;Protocol_1907_11_29_01;1907;175;sozialdemokraten) polizei maenner eingetragen 8 175 suendigen faellen werkzeug hergeben geld;0;0;0
331;Protocol_1907_11_29_01;1907;175;rufe hoert hoert) anklage paragraf 175 erhoben ehrengericht aufgerufen charakteristische sehr;-0.3468;0;1
332;Protocol_1907_11_29_01;1907;175;eisen ausgebrannt (zuruf)  jawohl paragraf 175 ansicht unhaltbar (erneuter zuruf  glocke;0;0;0
333;Protocol_1907_11_29_01;1907;175;unterbrechen bebel abgeordneter  kollege heckscher 175 beratung posten alsdann material vorlegen;-0.0048;0;1
334;Protocol_1907_11_29_01;1907;175;macht verfolgt notwendigerweise umstaenden tz 175 bestehen thema etat kriegsministers sprechen;0.008;0;2
335;Protocol_1907_11_29_01;1907;175;hoechste vorgegangen angefuehrten gruenden tz 175 strafgesetzbuchs unhaltbar herausgestellt ss 86;0;0;0
336;Protocol_1907_11_29_01;1907;kamarill;beschweren erachtens inneren minder sogenannten kamarilla angeschnitten bekanntermassen prozess moltkeharden aktuell;-0.0373;0;2
337;Protocol_1907_11_29_01;1907;kamarill;auszusprechen andeutungen glaube 30 annehmen kamarilla meinung deutschland vorhanden entschiedenste bestritten;0.004;0;1
338;Protocol_1907_11_29_01;1907;kamarill;bestreiten gute recht bestreiten richtig kamarilla hintertreppenpolitik deutschland neues spielt bereits;0.3836;0;4
339;Protocol_1907_11_29_01;1907;kamarill;schaffen gegengewicht berater pflichtgemaess opponieren kamarilla (sehr richtig sozialdemokraten) hintertreppenpolitik beschuldigt;-0.3184;0;3
340;Protocol_1907_11_29_01;1907;kamarill;marschall minister auswaertigen amts hintertreppenpolitik kamarilla (sehr richtig) marschall kreisen gefallen;-0.2153;0;1
341;Protocol_1907_11_29_01;1907;kamarill;fuehren fest zustand deutschland beschaemend kamarilla hintertreppenwirtschaft parlamentarisch regierten lande denkbar;0.2386;0;2
342;Protocol_1907_11_29_01;1907;kamarill;lenken (sehr richtig sozialdemokraten) eroerterung kamarillaaffaeren sehr unangenehme sprache sexuelle sachen;-0.4651;0;2
343;Protocol_1907_11_29_02;1907;sexu;eulenburg beschuldigen indirekt verbluemten worten homosexuell betaetigt neigung kommandanten hauptquartiers chef;-0.3264;0;1
344;Protocol_1907_11_29_02;1907;sexu;moltke anschliessen graf moltke jegliche homosexuelle betaetigung neigung gewiesen offiziere generaele;0;0;0
345;Protocol_1907_11_29_02;1907;eulenburg;erwiesen noch genannt gezeigt fuersten eulenburg grafen moltke unzweifelhaft fest maenner;0.2386;0;2
346;Protocol_1907_11_29_02;1907;eulenburg;zukunft gewinnt ansicht offensichtlich fuersten eulenburg beschuldigen indirekt verbluemten worten homosexuell;-0.3184;0;3
347;Protocol_1907_11_29_02;1907;eulenburg;beweise ausgeschlossen majestaet mitteilung fuerst eulenburg offiziere genannt 17 heisst fuerst;-0.4895;0;2
348;Protocol_1907_11_29_02;1907;eulenburg;eulenburg freunde gesorgt moltke generalstabschef naeher;0.0068;0;2
349;Protocol_1907_11_29_02;1907;eulenburg;veranlagungen freundschaftlichen verkehr fest fuerst eulenburg besetzung genannten moltke harden heisst;0.2386;0;2
350;Protocol_1907_11_29_02;1907;eulenburg;1907 erschien blick tafelrunde philipp eulenburg ilecomte kuno moltke hohenau kanzlers;0;0;0
351;Protocol_1907_11_29_02;1907;harden;jahrzehnten berlin erheblich gewachsen bezogen harden prozess regimenter verseucht mag grosse;0.8385;0;4
352;Protocol_1907_11_29_02;1907;harden;kaempfen regimenter wahr ungluecklichen verhaeltnisse moltkehardenprozess sprache befehl kuerassiere bekannten tracht;-0.6166;0;4
353;Protocol_1907_11_29_02;1907;harden;hoert hoert lei sozialdemokraten) demjenigen moltkehardenprozess freimuetigkeit weiss nachfragen ermittelt persoenlicher;0;0;0
354;Protocol_1907_11_29_02;1907;harden;festgestellt vorgaengen sogenannten adlervilla – adlervilla – moltkehardenprozess kameradenkreisen vorgesetztenkreisen jemals bekannt spreche;0.004;0;1
355;Protocol_1907_11_29_02;1907;harden;ueberhaupt stattgefunden einzelfaelle beschraenken verhandlung moltkeharden prozess aussage zeugen bollhardt bekannt;-0.0008;0;2
356;Protocol_1907_11_29_02;1907;harden;villa gefeiert kenntnis angeblichen vorgaenge moltkehardenprozess veranlassung kriegsgerichtliche untersuchung einzuleiten grafen;0.494;0;1
357;Protocol_1907_11_29_02;1907;harden;fuerst eulenburg besetzung genannten moltke harden heisst veranlassung majestaet bekannt nachtraeglich;0.008;0;2
358;Protocol_1907_11_29_02;1907;harden;spaeteren artikeln prozess neuesten artikeln harden ausdruecklich sinn derartiges vielfach oeffentlichkeit;0.008;0;2
359;Protocol_1907_11_29_02;1907;harden;gelegen offiziere weise beleidigen bedauere harden (sehr richtig rechts) merkte oeffentlich;-0.4366;0;4
360;Protocol_1907_11_29_02;1907;harden;politik versucht verhaeltnis ausschieden prozess harden majestaet 3 eingereichten abschiedsgesuche eingegangen;-0.0008;0;2
361;Protocol_1907_11_29_02;1907;harden;streifen aufgeworfen general hohenau geklagt harden vorgegangen – ehrengerichtliche verfahren majestaet prozess;-0.3525;0;2
362;Protocol_1907_11_29_02;1907;harden;groesste unwahrheit jemals behauptet erzaehlt harden gefuerchtet herauskommen fuerchten harden (sehr;-0.8056;0;4
363;Protocol_1907_11_29_02;1907;moltke;kaempfen regimenter wahr ungluecklichen verhaeltnisse moltkehardenprozess sprache befehl kuerassiere bekannten tracht;-0.6166;0;4
364;Protocol_1907_11_29_02;1907;moltke;hoert hoert lei sozialdemokraten) demjenigen moltkehardenprozess freimuetigkeit weiss nachfragen ermittelt persoenlicher;0;0;0
365;Protocol_1907_11_29_02;1907;moltke;festgestellt vorgaengen sogenannten adlervilla – adlervilla – moltkehardenprozess kameradenkreisen vorgesetztenkreisen jemals bekannt spreche;0.004;0;1
366;Protocol_1907_11_29_02;1907;moltke;ueberhaupt stattgefunden einzelfaelle beschraenken verhandlung moltkeharden prozess aussage zeugen bollhardt bekannt;-0.0008;0;2
367;Protocol_1907_11_29_02;1907;moltke;genannt gezeigt fuersten eulenburg grafen moltke unzweifelhaft fest maenner villa (hoert;0.2386;0;2
368;Protocol_1907_11_29_02;1907;moltke;villa gefeiert kenntnis angeblichen vorgaenge moltkehardenprozess veranlassung kriegsgerichtliche untersuchung einzuleiten grafen;0.494;0;1
369;Protocol_1907_11_29_02;1907;moltke;gefehlt ist ergeben verfehlungen graf moltke bezw graf hohenau schulden kenntnis;-1.5099;0;3
370;Protocol_1907_11_29_02;1907;moltke;heisst fuerst eulenburg freunde gesorgt moltke generalstabschef naeher kommandant berlin meinung;0.0068;0;2
371;Protocol_1907_11_29_02;1907;moltke;fest fuerst eulenburg besetzung genannten moltke harden heisst veranlassung majestaet bekannt;0.2426;0;3
372;Protocol_1907_11_29_02;1907;moltke;tafelrunde philipp eulenburg ilecomte kuno moltke hohenau kanzlers zivit / adjutant below;0;0;0
373;Protocol_1907_11_29_02;1907;moltke;solidarisch erklaert aelteren general grafen moltke anschliessen graf moltke jegliche homosexuelle;0.0032;0;3
374;Protocol_1907_11_29_02;1907;moltke;person trennen hofe freizumachen graf moltke prozess freiheit zu vertreten majestaet;-0.4953;0;3
375;Protocol_1907_11_29_02;1907;moltke;dingen entschiedenste zurueckweisen prozesses grafen moltke gerichtet gott neigung grafen hohenau;0;0;0
376;Protocol_1907_11_29_02;1907;moltke;zaeheren verkehr ansieht vergnuegen grafen moltke hochgebildeter hochmusikalisch liebenswuerdig ausserordentlich geistreich;0.4976;0;3
377;Protocol_1907_11_29_02;1907;moltke;vertuschung versucht sehr einfach prozess moltke moeglichkeit unterdrueckt voraussichtlich herausgekommen grafen;-0.4745;0;3
378;Protocol_1907_11_29_02;1907;175;zeuge genannten vergehens beschuldigt paragraf 175 reichsstrafgesetzbuchs strafbar vergehen strafgesetzbuchs bestraft;-1.1543;0;3
379;Protocol_1907_11_29_02;1907;175;beruehren – zwang missbrauch dienstgewalt 8 175 allgemeinen strafgesetzbuchs 8 114 militaerstrafgesetzbuchs;-0.0769;0;2
380;Protocol_1907_11_29_03;1907;eulenburg;seinerzeit rom wien gefahren fuersten eulenburg botschafter wien bitten moege sorgen;-1.0168;0;3
381;Protocol_1907_11_29_03;1907;kamarill;spahn gemeint falsch unterrichtet nachsage kamarilla geschwaetz geglaubt habe nachgesagt – zitiere;-0.7618;0;1
382;Protocol_1907_11_29_03;1907;kamarill;oldenberg – thema kamarilla wende versuch notiz norddeutschen allgemeinen;0;0;0
383;Protocol_1907_11_29_03;1907;kamarill;versuch gewendet norddeutschen allgemeinen  deduzieren kamarilla tratsch aufgebracht gefoerdert endlich abgeordnete;-0.0008;0;2
384;Protocol_1907_11_29_03;1907;kamarill;wenigen worten wenden abgeordnete bebel kamarilla ausgefuehrt eingehenden behandlung themas veranlasst;0;0;0
385;Protocol_1907_11_29_03;1907;kamarill;besonders aufgefallen abgeordnete bebel gemeint kamarilla aehnliche betruebende erscheinungen kaemen monarchien;-0.3386;0;1
386;Protocol_1907_11_29_03;1907;kamarill;hingehen ueberzeugen (grosse heiterkeit) hoefische kamarilla rote kamarilla (sehr wahr grosse;0.9266;0;3
387;Protocol_1907_11_29_03;1907;kamarill;koenig demos abgeordnete bebel gemeint kamarilla fuersten einfaelle wuensche fuersten suggerierten;0;0;0
388;Protocol_1907_11_29_03;1907;kamarill;wuensche aspirationen massen (sehr richtig) kamarilla koenig demos umgibt schaedlich selbstsuechtig;-0.9269;0;1
389;Protocol_1907_11_29_03;1907;kamarill;schamlos jemals fuerstliche kamarilla (sehr richtig) schmeicheln betrifft beziehung;-0.3332;0;1
390;Protocol_1907_11_30_01;1907;sexu;militaerische ehrengericht schnell gezeigt eroerterungen sexuellen verfehlungen armee widerstrebt innersten seele;0.1121;0;2
391;Protocol_1907_11_30_01;1907;eulenburg;eroerterung geknuepft insonderheit personen fuersten eulenburg grafen moltke befriedigt erklaerung kriegsministers;0.0809;0;1
392;Protocol_1907_11_30_01;1907;moltke;insonderheit personen fuersten eulenburg grafen moltke befriedigt erklaerung kriegsministers aussprechen denke;0.0809;0;1
393;Protocol_1907_11_30_01;1907;moltke;wissens ueberhaupt geklagt verlauf prozesses moltke entscheidender bedeutung grafen hohenau offiziere;-0.3485;0;3
394;Protocol_1907_11_30_01;1907;175;gemeldet paragraf strafgesetzbuchs militaerstrafgesetzbuchs betracht 175 140 wovon kriegsminister sprach bedeutung;0.004;0;1
395;Protocol_1907_11_30_02;1907;eulenburg;richtig rechts) graf moltke fuerst eulenburg furchtbare tortur durchmachen derartige prozessfuehrungen;-0.3002;0;2
396;Protocol_1907_11_30_02;1907;harden;175 kriegsministers ausserordentlich milde gestimmt harden gutglaeubigkeit bestreiten maenner urteil hoch;0.448;0;3
397;Protocol_1907_11_30_02;1907;harden;moechte anknuepfung prozess eingehen sprechen hardenprozess sprechen wtttkowskyprozess (sehr richtig rechts;0.3482;0;4
398;Protocol_1907_11_30_02;1907;harden;rechts) sinn demnaechst neuen gerichtsverhandlung harden verurteilt witting wittkowsky leiblichen brueder;-0.762;0;3
399;Protocol_1907_11_30_02;1907;moltke;wtttkowskyprozess (sehr richtig rechts) name moltke volk hochsteht schmutz gasse gezogen;-0.0502;0;2
400;Protocol_1907_11_30_02;1907;moltke;vorgeschoben (sehr richtig rechts) graf moltke fuerst eulenburg furchtbare tortur durchmachen;-0.3002;0;2
401;Protocol_1907_11_30_02;1907;hirschfeld;abgeloest gefaehrdet (heiterkeit)  leicht magnus hirschfeld  studien – bedingungen aufhebung paragraf 175;-0.5014;0;3
402;Protocol_1907_11_30_02;1907;175;ernst scheusslichkeiten jahrelang aufhebung paragraf 175 eingetreten standpunkte erachtens schwer miteinander;-0.0144;0;3
403;Protocol_1907_11_30_02;1907;175;laesst straffrei bedingung aufhebung paragraf 175 geschaffen verfehlungen verschickung kolonie bestraft;-0.4907;0;3
404;Protocol_1907_11_30_02;1907;175;hirschfeld  studien – bedingungen aufhebung paragraf 175 kriegsministers ausserordentlich milde gestimmt harden;0.4392;0;3
405;Protocol_1907_11_30_02;1907;widernat;auf beschaeftigt widernatuerlichen scheusslichkeiten gehe moechte betonen abgeordnete;0.0338;0;3
406;Protocol_1907_12_02_01;1907;harden;zum prozess moltkeharden moechte erklaeren durchweg ausfuehrungen abgeordneten;0.345;0;1
407;Protocol_1907_12_02_01;1907;moltke;zum prozess moltkeharden moechte erklaeren durchweg ausfuehrungen abgeordneten;0.345;0;1
408;Protocol_1907_12_02_01;1907;kamarill;zustand rechtssaetze (sehr richtig links) kamarilla schliesslich spielerei worten;0.004;0;1
409;Protocol_1907_12_02_02;1907;harden;draussen ausserordentlich staub aufgerollt prozesse hardenmoltke stimme abgeordneten payer vollkommen ueberein;0.2082;0;2
410;Protocol_1907_12_02_02;1907;moltke;draussen ausserordentlich staub aufgerollt prozesse hardenmoltke stimme abgeordneten payer vollkommen ueberein;0.2082;0;2
411;Protocol_1907_12_02_02;1907;moltke;instanz zweiter instanz gegenteil graf moltke richterkollegium greift staatsanwalt harter dazwischen;-0.1483;0;1
412;Protocol_1907_12_02_02;1907;sodom;schlosse stein gemetzt weib rosse sodomitisch ergoetzt heisst erlauchte mutter ward;0;0;0
413;Protocol_1907_12_02_03;1907;sexu;kluengeln verhaengnisvoll wirken hardenprozess gezeigt sexuellen skandaloese skandaloeseste licht auswaertige politik;-0.3426;0;3
414;Protocol_1907_12_02_03;1907;sexu;marokkoangelegenheit gefallen dingen beachtet wichtiger sexuellen kreis eulenburg kaiser auffassung frankreich;0.1669;0;2
415;Protocol_1907_12_02_03;1907;eulenburg;dingen beachtet wichtiger sexuellen kreis eulenburg kaiser auffassung frankreich friedliche politik;0.4746;0;2
416;Protocol_1907_12_02_03;1907;harden;gegeneinanderarbeiten cliquen kluengeln verhaengnisvoll wirken hardenprozess gezeigt sexuellen skandaloese skandaloeseste licht;-0.3426;0;3
417;Protocol_1907_12_02_03;1907;kamarill;arbeit bestellt manne bestritten gaebe kamarilla gaebe persoenliches regiment (sehr richtig;0.004;0;1
418;Protocol_1907_12_02_03;1907;kamarill;sozialdemokraten) kamarilla debatte hergezogen reichskanzler deduktionen geschlossen;-0.211;0;1
419;Protocol_1907_12_02_03;1907;kamarill;worten – zukunft gibts kamarilla gehoert vergangenheit na optimisten glaeubigen;0.0836;0;1
420;Protocol_1907_12_02_03;1907;kamarill;sozialdemokraten) glauben moechte wahres wunder kamarillen gaebe system hochinteressant reichskanzler affaere;0.4613;0;5
421;Protocol_1907_12_02_03;1907;kamarill;norddeutschen allgemeinen zeitung reichskanzler bestritten kamarilla reichskanzler versucht affaere weise herauszuziehen;0.045;0;2
422;Protocol_1907_12_02_03;1907;kamarill;bemerkungen jahresfrist kamarilla rein historischer natur bestreiten kamarillen;0.008;0;2
423;Protocol_1907_12_02_03;1907;kamarill;sommer damaligen bemerkungen ausgelegt vorhandensein kamarillen ueberhaupt bestritten rand geschrieben unsinn;-0.4969;0;1
424;Protocol_1907_12_02_03;1907;kamarill;weise wahren suchte grunde bedenke kamarilla aktuell gekaempft oeffentlichkeit kamarilla gerichtet;0.1033;0;5
425;Protocol_1907_12_02_03;1907;kamarill;situation aufgefasst reichskanzler behauptet gaebe kamarilla (sehr richtig sozialdemokraten) auslegungsmoeglichkeit staatsmann;0.004;0;1
426;Protocol_1907_12_02_03;1907;kamarill;schwachen fuessen glaube glaube begruendung kamarilla gebe begruendung lautet folgendermassen kamarilla;-0.9126;0;3
427;Protocol_1907_12_02_03;1907;kamarill;gehoert persoenlichkeit throne kamarilla beeinflussen laesst person kaisers schliesst;-0.211;0;1
428;Protocol_1907_12_02_03;1907;kamarill;kamarilla (heiterkeit sozialdemokraten) bismarck neuen kurse;0.004;0;1
429;Protocol_1907_12_02_03;1907;kamarill;fungierte ausdruecklich konstatiert kamarilla liebenberg vorhanden spaetere reichskanzler fuerst;0;0;0
430;Protocol_1907_12_02_03;1907;kamarill;hohenlohe beschaeftigt denkwuerdigkeiten sehr kamarilla fachkenner hause behauptung erfordernis kamarilla;0;0;0
431;Protocol_1907_12_02_03;1907;kamarill;eigene idee verfolgen glaube wirkung – kamarillen (zurufe rechts) – grabe schatze erfahrungen;0.1176;0;3
432;Protocol_1907_12_03_01;1907;175;schoen christlichsoziale bewegung besser paragraf 175 mittelalterliche gesetzesbestimmung aufhebung sicher geboten;0.3806;0;4
433;Protocol_1907_12_03_01;1907;kamarill;deutschen reiche david sozialdemokratische sachverstaendige kamarillaangelegenheiten (heiterkeit) sprach sicherheit bestimmtheit fuehrende;0.1327;0;3
434;Protocol_1907_12_03_01;1907;kamarill;kamarilla wusste besser reichskanzler ausgesprochen kamarilla republiken monarchien eigener beobachtung kennen;0.004;0;1
435;Protocol_1907_12_03_02;1907;harden;ueberhaupt eingehe abgeordnete david geglaubt hardenprozess bedeutsame enthuellungen marokkoaffaere entnehmen gestehen;-0.0008;0;2
436;Protocol_1907_12_03_03;1907;harden;sehr ernsthaftes thema vielbesprochenen prozess moltkeharden erklaerungen kriegsministers hierzu veranlassung sehr;0.004;0;1
437;Protocol_1907_12_03_03;1907;moltke;sehr ernsthaftes thema vielbesprochenen prozess moltkeharden erklaerungen kriegsministers hierzu veranlassung sehr;0.004;0;1
438;Protocol_1907_12_03_03;1907;moltke;links) zugeben verfehlungen grafen kuno moltke nachsagte oeffentlicher gerichtsverhandlung eid vornehmen;-0.0008;0;2
439;Protocol_1907_12_03_03;1907;moltke;jungen kennen leise graf kuno moltke liebesmahl zimmer trat all bekannt;0.004;0;1
440;Protocol_1907_12_03_04;1907;harden;abgeordnete paasche schwerwiegende material prozess harden tasche ansicht pflicht material herauszog;-0.3625;0;2
441;Protocol_1907_12_03_04;1907;harden;kriegsminister weise abgeordnete bebel prozess harden beruehrt lobte hinzuweisen widrigen sozialdemokratie;0.6641;0;3
442;Protocol_1907_12_03_05;1907;harden;ich falle harden aeusserungen juristischen autoritaeten mitgeteilt verfahren;-0.2153;0;1
443;Protocol_1907_12_03_06;1907;harden;sitzung kriegsminister persoenlich gesprochen falle harden bemerkt exzellenz einverstanden zurueckkommen (hoert;-0.2113;0;2
444;Protocol_1907_12_04_01;1907;sexu;prunkender uniform paradeuniform glaube beweist homosexuell veranlagt (grosse heiterkeit) abgeordnete paasche;0.004;0;1
445;Protocol_1907_12_04_01;1907;sexu;moltke wusste bekannten freundeskreis befanden homosexuell veranlagt graf moltke gesprochen antwort;0.004;0;1
446;Protocol_1907_12_04_01;1907;sexu;justizrats gordon gewusst graf lynar sexuelle verfehlungen zuschulden antwort justizrats bernstein;-0.0048;0;1
447;Protocol_1907_12_04_01;1907;harden;aber entnehmen bollhardt diejenigen mitteilungen harden prozess moltkeharden ausschluss oeffentlichkeit berechtigt;0;0;0
448;Protocol_1907_12_04_01;1907;harden;briefe vernehmung 28 – 29 bekannt – harden gerichte abschrift vorgelegt harden bild;0.004;0;1
449;Protocol_1907_12_04_01;1907;moltke;bollhardt diejenigen mitteilungen harden prozess moltkeharden ausschluss oeffentlichkeit berechtigt erwiesen liegen;0;0;0
450;Protocol_1907_12_04_01;1907;moltke;grafen lynar orientiert verfehlungen grafen moltke gewusst berliner tageblatt mitgebracht genau;-0.0008;0;2
451;Protocol_1907_12_04_01;1907;moltke;major vernommen privatklaeger graf kuno moltke wusste bekannten freundeskreis befanden homosexuell;0.004;0;1
452;Protocol_1907_12_04_01;1907;moltke;veranlagt graf moltke gesprochen antwort gesprochen beisein exzellenz;0.004;0;1
453;Protocol_1907_12_04_01;1907;moltke;moltke hierueber geaeussert eingehende wahrnehmungen antwort;0;0;0
454;Protocol_1907_12_04_01;1907;moltke;antwort justizrats bernstein major graf moltke gehoert mag graf hohenau aehnlicher;0.345;0;1
455;Protocol_1907_12_04_01;1907;moltke;rechts) geruechte – huelsen – geruechte grafen moltke herangetreten eingreifen majestaet erfolgte bestimmteste;0.004;0;1
456;Protocol_1907_12_04_01;1907;moltke;gewiesen eingreifen geruechte grafen moltke – gegenteil wahr presse major huelse;0.2176;0;1
457;Protocol_1907_12_11_01;1907;harden;versammlung arbeitervereins naechste versammlung vortrag hardenprozess gestellt interesse aufrechterhaltung oeffentlichen ordnung;0.2307;0;2
458;Protocol_1907_12_11_01;1907;harden;gruenden verfolgen aufmerksam zb prozess harden staatsanwalt schoeffengericht verhandelt erkannt oeffentlichrechtlichen;0.008;0;2
459;Protocol_1908_01_23_01;1908;harden;missverstanden gefordert prozessualen maengel verhandlung harden prozesses herausgestellt strafjustizreform beachten;-0.6871;0;2
460;Protocol_1908_02_01_01;1908;175;betreffend abaenderung bezw aufhebung paragraf 175 strafgesetzbuchs (nr 604 drucksachen) berichterstatter;-0.0048;0;1
461;Protocol_1908_02_01_03;1908;hirschfeld;beschliessen 1 petitionen 1083 1905 hirschfeld charlottenburg genossen bezw rebach nuernberg;0.4983;0;1
462;Protocol_1908_02_01_03;1908;175;betreffend abaenderung bezw aufhebung paragraf 175 strafgesetzbuchs abstimmen petitionskommission beantragt reichstag;-0.0008;0;2
463;Protocol_1908_02_01_03;1908;175;rebach nuernberg abaenderung bezw aufhebung 175 strafgesetzbuchs tagesordnung ueberzugehen schriftfuehrer abgeordneter;-0.0048;0;1
464;Protocol_1908_02_01_03;1908;175;vorgesetzte arbeitgeber usw) unsittlichen zwecken 175 strafgesetzbuchs erhoehte strafe gestellt e;-0.0008;0;2
465;Protocol_1908_02_03_01;1908;175;entfernt ausdruecklich bemerken peinliche paragraf 175 strafgesetzbuchs eroerterung erscheint notwendig aeusserungen;-0.0048;0;1
466;Protocol_1908_02_03_01;1908;175;enthoben nervenheilanstalt geschickt handlungen paragraf 175 betreffen gleiche neuerdings traurigen falle;-0.3379;0;3
467;Protocol_1908_02_03_01;1908;175;mittlerweile verschiedene bestrafungen offizieren paragraf 175 – allenstein militaerverwaltung aeusserst unangenehm begreife;-0.4739;0;2
468;Protocol_1908_02_05_01;1908;harden;verstaendnis bemerken vorkommnis passierte moltke harden prozess rolle spielte graf hohenau;0.004;0;1
469;Protocol_1908_02_05_01;1908;moltke;besseren verstaendnis bemerken vorkommnis passierte moltke harden prozess rolle spielte graf;0.008;0;2
470;Protocol_1908_02_05_02;1908;harden;vollste sympathie auftreten affaere moltke harden (abgeordneter noske ich) (widerspruch abgeordneten;-0.1754;0;2
471;Protocol_1908_02_05_02;1908;moltke;besserung – vollste sympathie auftreten affaere moltke harden (abgeordneter noske ich) (widerspruch;-0.1714;0;3
472;Protocol_1908_02_06_01;1908;moltke;heeres trat reichten feldmarschall graf moltke feldmarschall graf blumenthal welch letzterer;0;0;0
473;Protocol_1908_02_06_01;1908;moltke;000 mark eingestellt generalfeldmarschall graf moltke praeses landesverteidigungskommission generalfeldmarschall graf blumenthal;0;0;0
474;Protocol_1908_02_06_02;1908;175;offizier offiziere untergebenen sinne paragraf 175 missbrauchen urteile ausgesprochen (sehr richtig;0.0032;0;3
475;Protocol_1908_02_18_01;1908;harden;ich moechte linie bedauern aussprechen harden prozess staatsanwalt hause oeffentliche anklage;-0.0592;0;3
476;Protocol_1908_02_18_01;1908;moltke;meinung oeffentliche interesse stellung grafen moltke vornherein ansicht ausdruck staatsanwaltschaft beurteilung;0.004;0;1
477;Protocol_1908_02_18_01;1908;moltke;erwuenscht erscheinen lehren zukunft graf moltke schlusswort gerichte ausfuehrte als soldat;0.004;0;1
478;Protocol_1908_02_18_02;1908;eulenburg;flicht schliesslich plaedoyer satz fuerst eulenburg gehoert gluecklichen beglueckenden persoenlichkeiten lieben;0.2175;0;3
479;Protocol_1908_02_18_02;1908;harden;moechte bedeutung falles vorfuehren oberstaatsanwalts moltkehardenprozess (sehr richtig) oberstaatsanwalt beschraenkt prozess;0.3442;0;3
480;Protocol_1908_02_18_02;1908;harden;taetigkeit sitzenden umsichtige tatkraeftige verteidigung hardens massvoll misst maessigung (lebhafte rufe;0.0926;0;3
481;Protocol_1908_02_18_02;1908;moltke;moechte bedeutung falles vorfuehren oberstaatsanwalts moltkehardenprozess (sehr richtig) oberstaatsanwalt beschraenkt prozess;0.3442;0;3
482;Protocol_1908_02_18_02;1908;moltke;hoert hoert) nennt vertreter grafen moltke trefflichen verteidiger streut lob amtsrichter;0.7326;0;3
483;Protocol_1908_02_19_01;1908;harden;neuesten nachrichten allenfalls sensationsluesterne zukunft harden durchweg blaetter kapitalistische interessen vertreten;0.008;0;2
484;Protocol_1908_02_19_02;1908;harden;oeffentlichen diskussion presse folgeerscheinung moltke harden prozesses beduerfnis herausgestellt unsittlichkeit kuenstlerischem;0.004;0;1
485;Protocol_1908_02_19_02;1908;moltke;besonders oeffentlichen diskussion presse folgeerscheinung moltke harden prozesses beduerfnis herausgestellt unsittlichkeit;0;0;0
486;Protocol_1908_02_20_01;1908;harden;volk glaubt vielfach hoehere anweisung harden freigesprochen oeffentliche interesse staatsanwaltschaft entdeckt;0.008;0;2
487;Protocol_1908_02_20_01;1908;harden;erachtens vorsitzende schoeffengerichts forum prozess moltkeharden verhandelt deutschen volke schaden verantworten;-0.5259;0;2
488;Protocol_1908_02_20_01;1908;moltke;interesse staatsanwaltschaft entdeckt staatsanwaltschaft gunsten moltkes eingegriffen erachtens misstrauen volk gedrungen;-0.4698;0;3
489;Protocol_1908_02_20_01;1908;moltke;erachtens vorsitzende schoeffengerichts forum prozess moltkeharden verhandelt deutschen volke schaden verantworten;-0.5259;0;2
490;Protocol_1908_02_20_02;1908;harden;wenn worte prozess moltkeharden eingehen geschieht kritik ueben moechte;-0.1906;0;3
491;Protocol_1908_02_20_02;1908;moltke;wenn worte prozess moltkeharden eingehen geschieht kritik ueben moechte;-0.1906;0;3
492;Protocol_1908_02_20_02;1908;moltke;richter entzogen haufen schmeissen grafen moltke extragericht backen schoeffen sozialen stellung;-0.0048;0;1
493;Protocol_1908_02_20_03;1908;harden;meine moechte ausfuehrungen moltkehardenprozess verschiedentlich angeregt abgeordnete heinze meinte;0.345;0;1
494;Protocol_1908_02_20_03;1908;moltke;meine moechte ausfuehrungen moltkehardenprozess verschiedentlich angeregt abgeordnete heinze meinte;0.345;0;1
495;Protocol_1908_02_20_04;1908;harden;linie liegen beschwerden erfahrungen prozess hardenmoltke fern materielle prozesses eroertern rechtskraft;-0.0008;0;2
496;Protocol_1908_02_20_04;1908;harden;glaube recht hervorheben prozess moltke  harden hervorragendes unheil angestiftet (sehr richtig;0.6011;0;4
497;Protocol_1908_02_20_04;1908;harden;rechts) bernstein hirschfeld harden ruhm bedeckt ruhmeskranz erworben (sehr;0.004;0;1
498;Protocol_1908_02_20_04;1908;moltke;linie liegen beschwerden erfahrungen prozess hardenmoltke fern materielle prozesses eroertern rechtskraft;-0.0008;0;2
499;Protocol_1908_02_20_04;1908;moltke;ahnten glaube recht hervorheben prozess moltke  harden hervorragendes unheil angestiftet (sehr;0.5971;0;3
500;Protocol_1908_02_20_04;1908;hirschfeld;angestiftet (sehr richtig rechts) bernstein hirschfeld harden ruhm bedeckt ruhmeskranz erworben;0.008;0;2
501;Protocol_1908_02_20_05;1908;moltke;liege oeffentliches interesse (zuruf grafen moltke auch) bezug sensationsprozesse behauptet prinzip;0.004;0;1
502;Protocol_1908_02_21_01;1908;harden;meines erachtens harden vergroesserung ruhmes staatsanwaltschaft gedient persoenlich;0.008;0;2
503;Protocol_1908_02_21_01;1908;harden;weiss auge – vergleichen denjenigen prozesses moltkeharden formelle behandlung meinerseits juristische ungeheuerlichkeit;0;0;0
504;Protocol_1908_02_21_01;1908;harden;halte moltkeharden eingehen dankbar richtung liegen besprechung;0.0806;0;2
505;Protocol_1908_02_21_01;1908;moltke;weiss auge – vergleichen denjenigen prozesses moltkeharden formelle behandlung meinerseits juristische ungeheuerlichkeit;0;0;0
506;Protocol_1908_02_21_01;1908;moltke;halte moltkeharden eingehen dankbar richtung liegen besprechung;0.0806;0;2
507;Protocol_1908_02_21_01;1908;moltke;aufregung einzelnen leicht grafen kuno moltke falle wahrheitsbeweis ausgeschlossen (sehr richtig;-0.7394;0;5
508;Protocol_1908_02_21_02;1908;harden;journalisten schwere beschimpfungen staatsanwalt schutz hardenprozess aehnliche gehoert augen vorsitzenden oberstaatsanwalt;-0.0008;0;2
509;Protocol_1908_02_21_02;1908;harden;bekomme gutachten abgebe versetzung vorsitzenden hardenprozess geeignet vertrauen volkes richtern erhoehen;0.4558;0;3
510;Protocol_1908_02_25_01;1908;harden;ich naeher prozess harden eingehen verfahren staatsanwaltschaft oeffentliche interesse;-0.0008;0;2
511;Protocol_1908_03_17_01;1908;175;sehr gunsten eingeborenen rechte beurteilen – 175 176 218 anbelangt – saesse haelfte;0.008;0;2
512;Protocol_1908_12_05_01;1908;eulenburg;sprechen gebiet justizskandals jahre affaere eulenburg fuerchten eingehend sprechen halte pflicht;-0.8916;0;3
513;Protocol_1908_12_05_01;1908;eulenburg;kaiser edelsten besten nation bezeichnet eulenburg gericht geradezu glace handschuhen angefasst;0.2275;0;2
514;Protocol_1908_12_05_01;1908;eulenburg;unterbrach kranken menschen weise behandelt eulenburger schonender weise behandelt menschen gericht;-0.0254;0;4
515;Protocol_1908_12_05_01;1908;eulenburg;sehr richtig sozialdemokraten) eulenburg wahrhaftig allerwenigsten verdient fuerst dohnaschlobitten;0.1029;0;2
516;Protocol_1908_12_05_01;1908;eulenburg;bekannter eulenburg hof kaiser wilhelms fuerst dohnaschlobitten;0.004;0;1
517;Protocol_1908_12_05_01;1908;eulenburg;bedauert briefe 18 dezember 1901 eulenburg einfach verlogen schwer aufs gewissen;-0.3937;0;4
518;Protocol_1908_12_05_01;1908;eulenburg;kaisers koenigs (hoert hoert sozialdemokraten) eulenburg jahrelang grossen einfluss hofe kaisers;0.3694;0;1
519;Protocol_1908_12_05_01;1908;eulenburg;kamarilla alledem 20 jahre bestanden eulenburg liebknecht erwaehnt eulenburg weiss unheilvollsten;-0.0008;0;2
520;Protocol_1908_12_05_01;1908;eulenburg;verletzt feststellung tatsache ehrenmann umspringt eulenburg gericht verfahren volke verstanden (sehr;-0.2658;0;2
521;Protocol_1908_12_05_01;1908;eulenburg;entwickelt behauptet namentlich harden bekanntlich eulenburg blase aufgestochen landgerichtsrat schmidt berlin;0;0;0
522;Protocol_1908_12_05_01;1908;harden;prozess zeitungsauseinandersetzungen entwickelt behauptet namentlich harden bekanntlich eulenburg blase aufgestochen landgerichtsrat;0;0;0
523;Protocol_1908_12_05_01;1908;harden;schmidt berlin harden anklage majestaetsbeleidigung freigesprochen versetzt tritt;-0.3468;0;1
524;Protocol_1908_12_05_01;1908;harden;fest erfolgte versetzung landgerichtsrats schmidt harden freigesprochen ehrenkraenkung hofe beliebten generalstochter;0.4518;0;2
525;Protocol_1908_12_05_01;1908;kamarill;maennern volke unrecht behauptete spitze kamarilla gebildet uninteressant gelegenheit festzustellen wenigen;-0.5086;0;1
526;Protocol_1908_12_05_01;1908;kamarill;jahren existenz kamarilla bestritten neues fuerst buelow jahren;0.004;0;1
527;Protocol_1908_12_05_01;1908;kamarill;behauptet kamarilla fremdwort gebe uns eingefuehrt angebracht;0;0;0
528;Protocol_1908_12_05_01;1908;kamarill;absurd endlich idee kaiser wilhelm kamarilla bestehen zeiten derartige ungesunde erscheinung;-0.3873;0;3
529;Protocol_1908_12_05_01;1908;kamarill;wilhelms treu dementi gehoert zweifeln kamarilla alledem 20 jahre bestanden eulenburg;0.3518;0;3
530;Protocol_1908_12_11_01;1908;eulenburg;zusammenhang ehemaligen botschafter fuersten philipp eulenburg bekannten prozess eigentuemliche erfahrungen fuerst;0.008;0;2
531;Protocol_1908_12_11_01;1908;eulenburg;freiheit taeuschen klassenjustiz behandlung falles eulenburg weiten kreisen deutschen volkes bekaempft;-0.6152;0;2
532;Protocol_1908_12_11_01;1908;eulenburg;versteht stimmung volke erinnert partner eulenburgs behandelt harden erkrankung gericht wohnung;0.0997;0;2
533;Protocol_1908_12_11_01;1908;eulenburg;arzte bezeugen liess krank fuerst eulenburg erklaert gesund vernehmungsfaehig gericht beschliesst;-0.31;0;3
534;Protocol_1908_12_11_01;1908;eulenburg;hochpolitisch dramatischen zwischenfall prozesses fuerst eulenburg aufzeichnung glaub wuerdigen personen verhandlung;-0.2855;0;2
535;Protocol_1908_12_11_01;1908;eulenburg;katholiken jakob ernst meineid getrieben eulenburg antwortete – klerikalismus verziehen energie norddeutschen;0.004;0;1
536;Protocol_1908_12_11_01;1908;eulenburg;hervorgeht verstummte redner faellt behauptungen eulenburgs naeher einzugehen fuerst eulenburg botschafter;-0.2201;0;2
537;Protocol_1908_12_11_01;1908;eulenburg;botschafter deutschen reichs aehnliche instruktion eulenburg anspruch bayerische ministerpraesident podewils bayerischen;0.004;0;1
538;Protocol_1908_12_11_01;1908;eulenburg;erklaert diplomaten sinne gehandelt fuerst eulenburg disziplinaruntersuchung eingeleitet ueberzeugt schlusseffekt betreffende;0.3476;0;3
539;Protocol_1908_12_11_01;1908;eulenburg;auswaertigen amts gewissen feierlichkeit fuersten eulenburg vorgetragenen behauptung amt gefuehrt;0.004;0;1
540;Protocol_1908_12_11_01;1908;harden;volke erinnert partner eulenburgs behandelt harden erkrankung gericht wohnung grunewald begeben;0.004;0;1
541;Protocol_1908_12_11_01;1908;harden;verhandeln harden arzte bezeugen liess krank fuerst;-0.4654;0;2
542;Protocol_1908_12_11_02;1908;eulenburg;abgeordnete erzberger bestimmte gestellt fuerst eulenburg diplomatische vertretungen wien muenchen uebertragen;0.004;0;1
543;Protocol_1908_12_11_03;1908;eulenburg;ich ausfuehrungen fuerst eulenburg angeklagter moabit vorgetragen meinerseits einziges;0;0;0
544;Protocol_1908_12_11_03;1908;eulenburg;behauptet instruktion gesandten botschaftern fuerst eulenburg besten lege wert referiert vorkommnis;0.008;0;2
545;Protocol_1909_01_18_01;1909;eulenburg;worten grosse sensation vorjahres prozess eulenburg beklagen prozess vorprozess moltkehardenlaster zustaende;-0.1233;0;3
546;Protocol_1909_01_18_01;1909;eulenburg;regierung abhilfe schaffen fern prozesses eulenburg vorwurf bewussten rechtsbeugung erheben integritaet;-0.5055;0;2
547;Protocol_1909_01_18_01;1909;harden;prozess eulenburg beklagen prozess vorprozess moltkehardenlaster zustaende weiten schichten volles bekannt;-0.4927;0;2
548;Protocol_1909_01_18_01;1909;moltke;prozess eulenburg beklagen prozess vorprozess moltkehardenlaster zustaende weiten schichten volles bekannt;-0.4927;0;2
549;Protocol_1909_01_18_01;1909;hirschfeld;erinnere vorjaehrigen verhandlungen bekannte petition  hirschfeld abaenderung aufhebung paragraf 175 strafgesetzbuchs;-0.0008;0;2
550;Protocol_1909_01_18_01;1909;175;petition  hirschfeld abaenderung aufhebung paragraf 175 strafgesetzbuchs plenum widerspruch einstimmigen kommission;-0.3703;0;2
551;Protocol_1909_01_18_01;1909;175;paragraf 175 schaerfer gefasst straftat missbrauch autoritaetsverhaeltnisses;0.22;0;2
552;Protocol_1909_01_18_02;1909;eulenburg;schluffe ausfuehrungen erwaehnt strafverfahrens fuersten eulenburg abgeordnete erwartung ausgesprochen prozess streng;-0.3619;0;2
553;Protocol_1909_01_18_03;1909;eulenburg;indem gegenstand abwende eulenburg staatssekretaer eingehend behandelt presse notiz;0;0;0
554;Protocol_1909_01_18_03;1909;eulenburg;befinden fuersten eulenburg wesentlich gebessert hegen justiz vertrauen;0.3552;0;2
555;Protocol_1909_01_18_04;1909;eulenburg;gefaehrlicher einschraenkung wahrheitsbeweises prozessen prozess eulenburg klagen abgeordneten vorhin handhabung rechts;-0.8422;0;4
556;Protocol_1909_01_18_04;1909;eulenburg;beantwortet presse vorwurf erhoben fuerst eulenburg prozess grausam behandelt prozess krankenbett;-1.1345;0;2
557;Protocol_1909_01_18_04;1909;eulenburg;krankenbett gefuehrt reihe angeklagte fuerst eulenburg moechte bitten prozesse auseinanderzureissen behandeln;0.349;0;2
558;Protocol_1909_01_18_04;1909;eulenburg;charite auge fasst meinung fuersten eulenburg verfahren leuten faellen verfahren (sehr;0;0;0
559;Protocol_1909_01_18_04;1909;eulenburg;prozesse moltkeharden zweiten instanz fuersten eulenburg gestattet verteidigungsrede oberstaatsanwalt jsenbiel gestattet;0;0;0
560;Protocol_1909_01_18_04;1909;eulenburg;geradezu schwaermerische liebeserklaerung welt fuersten eulenburg abzugeben gericht seinerzeit vorgaenge fuersten;0;0;0
561;Protocol_1909_01_18_04;1909;eulenburg;eulenburg beruehren ueberhaupt gehoerig auszuscheiden gericht;0.004;0;1
562;Protocol_1909_01_18_04;1909;eulenburg;zweiten hardenprozess eulenburg eroertern lasten glaenzenden angeblichen rechtfertigung;0.2034;0;2
563;Protocol_1909_01_18_04;1909;eulenburg;fuersten eulenburg ehrenerklaerung jsenbiel fuersten beweise angeklagte;0;0;0
564;Protocol_1909_01_18_04;1909;eulenburg;anbot nachher eulenburgprozesses zweiten hardenprozesse abgelehnt sehr spezialisierte;-0.6418;0;2
565;Protocol_1909_01_18_04;1909;eulenburg;nachher zugegeben aussagen zeugen fuersten eulenburg schwer belasteten bekannt besondere bedeutung;-0.5006;0;5
566;Protocol_1909_01_18_04;1909;eulenburg;fuessen erhebung beweise gewehrt fuersten eulenburg ehrenerklaerung abgegeben angeklagten harden verteidiger;0.004;0;1
567;Protocol_1909_01_18_04;1909;eulenburg;gesprochen – messer kehle gesetzt ehrenerklaerung eulenburg zwingen aufzuklaeren bedenken prozess muenchen;-0.4935;0;2
568;Protocol_1909_01_18_04;1909;eulenburg;berlin genaueren ermittlungen schliesslich anklage eulenburg uebergegangen hierin kern fuerst eulenburg;-0.3428;0;2
569;Protocol_1909_01_18_04;1909;eulenburg;sozialdemokraten) anklage geschritten absolut wunderbar eulenburgprozess fuersten eulenburg beamten kriminalpolizei ausgesagt;0.6184;0;3
570;Protocol_1909_01_18_04;1909;eulenburg;bekannt pflegt kriminalkommissaren ruecksprache schwurgerichtsprozess eulenburg staatsanwaltschaft gefuehrt schnellen freisprechung gesichtspunkte;0.3574;0;4
571;Protocol_1909_01_18_04;1909;eulenburg;mitleids fuersten eulenburg fuehren zeugen bestimmtheit ausgesagt weichen;0.3631;0;2
572;Protocol_1909_01_18_04;1909;eulenburg;beabsichtigte – wirkung ungunsten gunsten fuersten eulenburg freisprechung fuehren mitleid kranken charite;-0.4614;0;3
573;Protocol_1909_01_18_04;1909;eulenburg;abgeurteilt eulenburg moeglich prozess krankenbette absolut fuerchtete;-0.1087;0;3
574;Protocol_1909_01_18_04;1909;eulenburg;abzubrechen meinung die oeffentlichkeit behandlung eulenburgs betrifft beschwerde fuehren fuerst menschlich;0.3316;0;3
575;Protocol_1909_01_18_04;1909;eulenburg;geschuettelt wuensche groessere strenge fuersten eulenburg verkenne ueberzeugung eid geleistet widerwillig;0.0163;0;3
576;Protocol_1909_01_18_04;1909;harden;angehoerigen waehlern bergleuten handelte falle moltkeharden abschneiden wahrheitsbeweises interesse privatklaegers grafen;-0.2113;0;2
577;Protocol_1909_01_18_04;1909;harden;sehr richtig sozialdemokraten) anklage prozesse moltkeharden zweiten instanz fuersten eulenburg gestattet;-0.3428;0;2
578;Protocol_1909_01_18_04;1909;harden;ueberhaupt gehoerig auszuscheiden gericht zweiten hardenprozess eulenburg eroertern lasten glaenzenden angeblichen;0.2074;0;3
579;Protocol_1909_01_18_04;1909;harden;angeklagte anbot nachher eulenburgprozesses zweiten hardenprozesse abgelehnt sehr spezialisierte gaben oberstaatsanwalt;-0.5671;0;3
580;Protocol_1909_01_18_04;1909;harden;fuersten eulenburg ehrenerklaerung abgegeben angeklagten harden verteidiger – figuerlich gesprochen – messer kehle;0.004;0;1
581;Protocol_1909_01_18_04;1909;harden;kriminalpolizei ausgesagt oberstaatsanwalt isenbiel zweiten hardenprozess bekannt pflegt kriminalkommissaren ruecksprache schwurgerichtsprozess;0.2365;0;2
582;Protocol_1909_01_18_04;1909;moltke;angehoerigen waehlern bergleuten handelte falle moltkeharden abschneiden wahrheitsbeweises interesse privatklaegers grafen;-0.2113;0;2
583;Protocol_1909_01_18_04;1909;moltke;moltke gelegen wahrheitsbeweis abgeschnitten graf moltke saal verlassen obsiegendem urteil allgemeinen;0;0;0
584;Protocol_1909_01_18_04;1909;moltke;sehr richtig sozialdemokraten) anklage prozesse moltkeharden zweiten instanz fuersten eulenburg gestattet;-0.3428;0;2
585;Protocol_1909_01_18_05;1909;eulenburg;meine ausfuehrlichen eroerterungen eulenburg hause besonders eingehen moechte hervorheben;0.3442;0;3
586;Protocol_1909_01_18_05;1909;eulenburg;kollegen beizer heine weise geuebt eulenburg behandelt vollstaendig einverstanden ueberzeugung angeklagte;0.2324;0;3
587;Protocol_1909_01_18_06;1909;eulenburg;ausfuehrlichen eroerterungen vorgerueckten stunde naeher eulenburg einzugehen zeitungsmeldung bestaetigen besserung zustande;0.0886;0;4
588;Protocol_1909_01_18_06;1909;eulenburg;fuersten eulenburg verhandlungsfaehig duerfen erwarten justiz energisch;0.004;0;1
589;Protocol_1909_01_18_06;1909;eulenburg;verurteilung freisprechung gelangt akten leidigen eulenburg geschlossen moechte kurz eingehen wiederholt;0.1196;0;5
590;Protocol_1909_01_19_01;1909;eulenburg;das auftreten staatsanwaltschaft eulenburgprozess bereits genuegend behandelt beschraenke satz;0.0971;0;2
591;Protocol_1909_01_19_01;1909;eulenburg;richter armen teufel angewendet fuersten eulenburg gehandhabt (lebhafte zustimmung links) geschieht;-0.4506;0;2
592;Protocol_1909_01_19_01;1909;eulenburg;lieblose bemerkung prozess eulenburg vorlaeufig zurueckstellen laesst leugnen – sehr;-0.9559;0;2
593;Protocol_1909_01_19_02;1909;eulenburg;ich sprechen kuenftige gesetze prozess eulenburg punkte vordergrund debatte geschoben kuenftige;0;0;0
594;Protocol_1909_01_19_02;1909;eulenburg;gesetze kennen kritisieren duerfe prozess eulenburg moechte sprechen angst befangen gilt;-0.8409;0;4
595;Protocol_1909_01_19_02;1909;eulenburg;recht unrecht fuerst eulenburg umschwung polenpolitik (hoert hoert polen;-0.5046;0;2
596;Protocol_1909_01_19_03;1909;eulenburg;ich kurzen worten eulenburgprozess eingehen prozess tagespresse hinlaenglich recht;-0.0056;0;3
597;Protocol_1909_01_19_03;1909;eulenburg;vernehmen zeitungsmitteilungen entnehmen gesundheitszustand fuersten eulenburg letzter gebessert zutreffend erwarten verhandlung;0.004;0;1
598;Protocol_1909_01_19_03;1909;eulenburg;fuersten eulenburg aufgenommen fuerst geringer armer volke;-1.1167;0;2
599;Protocol_1909_01_19_03;1909;eulenburg;ruecksichten walten – beklage milde fuersten eulenburg kranken behandelt leben angeklagten fortfuehrung;-0.6318;0;4
600;Protocol_1909_01_19_03;1909;eulenburg;prozesses gefahr prozess eulenburg ansehen person fortgefuehrt aermste volke;-1.4546;0;2
601;Protocol_1909_01_19_04;1909;eulenburg;zu eulenburg erscheinung ans licht getreten die;0;0;0
602;Protocol_1909_01_19_04;1909;eulenburg;presse besonders teil presse angeklagten eulenburg feindselig gegenueberstand angreifer angeklagten vornherein;-0.4627;0;2
603;Protocol_1909_01_28_01;1909;175;vorgesehen ist ausnahmen gerichtet paragraf 175 handelt gott ausnahmen diebstahl mord;-0.71;0;2
604;Protocol_1909_03_30_01;1909;kamarill;sozialdemokraten) springende punkt preussischdeutschen negierungssystems kamarilla spricht glaubt abgeschlachtet – kamarilla gehoert;0;0;0
605;Protocol_1909_03_30_01;1909;kamarill;person schicksal karriere minister entscheidet kamarilla gewissermassen unentbehrlich system funktionieren quelle;0.004;0;1
606;Protocol_1909_03_30_02;1909;kamarill;sehr wahr) verbreitet beruehmte thema kamarilla woertlich gemeint – bemerkung notiert – gespannt;0.3267;0;1
607;Protocol_1909_03_30_02;1909;kamarill;sehr neugierig wagen existenz kamarilla bestreiten bestreite existenz kamarilla hofe;0.004;0;1
608;Protocol_1909_03_30_02;1909;kamarill;operieren (heiterkeit – unruhe sozialdemokraten) kaiserhof kamarilla gaebe einfluss (na na sozialdemokraten;-0.201;0;1
609;Protocol_1909_03_30_03;1909;kamarill;wenn reichskanzler existenz kamarilla kollegen david bestritt eigenartiges vergnuegen;0.179;0;2
610;Protocol_1909_03_30_03;1909;kamarill;gelegenheiten existenz spricht kamarilla besonderes vergnuegen existenz kamarilla bestaetigen;0.2732;0;3
611;Protocol_1909_03_30_03;1909;kamarill;worte fuersten buelow berufen existenz kamarilla sprach reichskanzler besser existenz bestritten;0.004;0;1
612;Protocol_1909_04_23_01;1909;eulenburg;entsprochen oeffentlichkeit besonders auge gefasst eulenburg folgt vorlage bemerken geglaubt vorlage;0;0;0
613;Protocol_1909_04_23_01;1909;eulenburg;strafgesetzbuchs bringt geeignet oeffentlichkeit meinte eulenburg verhindern selben oeffentlichkeit ueberlassen darlegungen;0.1006;0;1
614;Protocol_1909_04_23_01;1909;eulenburg;massgebend oeffentlichkeit sinne moege gedanke eulenburg mitgespielt wamm betrifft vorzeitige abaenderung;0.0028;0;3
615;Protocol_1909_04_23_01;1909;eulenburg;7– (sehr richtig mitte) erinnerung eulenburg legt fernere erinnerung nahe petitionskommission;0.2307;0;2
616;Protocol_1909_04_23_01;1909;eulenburg;vielfach schlechte erfahrungen hinsicht bezug eulenburg erlebt prozesse moltkeharden oeffentliche interesse;-0.7626;0;3
617;Protocol_1909_04_23_01;1909;harden;hinsicht bezug eulenburg erlebt prozesse moltkeharden oeffentliche interesse vorhanden angesehen liess;0.008;0;2
618;Protocol_1909_04_23_01;1909;harden;unstreitig derartiges verhindert bekanntwerden vorgaenge harden oeffentlichkeit uebermittelt oeffentlichkeit hoechst bedauerlich;-0.0551;0;1
619;Protocol_1909_04_23_01;1909;moltke;hinsicht bezug eulenburg erlebt prozesse moltkeharden oeffentliche interesse vorhanden angesehen liess;0.008;0;2
620;Protocol_1909_04_23_01;1909;175;reichstags einstimmig verlangt moegen paragraf 175 strafgesetzbuchs geschieht personen die obhut;0.345;0;1
621;Protocol_1909_04_23_01;1909;175;richtig mitte) vorlage aenderung paragraf 175 enthalten einzelnen bestimmungen wende die;0.004;0;1
622;Protocol_1909_04_23_02;1909;eulenburg;aenderung beleidigungsbegriffes aenderung bestrafung beleidigung eulenburg gefuehrt derartige eulenburg hervorgetreten zukunft;-0.344;0;3
623;Protocol_1909_04_23_02;1909;eulenburg;oeffentliche interesse innigste beruehren falle eulenburg richtig handelte vorgang privatleben abgespielt;-0.2073;0;3
624;Protocol_1909_04_23_02;1909;eulenburg;falle insbesondere aehnlichen faellen falle eulenburg – staatssekretaer zugesagt – einschraenkung wahrheitsbeweises eintreten;-0.6354;0;3
625;Protocol_1909_04_23_03;1909;eulenburg;merkwuerdige bedenkliche verstaerkung schutzes ehre eulenburg prozess verschaerfung gezeitigt untersuchen schenken;-0.528;0;6
626;Protocol_1909_04_23_03;1909;eulenburg;verstehen oeffentliche meinung ueberzeugung eulenburg prozess moltke prozesse sogenannten reformvorschlaege;0.0997;0;2
627;Protocol_1909_04_23_03;1909;eulenburg;versucht regierung fuerchtet prozesse moltke eulenburg prozesse (heiterkeit sozialdemokraten) geneigt glauben;-0.3505;0;2
628;Protocol_1909_04_23_03;1909;moltke;oeffentliche meinung ueberzeugung eulenburg prozess moltke prozesse sogenannten reformvorschlaege gezeitigt beweisaufnahme;0.004;0;1
629;Protocol_1909_04_23_03;1909;moltke;getreten versucht regierung fuerchtet prozesse moltke eulenburg prozesse (heiterkeit sozialdemokraten) geneigt;-0.3545;0;1
630;Protocol_1909_04_24_01;1909;harden;nun paar worte moltkeharden gesetzgebung bedeutung verstehe aengstlich weist;-0.3738;0;3
631;Protocol_1909_04_24_01;1909;harden;richtig links) schaeden prozess moltke harden gezeigt welt (sehr wahr links;-0.3083;0;3
632;Protocol_1909_04_24_01;1909;harden;schuldig einzugehen moechte prozess schrifstellers harden moltke rechtliches interesse harden grafen;-0.4486;0;5
633;Protocol_1909_04_24_01;1909;moltke;nun paar worte moltkeharden gesetzgebung bedeutung verstehe aengstlich weist;-0.3738;0;3
634;Protocol_1909_04_24_01;1909;moltke;moltke reformgedanken mitspiele verkettung unbedenklich gesetzgebung;0;0;0
635;Protocol_1909_04_24_01;1909;moltke;sehr richtig links) schaeden prozess moltke harden gezeigt welt (sehr wahr;-0.3083;0;3
636;Protocol_1909_04_24_01;1909;moltke;einzugehen moechte prozess schrifstellers harden moltke rechtliches interesse harden grafen moltke;0.3482;0;4
637;Protocol_1909_04_24_01;1909;moltke;schwere vorwurf berechtigt prozess graf moltke gefuehrt fuehrt interessiert schlechterdings verstaendigen;-0.5023;0;5
638;Protocol_1910_01_15_01;1910;eulenburg;unterliegt zweifel gesetz recht iex eulenburg bezeichnet ueberhaupt bekommen peinlichen eroerterungen;-0.0104;0;4
639;Protocol_1910_01_15_01;1910;eulenburg;absicht zweifeln gewisse sentimentalitaet anlaesslich eulenburgprozesses einschraenkungen wahrheitsbeweises vorgehen zweifel gehoben;0.0075;0;4
640;Protocol_1910_01_20_01;1910;eulenburg;veranlasst – hoffe – paar worten prozess eulenburg zurueckzukommen vorigen jahre cause celebres;0.2318;0;1
641;Protocol_1910_01_20_01;1910;eulenburg;stimulationsmittel verhandlungsfaehig verabreichen grunde prozess eulenburg erledigt deutsche volk zufrieden mahnung;0.393;0;1
642;Protocol_1910_01_20_01;1910;eulenburg;vergiftung niederstehende kreise hinweis prozess eulenburg veranlassen wohlmeinend beschraenkung presseberichte zuzustimmen;-0.3518;0;1
643;Protocol_1910_01_31_01;1910;widernat;konsequent lasst zustimmung parteien strafbestimmungen widernatuerliche verbrechen blutschande kuppelei streichen gesetz;-0.2984;0;3
644;Protocol_1910_01_31_02;1910;175;erscheinen laesst vermoegensrechtlich weittragende paragraf 175 strafgesetzbuchs gefehlt geltend gouverneur anwendung;-0.5365;0;1
645;Protocol_1911_02_21_01;1911;eulenburg;erregung schoenebeck tiefgehend prozesse wrede eulenburg vorlegen armen moeglich allenstein eulenburgprozess;-0.4506;0;2
646;Protocol_1911_02_21_01;1911;eulenburg;ausgesprochenen absicht paar worten prozess eulenburg zurueckkommen angedeutet erfolgreiche durchfuehrung prozesses;0.2193;0;1
647;Protocol_1911_02_21_02;1911;eulenburg;meine eulenburg abgeordneter belzer erwaehnte vorigen jahre;0;0;0
648;Protocol_1911_02_21_02;1911;eulenburg;gebe erinnern oeffentlicher verhandlung fuerst eulenburg zusammengebrochen gegenwart geschworenen richter geschworenen;0;0;0
649;Protocol_1911_02_21_03;1911;eulenburg;kreise bekannten umgebung kaisers fuerst eulenburg gehoerte beleidigt disziplinarisch amtes enthoben;-0.6036;0;2
650;Protocol_1911_02_21_03;1911;175;landrat schwerer sittlicher verfehlungen paragraf 175 strafgesetzbuches schuldig (hoert hoert links;-0.8064;0;3
651;Protocol_1911_02_22_01;1911;eulenburg;sodann eulenburg verschiedenen rednern beruehrt wiederholt bedauerlichen;-0.0551;0;1
652;Protocol_1911_02_22_01;1911;eulenburg;preussischen justizminister bekommen untersuchung fuersten eulenburg medizinalrat stoermer stattgefunden fuerst eulenburg;0;0;0
653;Protocol_1911_02_22_02;1911;widernat;3 monate urkundenfaelschung 5 wochen widernatuerliche unzucht 6 wochen raub 4;-0.3112;0;2
654;Protocol_1911_02_22_03;1911;175;schlummern geisteskrankheit 1899 osterroth vergehens z175 strafgesetzbuchs begangen diener schmidt schuldig;-0.8016;0;2
655;Protocol_1911_02_22_03;1911;175;osterroth last fallenden vergehens paragraf 175 strafgesetzbuchs strafrechtlich ueberhaupt verantwortung gezogen;-0.0008;0;2
656;Protocol_1911_02_24_01;1911;eulenburg;wenn fuerst eulenburg jaenicke gestiegen gezwungen abschied (heiterkeit;-0.4935;0;2
657;Protocol_1911_02_24_01;1911;harden;bezweifle angelegenheit motives zurredestellung jaenicke harden persoenlich gewiss sympathien hege (hoert;0;0;0
658;Protocol_1911_02_24_01;1911;moltke;mitte rechts) seinerzeit forderung grafen moltke satisfaktionsfaehig motivierung geradezu kindlich unwuerdig;-0.7312;0;1
659;Protocol_1911_02_28_01;1911;harden;konstatierung sitzung 24 1911 falles hardenjaenccke ausgefuehrt angelegenheit motivierung zurredestellung jaenecke;0;0;0
660;Protocol_1911_02_28_01;1911;harden;harden seinerzeit forderung grafen moltke satisfaktionsfaehig;0;0;0
661;Protocol_1911_02_28_01;1911;moltke;jaenecke harden seinerzeit forderung grafen moltke satisfaktionsfaehig glaube motivierung kindlich unwuerdig;-0.7272;0;2
662;Protocol_1912_05_10_01;1912;eulenburg;ich wolff metternich hammerstein eulenburg nennen die verschwistert verschwaegert bunten;0.3507;0;1
663;Protocol_1912_05_18_01;1912;eulenburg;bekommen ehemalige botschafter fuerst philipp eulenburg – bekanntlich richterspruchs harrt – verstrickt hoefische;-0.0048;0;1
664;Protocol_1913_02_08_01;1913;eulenburg;betrifft brauche bild vervollstaendigen unerledigten eulenburg verweisen glaube gegenstand eroerterungen hause;0.004;0;1
665;Protocol_1913_02_08_01;1913;eulenburg;richtig sozialdemokraten) mitgeteilt krankheitszustand fuersten eulenburg hindert amtsvorsteher (hoert hoert) interesse;0.008;0;2
666;Protocol_1913_02_08_02;1913;eulenburg;oairss eaeoedrs vorredner befasst prozetz eulenburg frueheren jahren beruehrt vorgenommen ausgesprochen;0;0;0
667;Protocol_1913_02_08_02;1913;eulenburg;gelassen richte nochmals anfrage prozesses eulenburg staatssekretaer blaettern mitgeteilt hauptbclastungszeuge trost;0.3031;0;2
668;Protocol_1913_02_08_02;1913;eulenburg;glaube wohnt bayern – skandal fuerst eulenburg gesund hauptbelastungszeugen tot freisprechung erfolgen;0.3309;0;5
669;Protocol_1913_02_08_02;1913;eulenburg;deutschen rechtsleben truebe bilder prozess eulenburg zukunft erspart gemeinsamen streben gelingen;-0.0008;0;2
670;Protocol_1913_02_08_03;1913;eulenburg;herr beizer verfahren fuersten eulenburg gerichtet uebereinstimmung abgeordneter cohn mitgeteilt;0.004;0;1
671;Protocol_1913_02_08_03;1913;eulenburg;dezember vorigen untersuchung fuersten eulenburg verhandlungsfaehigkeit haftfaehigkeit stattgefunden aerztliche untersuchung;0;0;0
672;Protocol_1913_02_08_03;1913;eulenburg;ergeben fuerst eulenburg verhandlungsfaehig haftfaehig (zurufe zentrum natuerlich;0;0;0
673;Protocol_1913_02_08_03;1913;eulenburg;gegenwart geschworenen saemtlicher richter fuerst eulenburg verhandlung zusammengebrochen geschworenen hoechst eigentuemlich;0;0;0
674;Protocol_1913_02_08_03;1913;eulenburg;gericht geschehen verhandelt vorhanden fuerst eulenburg verhandlungsfaehig fuerst eulenburg amtsvorsteher ltebenberg;0.004;0;1
675;Protocol_1913_02_11_01;1913;sexu;epileptoiden konstitution lebens bereits anomalie sexuellen triebrichtung einhergehe denke freisprechende urteil;-0.0048;0;1
676;Protocol_1913_02_13_01;1913;eulenburg;es rahmen besprechung klassenjustiz hingewiesen eulenburg persoenlich bemerkung freunde standpunkte persoenlich;0.0116;0;1
677;Protocol_1913_02_13_01;1913;eulenburg;wert verfahren eulenburg durchgefuehrt schwer bestraft zusammengebrochen glaenzenden;-0.2737;0;4
678;Protocol_1913_02_13_01;1913;eulenburg;schwachen erwaegungen weiss behandlung falles eulenburg draussen volke wirkt glaube besteht;-0.9126;0;3
679;Protocol_1913_02_13_01;1913;eulenburg;staat schnell schiessen kanonen falle eulenburg staatsautoritaet grunde gerichtet vertrauen justiz;0.2528;0;3
680;Protocol_1913_04_03_01;1913;eulenburg;rechts anstalt befinden genau fuerst eulenburg sanatorium begibt bezweifle sehr arendt;0.008;0;2
681;Protocol_1913_04_03_01;1913;eulenburg;fuerst eulenburg sanatorium zurueckweisung aufnahme waehlerliste genau;0.004;0;1
682;Protocol_1913_04_03_01;1913;eulenburg;solle beweis wahlberechtigung asylisten eulenburg einholen glaube dingen gewalt antun;-0.5323;0;2
683;Protocol_1913_04_19_01;1913;eulenburg;person eingeschritten (zuruf sozialdemokraten graf eulenburg) (glocke praesidenten;0;0;0
684;Protocol_1913_06_18_01;1913;eulenburg;in kolonialkriege – (zuruf sozialdemokraten graf eulenburg) – unangenehm weiss – kriegerdenkmaelern (zurufe unruhe;-0.6701;0;2
685;Protocol_1914_01_30_01;1914;sexu;unausgesetzt herausgebruellten lockruf ertoenen liessen homosexuellen skandale schoeneberg wirkt attacke anstandsgefuehl;-0.4748;0;2
686;Protocol_1914_02_16_01;1914;sexu;strassenverkauf lebt kaeufer tollsten bringt sexuellen einschlag enthuellungen hochgestellte personen bringt;0.5058;0;3
687;Protocol_1914_02_16_01;1914;sexu;gefaengnis verurteilt neulich – glaube – verhaftet homosexueller sadist werke kriminalistischen schriftstellers vorgefunden;-0.766;0;2
688;Protocol_1914_02_17_01;1914;eulenburg;berechtigt verschleppung prozesses beklagen fuerst eulenburg (sehr gut heiterkeit) kollege beizer;-0.1251;0;2
689;Protocol_1914_05_14_01;1914;sexu;fisch maennlich weiblich politik jahrbuch sexuelle zwischenstufen behandelt;0;0;0
