;value;words
0;-0.058;abbau
0;-0.058;abbaus
0;-0.058;abbaues
0;-0.058;abbauen
0;-0.058;abbaue
0;-0.058;abbauten
0;-0.0048;abbruch
0;-0.0048;abbruches
0;-0.0048;abbrueche
0;-0.0048;abbruchs
0;-0.0048;abbruechen
0;-0.0048;abbruche
0;-0.0048;abdankung
0;-0.0048;abdankungen
0;-0.0048;abdaempfung
0;-0.0048;abdaempfungen
0;-0.0048;abfall
0;-0.0048;abfalles
0;-0.0048;abfaelle
0;-0.0048;abfalls
0;-0.0048;abfaellen
0;-0.0048;abfalle
0;-0.3367;abfuhr
0;-0.3367;abfuhren
0;-0.3465;abgrund
0;-0.3465;abgruende
0;-0.3465;abgrunde
0;-0.3465;abgrundes
0;-0.3465;abgrunds
0;-0.3465;abgruenden
0;-0.3653;abhaengigkeit
0;-0.3653;abhaengigkeiten
0;-0.5118;ablehnung
0;-0.5118;ablehnungen
0;-0.0435;ablenkung
0;-0.0435;ablenkungen
0;-0.0048;abnahme
0;-0.0048;abnahmen
0;-0.0048;abneigung
0;-0.0048;abneigungen
0;-0.0048;abnutzung
0;-0.0048;abnutzungen
0;-0.0048;abriss
0;-0.0048;abrisse
0;-0.0048;abrissen
0;-0.0048;abrisses
0;-0.0048;abrutsch
0;-0.0048;abrutschen
0;-0.0048;abrutsche
0;-0.0048;abrutsches
0;-0.0048;abrutschs
0;-0.058;abschaffung
0;-0.058;abschaffungen
0;-0.0048;abschreckung
0;-0.0048;abschreckungen
0;-0.3345;abschreibung
0;-0.3345;abschreibungen
0;-0.0048;abschuss
0;-0.0048;abschuesse
0;-0.0048;abschusses
0;-0.0048;abschuessen
0;-0.0048;abschuss
0;-0.0048;abschuesse
0;-0.0048;abschusse
0;-0.0048;abschusses
0;-0.0048;abschuessen
0;-0.1935;abschwaechung
0;-0.1935;abschwaechungen
0;-0.3434;absenkung
0;-0.3434;absenkungen
0;-0.0048;abspaltung
0;-0.0048;abspaltungen
0;-0.0048;absperrung
0;-0.0048;absperrungen
0;-0.3215;abstieg
0;-0.3215;abstiegs
0;-0.3215;abstiege
0;-0.3215;abstiegen
0;-0.3215;abstieges
0;-0.0048;abstoss
0;-0.0048;abstoessen
0;-0.0048;abstoesse
0;-0.0048;abstosse
0;-0.0048;abstosses
0;-0.3201;abstrich
0;-0.3201;abstrichen
0;-0.3201;abstrichs
0;-0.3201;abstriches
0;-0.3201;abstriche
0;-0.0048;abstumpfung
0;-0.0048;abstumpfungen
0;-0.4739;absturz
0;-0.4739;abstuerzen
0;-0.4739;absturze
0;-0.4739;absturzes
0;-0.4739;abstuerze
0;-0.0048;absurditaet
0;-0.0048;absurditaeten
0;-0.3462;abweichung
0;-0.3462;abweichungen
0;-0.0048;abweisung
0;-0.0048;abweisungen
0;-0.3283;abwertung
0;-0.3283;abwertungen
0;-0.1941;abwaertstrend
0;-0.1941;abwaertstrends
0;-0.0048;abzocke
0;-0.0048;abzocken
0;-0.0048;achtlosigkeit
0;-0.0048;achtlosigkeiten
0;-0.1794;affaere
0;-0.1794;affaeren
0;-0.4889;aggression
0;-0.4889;aggressionen
0;-0.1958;aggressivitaet
0;-0.1958;aggressivitaeten
0;-0.3155;aggressor
0;-0.3155;aggressoren
0;-0.3155;aggressors
0;-0.0048;agitation
0;-0.0048;agitationen
0;-0.0048;alarm
0;-0.0048;alarme
0;-0.0048;alarms
0;-0.0048;alarmen
0;-0.0048;alarmes
0;-0.0048;alptraum
0;-0.0048;alptraeume
0;-0.0048;alptraeumen
0;-0.0048;alptraums
0;-0.0048;alptraumes
0;-0.0048;alptraume
0;-0.0048;albtraum
0;-0.0048;albtraeume
0;-0.0048;albtraeumen
0;-0.0048;albtraums
0;-0.0048;albtraumes
0;-0.0048;albtraume
0;-0.0048;amateur
0;-0.0048;amateuren
0;-0.0048;amateure
0;-0.0048;amateurs
0;-0.3266;ambivalenz
0;-0.3266;ambivalenzen
0;-0.0048;androhung
0;-0.0048;androhungen
0;-0.0048;anfaelligkeit
0;-0.0048;anfaelligkeiten
0;-0.0048;angreifer
0;-0.0048;angreifers
0;-0.0048;angreifern
0;-0.212;angriff
0;-0.212;angriffe
0;-0.212;angriffen
0;-0.212;angriffs
0;-0.212;angriffes
0;-0.514;angst
0;-0.514;aengste
0;-0.514;aengsten
0;-0.3468;anklage
0;-0.3468;anklagen
0;-0.0048;anmassung
0;-0.0048;anmassungen
0;-0.0048;annullierung
0;-0.0048;annullierungen
0;-0.0048;anomalie
0;-0.0048;anomalien
0;-0.0048;anspannung
0;-0.0048;anspannungen
0;-0.0048;anstrengung
0;-0.0048;anstrengungen
0;-0.0048;antipathie
0;-0.0048;antipathien
0;-0.3549;arbeitslose
0;-0.3549;arbeitslosen
0;-0.3549;arbeitsloser
0;-0.3549;arbeitslosem
0;-0.3654;nan
0;-0.2038;nan
0;-0.3289;arroganz
0;-0.3289;arroganzen
0;-0.1901;arschloch
0;-0.1901;arschloecher
0;-0.1901;arschlochs
0;-0.1901;arschloechern
0;-0.1901;arschloches
0;-0.1901;arschloche
0;-0.47;attacke
0;-0.47;attacken
0;-0.0048;aufhebung
0;-0.0048;aufhebungen
0;-0.0048;aufloesung
0;-0.0048;aufloesungen
0;-0.0386;aufregung
0;-0.0386;aufregungen
0;-0.0048;aufruhr
0;-0.0048;aufruhre
0;-0.0048;aufruhrs
0;-0.0048;aufruhren
0;-0.0048;aufruhres
0;-0.0048;aufschrei
0;-0.0048;aufschreien
0;-0.0048;aufschreis
0;-0.0048;aufschreie
0;-0.0048;aufschreies
0;-0.0048;aufstand
0;-0.0048;aufstandes
0;-0.0048;aufstaende
0;-0.0048;aufstands
0;-0.0048;aufstaenden
0;-0.0048;aufstande
0;-0.1894;ausbeute
0;-0.1894;ausbeuten
0;-0.0048;ausbeuter
0;-0.0048;ausbeuters
0;-0.0048;ausbeutern
0;-0.0048;ausbeutung
0;-0.0048;ausbeutungen
0;-0.0048;ausbruch
0;-0.0048;ausbruchs
0;-0.0048;ausbruches
0;-0.0048;ausbrueche
0;-0.0048;ausbruechen
0;-0.0048;ausbruche
0;-0.0603;auseinandersetzung
0;-0.0603;auseinandersetzungen
0;-0.2164;ausfall
0;-0.2164;ausfaellen
0;-0.2164;ausfaelle
0;-0.2164;ausfalles
0;-0.2164;ausfalls
0;-0.2164;ausfalle
0;-0.626;ausgrenzung
0;-0.626;ausgrenzungen
0;-0.0048;ausloeschung
0;-0.0048;ausloeschungen
0;-0.0048;ausrottung
0;-0.0048;ausrottungen
0;-0.0048;ausschliessung
0;-0.0048;ausschliessungen
0;-0.0048;aussetzung
0;-0.0048;aussetzungen
0;-0.0048;banalitaet
0;-0.0048;banalitaeten
0;-0.0048;bankrott
0;-0.0048;bankrotte
0;-0.0048;bankrotts
0;-0.0048;bankrottes
0;-0.0048;bankrotten
0;-0.0048;barriere
0;-0.0048;barrieren
0;-0.0048;bedeutungslosigkeit
0;-0.0048;bedeutungslosigkeiten
0;-0.0048;bedrohung
0;-0.0048;bedrohungen
0;-0.0048;bedraengung
0;-0.0048;bedraengungen
0;-0.0435;bedrueckung
0;-0.0435;bedrueckungen
0;-0.0048;beduerftige
0;-0.0048;beduerftigen
0;-0.3472;beeintraechtigung
0;-0.3472;beeintraechtigungen
0;-0.0048;befall
0;-0.0048;befalls
0;-0.0048;befaelle
0;-0.0048;befaellen
0;-0.0048;befalles
0;-0.0048;befalle
0;-0.0048;befangenheit
0;-0.0048;befangenheiten
0;-0.4903;befuerchtung
0;-0.4903;befuerchtungen
0;-0.0048;begrenzung
0;-0.0048;begrenzungen
0;-0.3578;behinderung
0;-0.3578;behinderungen
0;-0.3711;belastung
0;-0.3711;belastungen
0;-0.3432;beleidigung
0;-0.3432;beleidigungen
0;-0.0048;belaestigung
0;-0.0048;belaestigungen
0;-0.3313;beschneidung
0;-0.3313;beschneidungen
0;-0.3518;beschraenkung
0;-0.3518;beschraenkungen
0;-0.3209;beschuldigung
0;-0.3209;beschuldigungen
0;-0.0048;beschwerde
0;-0.0048;beschwerden
0;-0.0048;beschwerlichkeit
0;-0.0048;beschwerlichkeiten
0;-0.0048;beschaedigung
0;-0.0048;beschaedigungen
0;-0.0048;beschaeftigungslose
0;-0.0048;beschaeftigungslosen
0;-0.0048;nan
0;-0.0048;beschaemung
0;-0.0048;beschaemungen
0;-0.0048;beseitigung
0;-0.0048;beseitigungnen
0;-0.0048;besorgnis
0;-0.0048;besorgnissen
0;-0.0048;besorgnisse
0;-0.0048;bestechung
0;-0.0048;bestechungen
0;-0.0048;besteuerung
0;-0.0048;besteuerungen
0;-0.0048;bestrafung
0;-0.0048;bestrafungen
0;-0.0048;nan
0;-0.4913;betrug
0;-0.4913;betrugs
0;-0.4913;betruges
0;-0.4913;betruge
0;-0.3311;betrueger
0;-0.3311;betruegers
0;-0.3311;betruegern
0;-0.0048;beule
0;-0.0048;beulen
0;-0.324;beunruhigung
0;-0.324;beunruhigungen
0;-0.0048;bevormundung
0;-0.0048;bevormundungen
0;-0.0048;bitterkeit
0;-0.0048;bitterkeiten
0;-0.0048;nan
0;-0.0048;blockade
0;-0.0048;blockaden
0;-0.0048;blockierung
0;-0.0048;blockierungen
0;-0.0048;bloedheit
0;-0.0048;bloedheiten
0;-0.0048;bombardement
0;-0.0048;bombardements
0;-0.0048;bombardierung
0;-0.0048;bombardierungen
0;-0.0048;bombe
0;-0.0048;bomben
0;-0.3371;bosheit
0;-0.3371;bosheiten
0;-0.0048;brand
0;-0.0048;braenden
0;-0.0048;braende
0;-0.0048;brandes
0;-0.0048;brands
0;-0.0048;brande
0;-0.3463;bruch
0;-0.3463;bruchs
0;-0.3463;brueche
0;-0.3463;bruches
0;-0.3463;bruechen
0;-0.3463;bruche
0;-0.0048;brutalitaet
0;-0.0048;brutalitaeten
0;-0.3377;bussgeld
0;-0.3377;bussgeldes
0;-0.3377;bussgelds
0;-0.3377;bussgelder
0;-0.3377;bussgeldern
0;-0.3189;boesartigkeit
0;-0.3189;boesartigkeiten
0;-0.0048;boesewicht
0;-0.0048;boesewichten
0;-0.0048;boesewichte
0;-0.0048;boesewichts
0;-0.0048;boesewichtes
0;-0.0048;boesewichter
0;-0.0524;buerde
0;-0.0524;buerden
0;-0.3489;nan
0;-0.1885;crash
0;-0.1885;crashs
0;-0.0048;defekt
0;-0.0048;defekten
0;-0.0048;defekts
0;-0.0048;defektes
0;-0.0048;defekte
0;-0.347;defizit
0;-0.347;defiziten
0;-0.347;defizits
0;-0.347;defizite
0;-0.347;defizites
0;-0.0048;deformation
0;-0.0048;deformationen
0;-0.3137;degradierung
0;-0.3137;degradierungen
0;-0.0048;nan
0;-0.0048;demuetigung
0;-0.0048;demuetigungen
0;-0.0048;denkfehler
0;-0.0048;denkfehlern
0;-0.0048;denkfehlers
0;-0.4951;depression
0;-0.4951;depressionen
0;-0.3413;desaster
0;-0.3413;desastern
0;-0.3413;desasters
0;-0.3348;desinteresse
0;-0.3348;desinteresses
0;-0.0048;dezimierung
0;-0.0048;dezimierungen
0;-0.1962;dieb
0;-0.1962;diebes
0;-0.1962;diebs
0;-0.1962;dieben
0;-0.1962;diebe
0;-0.3505;diebstahl
0;-0.3505;diebstahls
0;-0.3505;diebstaehle
0;-0.3505;diebstahles
0;-0.3505;diebstaehlen
0;-0.4591;diffamierung
0;-0.4591;diffamierungen
0;-0.0048;diktator
0;-0.0048;diktatoren
0;-0.0048;diktators
0;-0.3403;dilemma
0;-0.3403;dilemmas
0;-0.3403;dilemmata
0;-0.0048;diskriminierung
0;-0.0048;diskriminierungen
0;-0.0048;dissens
0;-0.0048;dissensen
0;-0.0048;dissense
0;-0.0048;dissenses
0;-0.0048;dominierung
0;-0.0048;dominierungen
0;-0.0048;doppeldeutigkeit
0;-0.0048;doppeldeutigkeiten
0;-0.0048;doppelspiel
0;-0.0048;doppelspiele
0;-0.0048;doppelspieles
0;-0.0048;doppelspiels
0;-0.0048;doppelspielen
0;-0.0048;dreck
0;-0.0048;dreckes
0;-0.0048;drecks
0;-0.0048;drift
0;-0.0048;driften
0;-0.0048;drohung
0;-0.0048;drohungen
0;-0.3178;drosselung
0;-0.3178;drosselungen
0;-0.4877;dummheit
0;-0.4877;dummheiten
0;-0.0048;dummkopf
0;-0.0048;dummkoepfen
0;-0.0048;dummkopfes
0;-0.0048;dummkoepfe
0;-0.0048;dummkopfs
0;-0.3547;dunkelheit
0;-0.3547;dunkelheiten
0;-0.0048;durcheinander
0;-0.0048;durcheinanders
0;-0.0048;durcheinandern
0;-0.3094;dussel
0;-0.3094;dussels
0;-0.3094;dusseln
0;-0.0048;daempfer
0;-0.0048;daempfern
0;-0.0048;daempfers
0;-0.0048;duerre
0;-0.0048;duerren
0;-0.0048;duesternis
0;-0.0048;duesternissen
0;-0.0048;duesternisse
0;-0.3179;egoist
0;-0.3179;egoisten
0;-0.4743;ehebruch
0;-0.4743;ehebruches
0;-0.4743;ehebruchs
0;-0.4743;ehebrueche
0;-0.4743;ehebruechen
0;-0.0048;einbrecher
0;-0.0048;einbrechers
0;-0.0048;einbrechern
0;-0.3498;einbruch
0;-0.3498;einbrueche
0;-0.3498;einbruches
0;-0.3498;einbruechen
0;-0.3498;einbruchs
0;-0.0048;einbusse
0;-0.0048;einbussen
0;-0.339;einsamkeit
0;-0.339;einsamkeiten
0;-0.0048;einschlag
0;-0.0048;einschlaegen
0;-0.0048;einschlages
0;-0.0048;einschlaege
0;-0.0048;einschlags
0;-0.2048;einschraenkung
0;-0.2048;einschraenkungen
0;-0.0048;einschuechterung
0;-0.0048;einschuechterungen
0;-0.0048;insturz
0;-0.0048;einstuerzen
0;-0.0048;einsturzs
0;-0.0048;einsturzes
0;-0.0048;einstuerze
0;-0.462;ekel
0;-0.462;ekels
0;-0.2013;elend
0;-0.2013;elends
0;-0.2013;elendes
0;-0.0048;empoerung
0;-0.0048;empoerungen
0;-0.2088;ende
0;-0.2088;endes
0;-0.2088;enden
0;-0.0048;nan
0;-0.0048;entbindung
0;-0.0048;entbindungen
0;-0.0048;entfremdung
0;-0.0048;entfremdungen
0;-0.0048;entfuehrung
0;-0.0048;entfuehrungen
0;-0.0048;enthauptung
0;-0.0048;enthauptungen
0;-0.0048;entlassung
0;-0.0048;entlassungen
0;-0.0048;entmutigung
0;-0.0048;entmutigungen
0;-0.3378;enttaeuschung
0;-0.3378;enttaeuschungen
0;-0.0048;entziehung
0;-0.0048;entziehungen
0;-0.0048;epidemie
0;-0.0048;epidemien
0;-0.0048;ermahnung
0;-0.0048;ermahnungen
0;-0.332;ermordung
0;-0.332;ermordungen
0;-0.0048;ermuedung
0;-0.0048;ermuedungen
0;-0.3259;erniedrigung
0;-0.3259;erniedrigungen
0;-0.0048;ernuechterung
0;-0.0048;ernuechterungen
0;-0.0666;erosion
0;-0.0666;erosionen
0;-0.0048;erpressung
0;-0.0048;erpressungen
0;-0.0595;erschoepfung
0;-0.0595;erschoepfungen
0;-0.0048;erschuetterung
0;-0.0048;erschuetterungen
0;-0.0048;explosion
0;-0.0048;explosionen
0;-0.0048;fahrlaessigkeit
0;-0.0048;fahrlaessigkeiten
0;-0.3349;farce
0;-0.3349;farcen
0;-0.0048;faschist
0;-0.0048;faschisten
0;-0.611;nan
0;-0.0048;fehde
0;-0.0048;fehden
0;-0.0048;fehlanzeige
0;-0.0048;fehlanzeigen
0;-0.6752;fehler
0;-0.6752;fehlern
0;-0.6752;fehlers
0;-0.4765;fehlermeldung
0;-0.4765;fehlermeldungen
0;-0.0048;fehlkauf
0;-0.0048;fehlkaufes
0;-0.0048;fehlkaufs
0;-0.0048;fehlkaeufe
0;-0.0048;fehlkaeufen
0;-0.0048;fehlkonstruktion
0;-0.0048;fehlkonstruktionen
0;-0.0048;fehlleistung
0;-0.0048;fehlleistungen
0;-0.0048;fehltritt
0;-0.0048;fehltrittes
0;-0.0048;fehltritten
0;-0.0048;fehltritte
0;-0.0048;fehltritts
0;-0.3461;fehlverhalten
0;-0.3461;fehlverhaltens
0;-0.8054;feind
0;-0.8054;feindes
0;-0.8054;feinde
0;-0.8054;feinds
0;-0.8054;feinden
0;-0.0445;feuer
0;-0.0445;feuern
0;-0.0445;feuers
0;-0.0048;fiasko
0;-0.0048;fiaskos
0;-0.3283;finanzkrise
0;-0.3283;finanzkrisen
0;-0.0048;finte
0;-0.0048;finten
0;-0.0413;flaute
0;-0.0413;flauten
0;-0.3534;fluch
0;-0.3534;fluchs
0;-0.3534;fluechen
0;-0.3534;flueche
0;-0.3534;fluches
0;-0.0048;flucht
0;-0.0048;fluchten
0;-0.0048;fluechtiger
0;-0.0048;fluechtigen
0;-0.0048;fluechtigkeit
0;-0.0048;fluechtigkeiten
0;-0.0048;fluechtling
0;-0.0048;fluechtlings
0;-0.0048;fluechtlinge
0;-0.0048;fluechtlinges
0;-0.0048;fluechtlingen
0;-0.4665;frechheit
0;-0.4665;frechheiten
0;-0.469;frust
0;-0.469;frustes
0;-0.469;frusts
0;-0.3354;frustration
0;-0.3354;frustrationen
0;-0.5012;nan
0;-0.3377;faelschung
0;-0.3377;faelschungen
0;-0.0048;gammler
0;-0.0048;gammlers
0;-0.0048;gammlern
0;-0.3375;gangster
0;-0.3375;gangsters
0;-0.3375;gangstern
0;-0.0048;nan
0;-0.4592;gauner
0;-0.4592;gaunern
0;-0.4592;gauners
0;-0.3251;gebrechen
0;-0.3251;gebrechens
0;-0.0571;gedraenge
0;-0.0571;gedraengen
0;-0.0571;gedraenges
0;-1.0;gefahr
0;-1.0;gefahren
0;-0.3373;gefecht
0;-0.3373;gefechten
0;-0.3373;gefechtes
0;-0.3373;gefechte
0;-0.3373;gefechts
0;-0.0048;gefaehrdung
0;-0.0048;gefaehrdungen
0;-0.344;gegner
0;-0.344;gegnern
0;-0.344;gegners
0;-0.0048;geisteskrankheit
0;-0.0048;geisteskrankheiten
0;-0.0048;geistlosigkeit
0;-0.0048;geistlosigkeiten
0;-0.0048;geiz
0;-0.0048;geizen
0;-0.0048;geizes
0;-0.0048;geize
0;-0.0048;geizhals
0;-0.0048;geizhaelsen
0;-0.0048;geizhaelse
0;-0.0048;geizhalse
0;-0.0048;geizhalses
0;-0.0048;geizkragen
0;-0.0048;geizkragens
0;-0.3299;geldstrafe
0;-0.3299;geldstrafen
0;-0.0048;geschmacklosigkeit
0;-0.0048;geschmacklosigkeiten
0;-0.0048;geschaeftsaufloesung
0;-0.0048;geschaeftsaufloesungen
0;-0.0048;gestank
0;-0.0048;gestanks
0;-0.0048;gestankes
0;-0.0048;gestanke
0;-0.5363;gewalt
0;-0.5363;gewalten
0;-0.0048;gewalttaetige
0;-0.0048;gewalttaetigen
0;-0.0048;nan
0;-0.3505;gift
0;-0.3505;gifts
0;-0.3505;giftes
0;-0.3505;giften
0;-0.3505;gifte
0;-0.0048;nan
0;-0.343;nan
0;-0.0048;nan
0;-0.0048;nan
0;-0.3348;grausamkeit
0;-0.3348;grausamkeiten
0;-0.6021;groll
0;-0.6021;grolls
0;-0.6021;grolles
0;-0.0048;groteske
0;-0.0048;grotesken
0;-0.0532;nan
0;-0.0048;nan
0;-0.3174;handgemenge
0;-0.3174;handgemenges
0;-0.3174;handgemengen
0;-0.0426;handicap
0;-0.0426;handicaps
0;-0.0426;handikap
0;-0.0426;handikaps
0;-0.5014;hass
0;-0.5014;hasse
0;-0.5014;hasses
0;-0.0048;heimsuchung
0;-0.0048;heimsuchungen
0;-0.0048;nan
0;-0.0048;hemmung
0;-0.0048;hemmungen
0;-0.0048;herausforderung
0;-0.0048;herausforderungen
0;-0.0048;heuchelei
0;-0.0048;heucheleien
0;-0.3251;heuchler
0;-0.3251;heuchlers
0;-0.3251;heuchlern
0;-0.3394;nan
0;-0.0048;hindernis
0;-0.0048;hinderniss
0;-0.0048;hindernisses
0;-0.0048;hindernissen
0;-0.0048;hindernisse
0;-0.0048;hinterhalt
0;-0.0048;hinterhaltes
0;-0.0048;hinterhalts
0;-0.0048;hinterhalte
0;-0.0048;hinterhalten
0;-0.0048;nan
0;-0.0048;hohn
0;-0.0048;hohnes
0;-0.0048;hohns
0;-0.0509;horror
0;-0.0509;horrors
0;-0.3531;hunger
0;-0.3531;hungers
0;-0.4739;hungersnot
0;-0.4739;hungersnoeten
0;-0.4739;hungersnoete
0;-0.0048;hungertod
0;-0.0048;hungertods
0;-0.0048;hungertodes
0;-0.0048;hungertode
0;-0.0048;hungertoden
0;-0.3386;hysterie
0;-0.3386;hysterien
0;-0.0446;haerte
0;-0.0446;haerten
0;-0.5052;hoelle
0;-0.5052;hoellen
0;-0.0048;idiot
0;-0.0048;idioten
0;-0.0048;illegalitaet
0;-0.0048;illegalitaeten
0;-0.0048;nan
0;-0.0048;ineffizienz
0;-0.0048;ineffizienzen
0;-0.2059;infektion
0;-0.2059;infektionen
0;-0.0048;infiltration
0;-0.0048;infiltrationen
0;-0.3462;inflation
0;-0.3462;inflationen
0;-0.0048;inkompetenz
0;-0.0048;inkompetenzen
0;-0.0455;inkonsequenz
0;-0.0455;inkonsequenzen
0;-0.3097;inkonsistenz
0;-0.3097;inkonsistenzen
0;-0.3358;instabilitaet
0;-0.3358;instabilitaeten
0;-0.1975;intervention
0;-0.1975;interventionen
0;-0.0048;invasion
0;-0.0048;invasionen
0;-0.3453;isolation
0;-0.3453;isolationen
0;-0.4613;jammer
0;-0.4613;jammers
0;-0.0048;jaehzorn
0;-0.0048;jaehzorns
0;-0.0048;jaehzornes
0;-0.5372;kampf
0;-0.5372;kampfs
0;-0.5372;kampfes
0;-0.5372;kampfe
0;-0.5372;kaempfe
0;-0.5372;kaempfen
0;-0.0048;kapitalverbrechen
0;-0.0048;kapitalverbrechens
0;-0.0048;kapitulation
0;-0.0048;kapitulationen
0;-0.5027;katastrophe
0;-0.5027;katastrophen
0;-0.0048;keim
0;-0.0048;keims
0;-0.0048;keime
0;-0.0048;keimes
0;-0.0048;keimen
0;-0.0048;klage
0;-0.0048;klagen
0;-0.48;klischee
0;-0.48;klischees
0;-0.3673;klaeger
0;-0.3673;klaegers
0;-0.3673;klaegern
0;-0.0048;knappheit
0;-0.0048;knappheiten
0;-0.0048;kollaps
0;-0.0048;kollapses
0;-0.0048;kollapsen
0;-0.0048;kollapse
0;-0.3323;kollision
0;-0.3323;kollisionen
0;-0.0048;komplikation
0;-0.0048;komplikationen
0;-0.0048;konflikt
0;-0.0048;konfliktes
0;-0.0048;konflikte
0;-0.0048;konflikts
0;-0.0048;konflikten
0;-0.0048;konfrontation
0;-0.0048;konfrontationen
0;-0.0048;konjunkturrueckgang
0;-0.0048;konjunkturrueckgange
0;-0.0048;konjunkturrueckganges
0;-0.0048;konjunkturrueckgangs
0;-0.0048;konjunkturrueckgaenge
0;-0.0048;konjunkturrueckgaengen
0;-0.0461;konkurrenz
0;-0.0461;konkurrenzen
0;-0.0494;konkurrenzkampf
0;-0.0494;konkurrenzkampfs
0;-0.0494;konkurrenzkampfes
0;-0.0494;konkurrenzkampfe
0;-0.0494;konkurrenzkaempfen
0;-0.0494;konkurrenzkaempfe
0;-0.0048;konkurs
0;-0.0048;konkurse
0;-0.0048;konkurses
0;-0.0048;konkursen
0;-0.3329;kontroverse
0;-0.3329;kontroversen
0;-0.1993;kopfschmerz
0;-0.1993;kopfschmerze
0;-0.1993;kopfschmerzes
0;-0.1993;kopfschmerzen
0;-0.3439;korruption
0;-0.3439;korruptionen
0;-0.0048;kostspieligkeit
0;-0.0048;kostspieligkeiten
0;-0.0048;krach
0;-0.0048;kraechen
0;-0.0048;kraeche
0;-0.0048;krachs
0;-0.0048;kraches
0;-0.0048;krachen
0;-0.0048;kraechen
0;-0.0048;krachens
0;-0.6858;krankheit
0;-0.6858;krankheiten
0;-0.5364;krieg
0;-0.5364;kriegs
0;-0.5364;krieges
0;-0.5364;kriegen
0;-0.5364;kriege
0;-0.0048;nan
0;-0.3621;krise
0;-0.3621;krisen
0;-0.5308;kritik
0;-0.5308;kritiken
0;-0.6494;kritiker
0;-0.6494;kritikers
0;-0.6494;kritikern
0;-0.0048;kraenkung
0;-0.0048;kraenkungen
0;-0.3203;krueppel
0;-0.3203;krueppeln
0;-0.3203;krueppels
0;-0.0048;kurseinbruch
0;-0.0048;kurseinbruchs
0;-0.0048;kurseinbrueche
0;-0.0048;kurseinbruches
0;-0.0048;kurseinbruechen
0;-0.0048;nan
0;-0.0048;kuendigung
0;-0.0048;kuendigungen
0;-0.341;kuerzung
0;-0.341;kuerzungen
0;-0.0377;nan
0;-0.0443;langweiler
0;-0.0443;langweilern
0;-0.0443;langweilers
0;-0.0048;last
0;-0.0048;lasten
0;-0.0048;launenhaftigkeit
0;-0.0048;launenhaftigkeiten
0;-0.0048;lebensgefahr
0;-0.0048;lebensgefahren
0;-0.0048;nan
0;-0.0048;nan
0;-0.3253;leichtsinn
0;-0.3253;leichtsinns
0;-0.3253;leichtsinnes
0;-0.0371;leichtsinnsfehler
0;-0.0371;leichtsinnsfehlers
0;-0.0371;leichtsinnsfehlern
0;-0.5056;leid
0;-0.5056;leides
0;-0.5056;leids
0;-0.5056;leide
0;-0.0048;leidende
0;-0.0048;leidendem
0;-0.0048;leidenden
0;-0.0048;leidender
0;-0.0048;liquidation
0;-0.0048;liquidationen
0;-0.0048;laehmung
0;-0.0048;laehmungen
0;-0.0048;loeschung
0;-0.0048;loeschungen
0;-0.5;luege
0;-0.5;luegen
0;-0.4767;luegner
0;-0.4767;luegnern
0;-0.4767;luegners
0;-0.1813;makel
0;-0.1813;makels
0;-0.1813;makeln
0;-0.3669;mangel
0;-0.3669;mangels
0;-0.3669;maengel
0;-0.3669;maengeln
0;-0.3455;manipulation
0;-0.3455;manipulationen
0;-0.0048;massaker
0;-0.0048;massakern
0;-0.0048;massakers
0;-0.0048;masslosigkeit
0;-0.0048;masslosigkeiten
0;-0.1859;melancholie
0;-0.1859;melancholien
0;-0.0048;melodrama
0;-0.0048;melodramen
0;-0.0048;melodramas
0;-0.0048;merkwuerdigkeit
0;-0.0048;merkwuerdigkeiten
0;-0.0048;minderung
0;-0.0048;minderungen
0;-0.3201;minderwertigkeit
0;-0.3201;minderwertigkeiten
0;-0.0048;missachtung
0;-0.0048;missachtungen
0;-0.0048;missbrauch
0;-0.0048;missbraeuchen
0;-0.0048;missbrauches
0;-0.0048;missbraeuche
0;-0.0048;missbrauchs
0;-0.0048;missbrauche
0;-0.0472;missgeschick
0;-0.0472;missgeschicken
0;-0.0472;missgeschicks
0;-0.0472;missgeschicke
0;-0.0472;missgeschickes
0;-0.0048;nan
0;-0.4778;misstrauen
0;-0.4778;misstrauens
0;-0.0048;misstrauensantrag
0;-0.0048;misstrauensantraege
0;-0.0048;misstrauensantraegen
0;-0.0048;misstrauensantrages
0;-0.0048;misstrauensantrags
0;-0.0048;misstrauensantrage
0;-0.4756;missverstaendnis
0;-0.4756;missverstaendnisse
0;-0.4756;missverstaendnisses
0;-0.4756;missverstaendnissen
0;-0.1732;mist
0;-0.1732;mists
0;-0.1732;mistes
0;-0.1732;miste
0;-0.0048;nan
0;-0.0048;nan
0;-0.0048;monotonie
0;-0.0048;monotonien
0;-0.3595;mord
0;-0.3595;mordes
0;-0.3595;morde
0;-0.3595;mords
0;-0.3595;morden
0;-0.0048;nan
0;-0.1995;nan
0;-0.0048;muehe
0;-0.0048;muehen
0;-0.3377;muell
0;-0.3377;muells
0;-0.3377;muelles
0;-0.0048;nachlaessigkeit
0;-0.0048;nachlaessigkeiten
0;-0.8102;nachteil
0;-0.8102;nachteilen
0;-0.8102;nachteile
0;-0.8102;nachteils
0;-0.8102;nachteiles
0;-0.0048;nan
0;-0.335;narr
0;-0.335;narren
0;-0.3155;nan
0;-0.4729;neid
0;-0.4729;neides
0;-0.4729;neids
0;-0.4729;neide
0;-0.1833;nan
0;-0.0504;neustart
0;-0.0504;neustarts
0;-0.0048;niedergang
0;-0.0048;niedergangs
0;-0.0048;niederganges
0;-0.0048;niedergange
0;-0.0048;niedergaenge
0;-0.0048;niedergaengen
0;-0.0048;niedergeschlagenheit
0;-0.0048;niedergeschlagenheiten
0;-0.3651;niederlage
0;-0.3651;niederlagen
0;-0.2187;not
0;-0.2187;noeten
0;-0.2187;noete
0;-0.0468;notfall
0;-0.0468;notfalles
0;-0.0468;notfaellen
0;-0.0468;notfalls
0;-0.0468;notfaelle
0;-0.0468;notfalle
0;-0.0048;notstand
0;-0.0048;notstandes
0;-0.0048;notstaenden
0;-0.0048;notstands
0;-0.0048;notstaende
0;-0.0048;notstande
0;-0.0048;nan
0;-0.0048;noetigung
0;-0.0048;noetigungen
0;-0.3299;oberflaechlichkeit
0;-0.3299;oberflaechlichkeiten
0;-0.0048;offensive
0;-0.0048;offensiven
0;-0.3631;opposition
0;-0.3631;oppositionen
0;-0.3429;panik
0;-0.3429;paniken
0;-0.1901;panne
0;-0.1901;pannen
0;-0.4823;pech
0;-0.4823;peches
0;-0.4823;pechen
0;-0.4823;peche
0;-0.4823;pechs
0;-0.4715;nan
0;-0.3456;pest
0;-0.3456;pests
0;-0.3577;pflicht
0;-0.3577;pflichten
0;-0.3323;pleite
0;-0.3323;pleiten
0;-0.0048;preissturz
0;-0.0048;preisstuerze
0;-0.0048;preisstuerzen
0;-0.0048;preissturzes
0;-0.0048;preissturze
0;-0.0048;preissturzen
0;-0.3865;problem
0;-0.3865;probleme
0;-0.3865;problemen
0;-0.3865;problems
0;-0.4893;nan
0;-0.3564;protest
0;-0.3564;protestes
0;-0.3564;protests
0;-0.3564;proteste
0;-0.3564;protesten
0;-0.0048;provisorium
0;-0.0048;provisorien
0;-0.0048;provisoriums
0;-0.0048;provokation
0;-0.0048;provokationen
0;-0.0402;qual
0;-0.0402;qualen
0;-0.3096;qualitaetsminderung
0;-0.3096;qualitaetsminderungen
0;-0.3534;nan
0;-0.0048;ratlosigkeit
0;-0.0048;ratlosigkeiten
0;-0.0048;raub
0;-0.0048;raubs
0;-0.0048;raubes
0;-0.0048;rauben
0;-0.0048;raube
0;-0.0048;rebell
0;-0.0048;rebellen
0;-0.0048;rebellion
0;-0.0048;rebellionen
0;-0.0499;rechtswidrigkeit
0;-0.0499;rechtswidrigkeiten
0;-0.0048;redundanz
0;-0.0048;redundanzen
0;-0.0048;reinfall
0;-0.0048;reinfaelle
0;-0.0048;reinfalls
0;-0.0048;reinfaellen
0;-0.0048;reinfalles
0;-0.0048;reinfalle
0;-0.0048;reklamation
0;-0.0048;reklamationen
0;-0.0048;reparatur
0;-0.0048;reparaturen
0;-0.0048;revolte
0;-0.0048;revolten
0;-0.0048;revolution
0;-0.0048;revolutionen
0;-0.3454;rezession
0;-0.3454;rezessionen
0;-0.687;risiko
0;-0.687;risikos
0;-0.687;risiken
0;-0.0502;rivale
0;-0.0502;rivalen
0;-0.0048;rivalitaet
0;-0.0048;rivalitaeten
0;-0.0048;rost
0;-0.0048;rostes
0;-0.0048;rosten
0;-0.0048;roste
0;-0.0048;ruin
0;-0.0048;ruins
0;-0.0048;rutsch
0;-0.0048;rutschs
0;-0.0048;rutschen
0;-0.0048;rutsches
0;-0.0048;rutsche
0;-0.0048;raetselraten
0;-0.0048;raetselratens
0;-0.3508;raeuber
0;-0.3508;raeubers
0;-0.3508;raeubern
0;-0.0048;rueckfall
0;-0.0048;rueckfalls
0;-0.0048;rueckfaellen
0;-0.0048;rueckfaelle
0;-0.0048;rueckfalles
0;-0.2096;rueckgang
0;-0.2096;rueckgangs
0;-0.2096;rueckganges
0;-0.2096;rueckgaengen
0;-0.2096;rueckgaenge
0;-0.2096;rueckgange
0;-0.0048;rueckschritt
0;-0.0048;rueckschritten
0;-0.0048;rueckschritts
0;-0.0048;rueckschritte
0;-0.0048;rueckschrittes
0;-0.3465;ruecksendung
0;-0.3465;ruecksendungen
0;-0.0048;ruecksichtslosigkeit
0;-0.0048;ruecksichtslosigkeiten
0;-0.063;rueckstand
0;-0.063;rueckstaenden
0;-0.063;rueckstands
0;-0.063;rueckstaende
0;-0.063;rueckstandes
0;-0.0048;rueckstaendigkeit
0;-0.0048;rueckstaendigkeiten
0;-0.0048;ruecktritt
0;-0.0048;ruecktritte
0;-0.0048;ruecktritts
0;-0.0048;ruecktrittes
0;-0.0048;ruecktritten
0;-0.3501;rueckzug
0;-0.3501;rueckzugs
0;-0.3501;rueckzuges
0;-0.3501;rueckzuege
0;-0.3501;rueckzuegen
0;-0.0048;sabotage
0;-0.0048;sabotagen
0;-0.3455;sackgasse
0;-0.3455;sackgassen
0;-0.5299;schaden
0;-0.5299;schadens
0;-0.5299;schaeden
0;-0.0048;schadensbild
0;-0.0048;schadensbildern
0;-0.0048;schadensbilder
0;-0.0048;schadensbilds
0;-0.0048;schadensbildes
0;-0.0048;schadensbilde
0;-0.4829;nan
0;-0.0048;schande
0;-0.0048;schanden
0;-0.2023;scheidung
0;-0.2023;scheidungen
0;-0.3524;scheitern
0;-0.3524;scheiterns
0;-0.0048;schelte
0;-0.0048;schelten
0;-0.0048;scheusslichkeit
0;-0.0048;scheusslichkeiten
0;-0.0048;schlachtfeld
0;-0.0048;schlachtfeldern
0;-0.0048;schlachtfeldes
0;-0.0048;schlachtfelder
0;-0.0048;schlachtfelds
0;-0.0048;schlachtfelde
0;-0.0048;schlag
0;-0.0048;schlages
0;-0.0048;schlags
0;-0.0048;schlaegen
0;-0.0048;schlaege
0;-0.0048;schlage
0;-0.0048;schlamperei
0;-0.0048;schlampereien
0;-0.4646;schlechtigkeit
0;-0.4646;schlechtigkeiten
0;-0.0048;schlitterbahn
0;-0.0048;schlitterbahnen
0;-0.0048;schlaegerei
0;-0.0048;schlaegereien
0;-0.0048;schmerz
0;-0.0048;schmerzes
0;-0.0048;schmerze
0;-0.0048;schmerzen
0;-0.0048;schmuggel
0;-0.0048;schmuggels
0;-0.0048;schmuggeln
0;-0.0542;schmutz
0;-0.0542;schmutze
0;-0.0542;schmutzes
0;-0.0048;schock
0;-0.0048;schocks
0;-0.0048;schocke
0;-0.0048;schocken
0;-0.0048;schockes
0;-0.0048;schramme
0;-0.0048;schrammen
0;-0.194;schreck
0;-0.194;schrecke
0;-0.194;schrecken
0;-0.194;schrecks
0;-0.194;schreckes
0;-0.0534;schrott
0;-0.0534;schrottes
0;-0.0534;schrotts
0;-0.0534;schrotte
0;-0.0534;schrotten
0;-0.0048;schraeglauf
0;-0.0048;schraeglaeufen
0;-0.0048;schraeglaufs
0;-0.0048;schraeglaufes
0;-0.0048;schraeglaeufe
0;-0.0048;schraeglaufe
0;-0.0048;schubs
0;-0.0048;schubse
0;-0.0048;schubsen
0;-0.0048;schubses
0;-0.9686;schuld
0;-0.9686;schulden
0;-0.0048;schuldner
0;-0.0048;schuldnern
0;-0.0048;schuldners
0;-0.0048;schuldnerin
0;-0.0048;schuldnerinnen
0;-0.3306;schurke
0;-0.3306;schurken
0;-0.0483;schwierigkeit
0;-0.0483;schwierigkeiten
0;-0.0048;schwund
0;-0.0048;schwunds
0;-0.0048;schwundes
0;-0.5035;schwaeche
0;-0.5035;schwaechen
0;-0.337;schwaechung
0;-0.337;schwaechungen
0;-0.0048;schaedigung
0;-0.0048;schaedigungen
0;-0.0545;senkung
0;-0.0545;senkungen
0;-0.0048;sinnlosigkeit
0;-0.0048;sinnlosigkeiten
0;-0.3313;sintflut
0;-0.3313;sintfluten
0;-0.0048;skandal
0;-0.0048;skandals
0;-0.0048;skandale
0;-0.0048;skandalen
0;-0.3281;sklave
0;-0.3281;sklaven
0;-0.0048;sklavenarbeit
0;-0.0048;sklavenarbeiten
0;-0.3618;sorge
0;-0.3618;sorgen
0;-0.3357;spott
0;-0.3357;spotte
0;-0.3357;spottes
0;-0.3357;spotts
0;-0.0048;sprengstoff
0;-0.0048;sprengstoffes
0;-0.0048;sprengstoffs
0;-0.0048;sprengstoffe
0;-0.0048;sprengstoffen
0;-0.0048;sprengung
0;-0.0048;sprengungen
0;-0.0048;stagnation
0;-0.0048;stagnationen
0;-0.0438;stau
0;-0.0438;staus
0;-0.0438;staues
0;-0.0438;staue
0;-0.0438;stauen
0;-0.0539;sterben
0;-0.0539;sterbens
0;-0.0048;steuerhinterziehung
0;-0.0048;steuerhinterziehungen
0;-0.0048;stilllegung
0;-0.0048;stilllegungen
0;-0.0048;stillstand
0;-0.0048;stillstaenden
0;-0.0048;stillstandes
0;-0.0048;stillstande
0;-0.0048;stillstands
0;-0.0048;stillstaende
0;-0.0048;stornierung
0;-0.0048;stornierungen
0;-0.0048;stoss
0;-0.0048;stosses
0;-0.0048;stosse
0;-0.0048;stoessen
0;-0.0048;stoesse
0;-0.0048;strafverfahren
0;-0.0048;strafverfahrens
0;-0.0048;strapaze
0;-0.0048;strapazen
0;-0.0048;streik
0;-0.0048;streiks
0;-0.0048;streikes
0;-0.0048;streike
0;-0.0048;streiken
0;-0.6632;streit
0;-0.6632;streites
0;-0.6632;streits
0;-0.6632;streiten
0;-0.6632;streite
0;-0.0048;nan
0;-0.0048;stress
0;-0.0048;stresse
0;-0.0048;stresses
0;-0.1894;sturheit
0;-0.1894;sturheiten
0;-0.6316;sturz
0;-0.6316;sturze
0;-0.6316;sturzen
0;-0.6316;stuerze
0;-0.6316;sturzes
0;-0.6316;stuerzen
0;-0.3569;stoerung
0;-0.3569;stoerungen
0;-0.3505;sucht
0;-0.3505;suechte
0;-0.3505;suechten
0;-0.3505;suchten
0;-0.3285;suendenbock
0;-0.3285;suendenbockes
0;-0.3285;suendenboecke
0;-0.3285;suendenboecken
0;-0.3285;suendenbocks
0;-0.0048;tabu
0;-0.0048;tabus
0;-0.0048;terror
0;-0.0048;terrors
0;-0.3553;nan
0;-0.322;teuerung
0;-0.322;teuerungen
0;-0.0048;teuerungsrate
0;-0.0048;teuerungsraten
0;-0.479;teufelskreis
0;-0.479;teufelskreise
0;-0.479;teufelskreisen
0;-0.479;teufelskreises
0;-0.0697;tod
0;-0.0697;tods
0;-0.0697;todes
0;-0.0697;tode
0;-0.0697;toden
0;-0.0048;todesfall
0;-0.0048;todesfaelle
0;-0.0048;todesfaellen
0;-0.0048;todesfalls
0;-0.0048;todesfalles
0;-0.0048;todesfalle
0;-0.0048;todesstrafe
0;-0.0048;todesstrafen
0;-0.0048;torheit
0;-0.0048;torheiten
0;-0.0048;totschlag
0;-0.0048;totschlage
0;-0.0048;totschlags
0;-0.0048;totschlages
0;-0.0048;tragoedie
0;-0.0048;tragoedien
0;-0.0048;nan
0;-0.0048;trauma
0;-0.0048;traumen
0;-0.0048;traumas
0;-0.0048;traumata
0;-0.0457;traurigkeit
0;-0.0457;traurigkeiten
0;-0.5071;trennung
0;-0.5071;trennungen
0;-0.0555;tristesse
0;-0.0555;tristessen
0;-0.0048;trostlosigkeit
0;-0.0048;trostlosigkeiten
0;-0.0048;trott
0;-0.0048;trottes
0;-0.0048;trotten
0;-0.0048;trotts
0;-0.0048;trotte
0;-0.0048;nan
0;-0.0048;trugschluss
0;-0.0048;trugschlusse
0;-0.0048;trugschlusses
0;-0.0048;trugschluesse
0;-0.0048;trugschluessen
0;-0.1937;traegheit
0;-0.1937;traegheiten
0;-0.0562;traene
0;-0.0562;traenen
0;-0.189;truebsal
0;-0.189;truebsalen
0;-0.189;truebsale
0;-0.0048;turbulenz
0;-0.0048;turbulenzen
0;-0.3243;tyrannei
0;-0.3243;tyranneien
0;-0.3445;taeuschung
0;-0.3445;taeuschungen
0;-0.343;umtausch
0;-0.343;umtauschen
0;-0.343;umtausches
0;-0.343;umtauschs
0;-0.343;umtaeusche
0;-0.343;umtausche
0;-0.343;umtaeuschen
0;-0.3291;unbehagen
0;-0.3291;unbehagens
0;-0.0048;unbehaglichkeit
0;-0.0048;unbehaglichkeiten
0;-0.0048;nan
0;-0.0048;unbequemlichkeit
0;-0.0048;unbequemlichkeiten
0;-0.0537;nan
0;-0.0048;undankbarkeit
0;-0.0048;undankbarkeiten
0;-0.0048;unehrlichkeit
0;-0.0048;unehrlichkeiten
0;-0.3289;uneinigkeit
0;-0.3289;uneinigkeiten
0;-0.0048;unerbittlichkeit
0;-0.0048;unerbittlichkeiten
0;-0.0048;unertraeglichkeit
0;-0.0048;unertraeglichkeiten
0;-0.0048;unfall
0;-0.0048;unfaellen
0;-0.0048;unfalls
0;-0.0048;unfaelle
0;-0.0048;unfalles
0;-0.0048;unfalle
0;-0.3085;unfreundlichkeit
0;-0.3085;unfreundlichkeiten
0;-0.3394;unfug
0;-0.3394;unfugs
0;-0.1896;unfaehigkeit
0;-0.1896;unfaehigkeiten
0;-0.4655;nan
0;-0.0048;nan
0;-0.0048;ungenauigkeit
0;-0.0048;ungenauigkeiten
0;-0.3419;ungerechtigkeit
0;-0.3419;ungerechtigkeiten
0;-0.3116;ungeschicklichkeit
0;-0.3116;ungeschicklichkeiten
0;-0.0048;nan
0;-0.0048;ungleichheit
0;-0.0048;ungleichheiten
0;-0.5004;unglueck
0;-0.5004;unglueckes
0;-0.5004;ungluecks
0;-0.5004;ungluecke
0;-0.5004;ungluecken
0;-0.0048;unheilbarkeit
0;-0.0048;unheilbarkeiten
0;-0.0048;unhoeflichkeit
0;-0.0048;unhoeflichkeiten
0;-0.0048;unklarheit
0;-0.0048;unklarheiten
0;-0.0048;unmenschlichkeit
0;-0.0048;unmenschlichkeiten
0;-0.3172;nan
0;-0.3394;unmut
0;-0.3394;unmutes
0;-0.3394;unmuts
0;-0.3394;unmute
0;-0.3391;unordnung
0;-0.3391;unordnungen
0;-0.5086;unrecht
0;-0.5086;unrechtes
0;-0.5086;unrechts
0;-0.5086;unrechte
0;-0.0048;unregelmaessigkeit
0;-0.0048;unregelmaessigkeiten
0;-0.0048;nan
0;-0.201;unruhe
0;-0.201;unruhen
0;-0.358;unsicherheit
0;-0.358;unsicherheiten
0;-0.4969;unsinn
0;-0.4969;unsinnes
0;-0.4969;unsinns
0;-0.3075;unstetigkeit
0;-0.3075;unstetigkeiten
0;-0.0048;unstimmigkeit
0;-0.0048;unstimmigkeiten
0;-0.0048;unterbrechung
0;-0.0048;unterbrechungen
0;-0.0048;unterdrueckung
0;-0.0048;unterdrueckungen
0;-0.3498;untergang
0;-0.3498;untergangs
0;-0.3498;untergaengen
0;-0.3498;unterganges
0;-0.3498;untergaenge
0;-0.0048;unterlassung
0;-0.0048;unterlassungen
0;-0.3279;unterwerfung
0;-0.3279;unterwerfungen
0;-0.3293;nan
0;-0.3068;unverantwortlichkeit
0;-0.3068;unverantwortlichkeiten
0;-0.0048;unvereinbarkeit
0;-0.0048;unvereinbarkeiten
0;-0.0048;unverhaeltnismaessigkeit
0;-0.0048;unverhaeltnismaessigkeiten
0;-0.0048;unverschaemtheit
0;-0.0048;unverschaemtheiten
0;-0.0048;unvollkommenheit
0;-0.0048;unvollkommenheiten
0;-0.0048;unvollstaendigkeit
0;-0.0048;unvollstaendigkeiten
0;-0.466;unwahrheit
0;-0.466;unwahrheiten
0;-0.0048;unwirksamkeit
0;-0.0048;unwirksamkeiten
0;-0.0048;unwirtschaftlichkeit
0;-0.0048;unwirtschaftlichkeiten
0;-0.4935;unwissenheit
0;-0.4935;unwissenheiten
0;-0.6324;unzufriedenheit
0;-0.6324;unzufriedenheiten
0;-0.0048;unzumutbarkeit
0;-0.0048;unzumutbarkeiten
0;-0.0048;unzuverlaessigkeit
0;-0.0048;unzuverlaessigkeiten
0;-0.0048;vagheit
0;-0.0048;vagheiten
0;-0.3308;verachtung
0;-0.3308;verachtungen
0;-0.0048;verbannung
0;-0.0048;verbannungen
0;-0.0048;verbot
0;-0.0048;verbots
0;-0.0048;verbotes
0;-0.0048;verboten
0;-0.0048;verbote
0;-0.8074;verdacht
0;-0.8074;verdachts
0;-0.8074;verdachte
0;-0.8074;verdachten
0;-0.8074;verdachtes
0;-0.8074;verdaechte
0;-0.8074;verdaechten
0;-0.0048;verdorbenheit
0;-0.0048;verdorbenheiten
0;-0.0048;verdraengung
0;-0.0048;verdraengungen
0;-0.0048;verdaechtige
0;-0.0048;verdaechtiger
0;-0.0048;verdaechtigen
0;-0.0048;verfall
0;-0.0048;verfalles
0;-0.0048;verfalls
0;-0.0048;verfalle
0;-0.0048;verfaelle
0;-0.0048;verfaellen
0;-0.0048;verfehlung
0;-0.0048;verfehlungen
0;-0.3369;vergeltung
0;-0.3369;vergeltungen
0;-0.0048;vergeltungsmassnahme
0;-0.0048;vergeltungsmassnahmen
0;-0.0048;vergeudung
0;-0.0048;vergeudungen
0;-0.0048;verherrlichung
0;-0.0048;verherrlichungen
0;-0.0048;verhaengnis
0;-0.0048;verhaengnisses
0;-0.0048;verhaengnissen
0;-0.0048;verhaengnisse
0;-0.0048;verkleinerung
0;-0.0048;verkleinerungen
0;-0.0048;verlangsamung
0;-0.0048;verlangsamungen
0;-0.5032;verletzung
0;-0.5032;verletzungen
0;-0.4792;verleumdung
0;-0.4792;verleumdungen
0;-0.3441;verlierer
0;-0.3441;verlierern
0;-0.3441;verlierers
0;-0.5204;verlust
0;-0.5204;verlustes
0;-0.5204;verlusts
0;-0.5204;verluste
0;-0.5204;verlusten
0;-0.0048;vermeidung
0;-0.0048;vermeidungen
0;-0.0048;verminderung
0;-0.0048;verminderungen
0;-0.328;vernachlaessigung
0;-0.328;vernachlaessigungen
0;-0.4883;vernichtung
0;-0.4883;vernichtungen
0;-0.0048;verrat
0;-0.0048;verrats
0;-0.0048;verrate
0;-0.0048;verrates
0;-0.3352;verraeter
0;-0.3352;verraeters
0;-0.3352;verraetern
0;-0.0447;verrueckter
0;-0.0447;verrueckte
0;-0.0447;verrueckten
0;-0.0048;verruecktheit
0;-0.0048;verruecktheiten
0;-0.3517;versagen
0;-0.3517;versagens
0;-0.4959;verschlechterung
0;-0.4959;verschlechterungen
0;-0.3392;verschmutzung
0;-0.3392;verschmutzungen
0;-0.0048;verschwendung
0;-0.0048;verschwendungen
0;-0.3355;verschwoerung
0;-0.3355;verschwoerungen
0;-0.0048;versenkung
0;-0.0048;versenkungen
0;-0.0048;versklavung
0;-0.0048;versklavungen
0;-0.0048;verstoss
0;-0.0048;verstosses
0;-0.0048;verstoesse
0;-0.0048;verstoessen
0;-0.0048;verstosse
0;-0.0048;verstrickung
0;-0.0048;verstrickungen
0;-0.3463;versuchung
0;-0.3463;versuchungen
0;-0.0048;versaeumnis
0;-0.0048;versaeumnisse
0;-0.0048;versaeumnisses
0;-0.0048;versaeumnissen
0;-0.0048;vertreibung
0;-0.0048;vertreibungen
0;-0.0048;verurteilung
0;-0.0048;verurteilungen
0;-0.3441;verweigerung
0;-0.3441;verweigerungen
0;-0.3202;verwerfung
0;-0.3202;verwerfungen
0;-0.3323;verwirrung
0;-0.3323;verwirrungen
0;-0.0048;verwundung
0;-0.0048;verwundungen
0;-0.0048;verwuestung
0;-0.0048;verwuestungen
0;-0.0048;verzerrung
0;-0.0048;verzerrungen
0;-0.2022;verzicht
0;-0.2022;verzichts
0;-0.2022;verzichtes
0;-0.2022;verzichten
0;-0.2022;verzichte
0;-0.0048;verzweiflung
0;-0.0048;verzweiflungen
0;-0.0048;verzoegerung
0;-0.0048;verzoegerungen
0;-0.6261;vorurteil
0;-0.6261;vorurteils
0;-0.6261;vorurteilen
0;-0.6261;vorurteile
0;-0.0048;vorwand
0;-0.0048;vorwaende
0;-0.0048;vorwandes
0;-0.0048;vorwands
0;-0.0048;vorwaenden
0;-0.0048;vorwande
0;-0.5095;vorwurf
0;-0.5095;vorwuerfen
0;-0.5095;vorwurfs
0;-0.5095;vorwuerfe
0;-0.5095;vorwurfes
0;-0.0048;wahnsinn
0;-0.0048;wahnsinns
0;-0.3356;wermutstropfen
0;-0.3356;wermutstropfens
0;-0.0048;wertlosigkeit
0;-0.0048;wertlosigkeiten
0;-0.0048;wertverlust
0;-0.0048;wertverluste
0;-0.0048;wertverlustes
0;-0.0048;wertverlusts
0;-0.0048;wertverlusten
0;-0.0048;wichtigtuer
0;-0.0048;wichtigtuers
0;-0.0048;wichtigtuern
0;-0.0048;widernatuerlichkeit
0;-0.0048;widernatuerlichkeiten
0;-0.0048;widerruf
0;-0.0048;widerrufs
0;-0.0048;widerrufes
0;-0.0048;widerrufen
0;-0.3655;widerspruch
0;-0.3655;widersprueche
0;-0.3655;widerspruechen
0;-0.3655;widerspruchs
0;-0.3655;widerspruches
0;-0.3655;widerspruche
0;-0.0048;widrigkeit
0;-0.0048;widrigkeiten
0;-0.0048;wirtschaftskrise
0;-0.0048;wirtschaftskrisen
0;-0.0048;wrack
0;-0.0048;wracks
0;-0.0048;wracke
0;-0.0048;wracken
0;-0.0048;wrackes
0;-0.3396;wunde
0;-0.3396;wunden
0;-0.4726;nan
0;-0.0048;wueste
0;-0.0048;wuesten
0;-0.0048;zahlungsunfaehigkeit
0;-0.0048;zahlungsunfaehigkeiten
0;-0.3223;zeitverschwendung
0;-0.3223;zeitverschwendungen
0;-0.3468;zensur
0;-0.3468;zensuren
0;-0.0048;zerrung
0;-0.0048;zerrungen
0;-0.0048;zerschlagung
0;-0.0048;zerschlagungen
0;-0.3578;zerstoerung
0;-0.3578;zerstoerungen
0;-0.0048;nan
0;-0.0048;zoll
0;-0.0048;zolls
0;-0.0048;zoelle
0;-0.0048;zolles
0;-0.0048;zoellen
0;-0.3537;zorn
0;-0.3537;zorns
0;-0.3537;zornes
0;-0.3537;zorne
0;-0.3286;zumutung
0;-0.3286;zumutungen
0;-0.0048;zusammenbruch
0;-0.0048;zusammenbrueche
0;-0.0048;zusammenbruchs
0;-0.0048;zusammenbruches
0;-0.0048;zusammenbruechen
0;-0.3302;zusammenstoss
0;-0.3302;zusammenstosses
0;-0.3302;zusammenstoesse
0;-0.3302;zusammenstosse
0;-0.3302;zusammenstoessen
0;-0.0721;zwang
0;-0.0721;zwanges
0;-0.0721;zwaengen
0;-0.0721;zwaenge
0;-0.0721;zwangs
0;-0.0721;zwange
0;-0.0048;zwangslage
0;-0.0048;zwangslagen
0;-0.0048;zwangsmassnahme
0;-0.0048;zwangsmassnahmen
0;-0.0048;zweifel
0;-0.0048;zweifeln
0;-0.0048;zweifels
0;-0.0048;nan
0;-0.0578;abbauen
0;-0.0578;abbaue
0;-0.0578;abbaust
0;-0.0578;abbaut
0;-0.0578;abbauest
0;-0.0578;abbauet
0;-0.0578;abbaute
0;-0.0578;abbautest
0;-0.0578;abbauten
0;-0.3482;abbrechen
0;-0.3482;abbreche
0;-0.3482;abbrichst
0;-0.3482;abbricht
0;-0.3482;abbrecht
0;-0.3482;abbrechest
0;-0.3482;abbrechet
0;-0.3482;abbrach
0;-0.3482;abbrachst
0;-0.3482;abbrachen
0;-0.3482;abbracht
0;-0.3482;abbraeche
0;-0.3482;abbraechest
0;-0.3482;abbraechst
0;-0.3482;abbraechen
0;-0.3482;abbraechet
0;-0.3482;abbraecht
0;-0.0048;abdanken
0;-0.0048;abgedankt
0;-0.0048;abdanke
0;-0.0048;abdankte
0;-0.0048;abdankt
0;-0.0048;abdanktet
0;-0.0048;abdankest
0;-0.0048;abdankst
0;-0.0048;abdanktest
0;-0.0048;abdankten
0;-0.0048;abdanket
0;-0.0048;abdaempfen
0;-0.0048;abdaempfe
0;-0.0048;abdaempfst
0;-0.0048;abdaempft
0;-0.0048;abdaempfest
0;-0.0048;abdaempfet
0;-0.0048;abdaempfte
0;-0.0048;abdaempftest
0;-0.0048;abdaempften
0;-0.0048;abdaempftet
0;-0.0048;abfallen
0;-0.0048;abfalle
0;-0.0048;abfaellst
0;-0.0048;abfaellt
0;-0.0048;abfallt
0;-0.0048;abfallest
0;-0.0048;abfallet
0;-0.0048;abfiel
0;-0.0048;abfielst
0;-0.0048;abfielen
0;-0.0048;abfielt
0;-0.0048;abfiele
0;-0.0048;abfielest
0;-0.0048;abfielet
0;-0.3197;abfaellig
0;-0.3197;abfaelligstes
0;-0.3197;abfaelligster
0;-0.3197;abfaelligste
0;-0.3197;abfaelligsten
0;-0.3197;abfaelligst
0;-0.3197;abfaelligstem
0;-0.3197;abfaellige
0;-0.3197;abfaelligerer
0;-0.3197;abfaelliger
0;-0.3197;abfaelligere
0;-0.3197;abfaelliges
0;-0.3197;abfaelligeren
0;-0.3197;abfaelligerem
0;-0.3197;abfaelligen
0;-0.3197;abfaelligem
0;-0.3197;abfaelligeres
0;-0.3358;abfuehren
0;-0.3358;abfuehrtet
0;-0.3358;abfuehrt
0;-0.3358;abfuehrst
0;-0.3358;abfuehre
0;-0.3358;abfuehrte
0;-0.3358;abfuehret
0;-0.3358;abgefuehrt
0;-0.3358;abfuehrtest
0;-0.3358;abfuehrten
0;-0.3358;abfuehrest
0;-0.0048;abgebrochen
0;-0.0048;abgebrochene
0;-0.0048;abgebrochenem
0;-0.0048;abgebrochenen
0;-0.0048;abgebrochener
0;-0.0048;abgebrochenes
0;-0.1839;abgedroschen
0;-0.1839;abgedroschene
0;-0.1839;abgedroschenem
0;-0.1839;abgedroschenen
0;-0.1839;abgedroschener
0;-0.1839;abgedroschenes
0;-0.1839;abgedroschenere
0;-0.1839;abgedroschenerem
0;-0.1839;abgedroscheneres
0;-0.1839;abgedroscheneren
0;-0.1839;abgedroschenerer
0;-0.1839;abgedroschner
0;-0.1839;abgedroschenste
0;-0.1839;abgedroschenstem
0;-0.1839;abgedroschensten
0;-0.1839;abgedroschenster
0;-0.1839;abgedroschenstes
0;-0.1839;abgedroschneren
0;-0.1839;abgedroschneres
0;-0.1839;abgedroschnere
0;-0.1839;abgedroschnerem
0;-0.1839;abgedroschnerer
0;-0.0368;abgestanden
0;-0.0368;abgestandnerer
0;-0.0368;abgestandneres
0;-0.0368;abgestandenen
0;-0.0368;abgestandenem
0;-0.0368;abgestandenes
0;-0.0368;abgestandener
0;-0.0368;abgestandenstes
0;-0.0368;abgestandenere
0;-0.0368;abgestandenster
0;-0.0368;abgestandenstem
0;-0.0368;abgestandensten
0;-0.0368;abgestandenste
0;-0.0368;abgestandnere
0;-0.0368;abgestandene
0;-0.0368;abgestandeneren
0;-0.0368;abgestandenerem
0;-0.0368;abgestandenst
0;-0.0368;abgestandneren
0;-0.0368;abgestandeneres
0;-0.0368;abgestandnerem
0;-0.0368;abgestandenerer
0;-0.0368;abgestandner
0;-0.0048;abgetakelt
0;-0.0048;abgetakeltstem
0;-0.0048;abgetakeltere
0;-0.0048;abgetakeltste
0;-0.0048;abgetakeltsten
0;-0.0048;abgetakeltstes
0;-0.0048;abgetakeltster
0;-0.0048;abgetakelten
0;-0.0048;abgetakelteren
0;-0.0048;abgetakeltem
0;-0.0048;abgetakeltst
0;-0.0048;abgetakelte
0;-0.0048;abgetakelterem
0;-0.0048;abgetakeltes
0;-0.0048;abgetakelter
0;-0.0048;abgetakelterer
0;-0.0048;abgetakelteres
0;-0.0397;abgleiten
0;-0.0397;abgleite
0;-0.0397;abgleitest
0;-0.0397;abgleitet
0;-0.0397;abglitt
0;-0.0397;abglittest
0;-0.0397;abglitten
0;-0.0397;abglittet
0;-0.0397;abglitte
0;-0.1719;abgruendig
0;-0.1719;abgruendiger
0;-0.1719;abgruendiges
0;-0.1719;abgruendigst
0;-0.1719;abgruendigste
0;-0.1719;abgruendigstem
0;-0.1719;abgruendige
0;-0.1719;abgruendigeres
0;-0.1719;abgruendigsten
0;-0.1719;abgruendigerer
0;-0.1719;abgruendigerem
0;-0.1719;abgruendigeren
0;-0.1719;abgruendigster
0;-0.1719;abgruendigstes
0;-0.1719;abgruendigen
0;-0.1719;abgruendigem
0;-0.1719;abgruendigere
0;-0.0048;abhaengig
0;-0.0048;abhaengigem
0;-0.0048;abhaengigen
0;-0.0048;abhaengiger
0;-0.0048;abhaengiges
0;-0.0048;abhaengigere
0;-0.0048;abhaengigerem
0;-0.0048;abhaengigeren
0;-0.0048;abhaengigerer
0;-0.0048;abhaengigeres
0;-0.0048;abhaengigste
0;-0.0048;abhaengigstem
0;-0.0048;abhaengigsten
0;-0.0048;abhaengigster
0;-0.0048;abhaengigstes
0;-0.0048;ablaufen
0;-0.0048;ablaufe
0;-0.0048;ablaeufst
0;-0.0048;ablaeuft
0;-0.0048;ablauft
0;-0.0048;ablaufest
0;-0.0048;ablaufet
0;-0.0048;ablief
0;-0.0048;abliefst
0;-0.0048;abliefen
0;-0.0048;ablieft
0;-0.0048;abliefe
0;-0.0048;abliefest
0;-0.0048;abliefet
0;-0.6458;ablehnen
0;-0.6458;ablehne
0;-0.6458;ablehnst
0;-0.6458;ablehnt
0;-0.6458;ablehnest
0;-0.6458;ablehnet
0;-0.6458;ablehnte
0;-0.6458;ablehntest
0;-0.6458;ablehnten
0;-0.6458;ablehntet
0;-0.6458;abgelehnt
0;-0.042;ablenken
0;-0.042;ablenke
0;-0.042;ablenkst
0;-0.042;ablenkt
0;-0.042;ablenkest
0;-0.042;ablenket
0;-0.042;ablenkte
0;-0.042;ablenktest
0;-0.042;ablenkten
0;-0.042;ablenktet
0;-0.042;abzulenken
0;-0.042;abgelenkt
0;-0.0292;abnehmen
0;-0.0292;abnehme
0;-0.0292;abnimmst
0;-0.0292;abnimmt
0;-0.0292;abnehmt
0;-0.0292;abnehmest
0;-0.0292;abnehmet
0;-0.0292;abnahm
0;-0.0292;abnahmst
0;-0.0292;abnahmen
0;-0.0292;abnahmt
0;-0.0292;abnaehme
0;-0.0292;abnaehmest
0;-0.0292;abnaehmst
0;-0.0292;abnaehmen
0;-0.0292;abnaehmet
0;-0.0292;abnaehmt
0;-0.0292;abzunehmen
0;-0.0292;abgenommen
0;-0.0417;abnutzen
0;-0.0417;abnutze
0;-0.0417;abnutzt
0;-0.0417;abnutzest
0;-0.0417;abnutzet
0;-0.0417;abnutzte
0;-0.0417;abnutztest
0;-0.0417;abnutzten
0;-0.0417;abnutztet
0;-0.0417;abzunutzen
0;-0.0417;abgenutzt
0;-0.3353;abraten
0;-0.3353;abrate
0;-0.3353;abraetst
0;-0.3353;abraet
0;-0.3353;abratet
0;-0.3353;abratest
0;-0.3353;abriet
0;-0.3353;abrietest
0;-0.3353;abrietst
0;-0.3353;abrieten
0;-0.3353;abrietet
0;-0.3353;abriete
0;-0.3353;abzuraten
0;-0.3353;abgeraten
0;-0.3116;abreissen
0;-0.3116;abreisse
0;-0.3116;abreisst
0;-0.3116;abreissest
0;-0.3116;abreisset
0;-0.3116;abriss
0;-0.3116;abriss
0;-0.3116;abrissest
0;-0.3116;abrisst
0;-0.3116;abrisst
0;-0.3116;abrissen
0;-0.3116;abrisse
0;-0.3116;abrisset
0;-0.3116;abzureissen
0;-0.3116;abzureissen
0;-0.3116;abgerissen
0;-0.0048;abrupt
0;-0.0048;abrupte
0;-0.0048;abruptem
0;-0.0048;abrupten
0;-0.0048;abrupter
0;-0.0048;abruptes
0;-0.0048;abruptere
0;-0.0048;abrupterem
0;-0.0048;abrupteren
0;-0.0048;abrupterer
0;-0.0048;abrupteres
0;-0.0048;abrupteste
0;-0.0048;abruptestem
0;-0.0048;abruptesten
0;-0.0048;abruptester
0;-0.0048;abruptestes
0;-0.0048;abrutschen
0;-0.0048;abrutsche
0;-0.0048;abrutschst
0;-0.0048;abrutscht
0;-0.0048;abrutschest
0;-0.0048;abrutschet
0;-0.0048;abrutschte
0;-0.0048;abrutschtest
0;-0.0048;abrutschten
0;-0.0048;abrutschtet
0;-0.0048;abzurutschen
0;-0.0048;abgerutscht
0;-0.0048;abschaffen
0;-0.0048;abschaffe
0;-0.0048;abschaffst
0;-0.0048;abschafft
0;-0.0048;abschaffest
0;-0.0048;abschaffet
0;-0.0048;abschaffte
0;-0.0048;abschafftest
0;-0.0048;abschafften
0;-0.0048;abschafftet
0;-0.0048;abzuschaffen
0;-0.0048;abgeschafft
0;-0.0048;abschiessen
0;-0.0048;abschiesse
0;-0.0048;abschiesst
0;-0.0048;abschiessest
0;-0.0048;abschiesset
0;-0.0048;abschoss
0;-0.0048;abschoss
0;-0.0048;abschossest
0;-0.0048;abschosst
0;-0.0048;abschosst
0;-0.0048;abschossen
0;-0.0048;abschoesse
0;-0.0048;abschoessest
0;-0.0048;abschoessen
0;-0.0048;abschoesset
0;-0.0048;abzuschiessen
0;-0.0048;abgeschossen
0;-0.178;abschrecken
0;-0.178;abschrecket
0;-0.178;abzuschrecken
0;-0.178;abschreckest
0;-0.178;abschreckten
0;-0.178;abschreckte
0;-0.178;abschrecktest
0;-0.178;abschreckt
0;-0.178;abschrecke
0;-0.178;abschreckst
0;-0.178;abgeschreckt
0;-0.178;abschrecktet
0;-0.049;abschreckend
0;-0.049;abschreckende
0;-0.049;abschreckendem
0;-0.049;abschreckenden
0;-0.049;abschreckender
0;-0.049;abschreckendes
0;-0.049;abschreckendere
0;-0.049;abschreckenderen
0;-0.049;abschreckenderem
0;-0.049;abschreckenderer
0;-0.049;abschreckenderes
0;-0.049;abschreckendste
0;-0.049;abschreckendstem
0;-0.049;abschreckendsten
0;-0.049;abschreckendster
0;-0.049;abschreckendstes
0;-0.1847;abschreiben
0;-0.1847;abschreibe
0;-0.1847;abschreibst
0;-0.1847;abschreibt
0;-0.1847;abschreibest
0;-0.1847;abschreibet
0;-0.1847;abschrieb
0;-0.1847;abschriebst
0;-0.1847;abschrieben
0;-0.1847;abschriebt
0;-0.1847;abschriebe
0;-0.1847;abschriebest
0;-0.1847;abschriebet
0;-0.1847;abzuschreiben
0;-0.1847;abgeschrieben
0;-0.0048;abschwaechen
0;-0.0048;abschwaecht
0;-0.0048;abschwaeche
0;-0.0048;abschwaechten
0;-0.0048;abschwaechte
0;-0.0048;abschwaechst
0;-0.0048;abgeschwaecht
0;-0.0048;abschwaechtest
0;-0.0048;abschwaechet
0;-0.0048;abschwaechest
0;-0.0048;abschwaechtet
0;-0.0048;abschaetzig
0;-0.0048;abschaetzigere
0;-0.0048;abschaetzigeres
0;-0.0048;abschaetzigerer
0;-0.0048;abschaetzigeren
0;-0.0048;abschaetzigem
0;-0.0048;abschaetzigerem
0;-0.0048;abschaetzigstes
0;-0.0048;abschaetzigen
0;-0.0048;abschaetzigst
0;-0.0048;abschaetzige
0;-0.0048;abschaetziger
0;-0.0048;abschaetziges
0;-0.0048;abschaetzigste
0;-0.0048;abschaetzigsten
0;-0.0048;abschaetzigstem
0;-0.0048;abschaetzigster
0;-0.0048;absenken
0;-0.0048;absenke
0;-0.0048;absenkst
0;-0.0048;absenkt
0;-0.0048;absenkest
0;-0.0048;absenket
0;-0.0048;absenkte
0;-0.0048;absenktest
0;-0.0048;absenkten
0;-0.0048;absenktet
0;-0.0048;abzusenken
0;-0.0048;abgesenkt
0;-0.3269;absinken
0;-0.3269;absinke
0;-0.3269;absinkst
0;-0.3269;absinkt
0;-0.3269;absinkest
0;-0.3269;absinket
0;-0.3269;absank
0;-0.3269;absankst
0;-0.3269;absanken
0;-0.3269;absankt
0;-0.3269;absaenke
0;-0.3269;absaenkest
0;-0.3269;absaenkst
0;-0.3269;absaenken
0;-0.3269;absaenket
0;-0.3269;absaenkt
0;-0.3269;abzusinken
0;-0.3269;abgesunken
0;-0.3099;abspalten
0;-0.3099;abspalte
0;-0.3099;abspaltest
0;-0.3099;abspaltet
0;-0.3099;abspaltete
0;-0.3099;abspaltetest
0;-0.3099;abspalteten
0;-0.3099;abspaltetet
0;-0.3099;abzuspalten
0;-0.3099;abgespalten
0;-0.3099;abgespaltet
0;-0.0048;absperren
0;-0.0048;absperre
0;-0.0048;absperrst
0;-0.0048;absperrt
0;-0.0048;absperrest
0;-0.0048;absperret
0;-0.0048;absperrte
0;-0.0048;absperrtest
0;-0.0048;absperrten
0;-0.0048;absperrtet
0;-0.0048;abzusperren
0;-0.0048;abgesperrt
0;-0.4776;absteigen
0;-0.4776;absteige
0;-0.4776;absteigst
0;-0.4776;absteigt
0;-0.4776;absteigest
0;-0.4776;absteiget
0;-0.4776;abstieg
0;-0.4776;abstiegst
0;-0.4776;abstiegen
0;-0.4776;abstiegt
0;-0.4776;abstiege
0;-0.4776;abstiegest
0;-0.4776;abstieget
0;-0.4776;abzusteigen
0;-0.4776;abgestiegen
0;-0.1796;abstossen
0;-0.1796;abstosse
0;-0.1796;abstoesst
0;-0.1796;abstosst
0;-0.1796;abstossest
0;-0.1796;abstosset
0;-0.1796;abstiess
0;-0.1796;abstiessest
0;-0.1796;abstiesst
0;-0.1796;abstiesse
0;-0.1796;abstiesset
0;-0.1796;abzustossen
0;-0.1796;abzustossen
0;-0.1796;abgestossen
0;-0.5859;abstossend
0;-0.5859;abstossendstem
0;-0.5859;abstossendsten
0;-0.5859;abstossenderer
0;-0.5859;abstossendster
0;-0.5859;abstossendere
0;-0.5859;abstossenderes
0;-0.5859;abstossendst
0;-0.5859;abstossendstes
0;-0.5859;abstossende
0;-0.5859;abstossenden
0;-0.5859;abstossendem
0;-0.5859;abstossendes
0;-0.5859;abstossender
0;-0.5859;abstossendste
0;-0.5859;abstossenderen
0;-0.5859;abstossenderem
0;-0.0048;abstumpfen
0;-0.0048;abzustumpfen
0;-0.0048;abstumpfet
0;-0.0048;abstumpfest
0;-0.0048;abstumpften
0;-0.0048;abgestumpft
0;-0.0048;abstumpftet
0;-0.0048;abstumpfe
0;-0.0048;abstumpftest
0;-0.0048;abstumpfte
0;-0.0048;abstumpft
0;-0.0048;abstumpfst
0;-0.4697;abstuerzen
0;-0.4697;abstuerztet
0;-0.4697;abstuerzt
0;-0.4697;abstuerze
0;-0.4697;abstuerzte
0;-0.4697;abgestuerzt
0;-0.4697;abstuerzet
0;-0.4697;abstuerzest
0;-0.4697;abstuerzten
0;-0.4697;abstuerztest
0;-0.212;absurd
0;-0.212;absurdester
0;-0.212;absurdestes
0;-0.212;absurderer
0;-0.212;absurdesten
0;-0.212;absurden
0;-0.212;absurdem
0;-0.212;absurderen
0;-0.212;absurderem
0;-0.212;absurdestem
0;-0.212;absurdere
0;-0.212;absurdeste
0;-0.212;absurde
0;-0.212;absurder
0;-0.212;absurdest
0;-0.212;absurdes
0;-0.212;absurderes
0;-0.0048;abtragen
0;-0.0048;abtrage
0;-0.0048;abtraegst
0;-0.0048;abtraegt
0;-0.0048;abtragt
0;-0.0048;abtragest
0;-0.0048;abtraget
0;-0.0048;abtrug
0;-0.0048;abtrugst
0;-0.0048;abtrugen
0;-0.0048;abtrugt
0;-0.0048;abtruege
0;-0.0048;abtruegest
0;-0.0048;abtruegst
0;-0.0048;abtruegen
0;-0.0048;abtrueget
0;-0.0048;abtruegt
0;-0.0048;abzutragen
0;-0.0048;abgetragen
0;-0.3422;abweichen
0;-0.3422;abweiche
0;-0.3422;abweichst
0;-0.3422;abweicht
0;-0.3422;abweichest
0;-0.3422;abweichet
0;-0.3422;abweichte
0;-0.3422;abweichtest
0;-0.3422;abweichten
0;-0.3422;abweichtet
0;-0.3422;abzuweichen
0;-0.3422;abgeweicht
0;-0.0048;abweisen
0;-0.0048;abweise
0;-0.0048;abweist
0;-0.0048;abweisest
0;-0.0048;abweiset
0;-0.0048;abwies
0;-0.0048;abwiesest
0;-0.0048;abwiest
0;-0.0048;abwiesen
0;-0.0048;abwiese
0;-0.0048;abwieset
0;-0.0048;abzuweisen
0;-0.0048;abgewiesen
0;-0.4521;abwerten
0;-0.4521;abwertest
0;-0.4521;abgewertet
0;-0.4521;abwerttest
0;-0.4521;abzuwerten
0;-0.4521;abwertete
0;-0.4521;abwerteten
0;-0.4521;abwerte
0;-0.4521;abwertetet
0;-0.4521;abwertet
0;-0.4521;abwertetest
0;-0.0048;achtlos
0;-0.0048;achtloses
0;-0.0048;achtlosere
0;-0.0048;achtlosestes
0;-0.0048;achtlosester
0;-0.0048;achtlose
0;-0.0048;achtlosest
0;-0.0048;achtloseren
0;-0.0048;achtloseste
0;-0.0048;achtloseres
0;-0.0048;achtloserer
0;-0.0048;achtlosestem
0;-0.0048;achtlosesten
0;-0.0048;achtloser
0;-0.0048;achtlosen
0;-0.0048;achtlosem
0;-0.0048;achtloserem
0;-0.4484;aggressiv
0;-0.4484;aggressive
0;-0.4484;aggressivem
0;-0.4484;aggressiven
0;-0.4484;aggressiver
0;-0.4484;aggressives
0;-0.4484;aggressivere
0;-0.4484;aggressiverem
0;-0.4484;aggressiveren
0;-0.4484;aggressiverer
0;-0.4484;aggressiveres
0;-0.4484;aggressivste
0;-0.4484;aggressivstem
0;-0.4484;aggressivsten
0;-0.4484;aggressivster
0;-0.4484;aggressivstes
0;-0.0048;alarmieren
0;-0.0048;alarmiertest
0;-0.0048;alarmieret
0;-0.0048;alarmierten
0;-0.0048;alarmiere
0;-0.0048;alarmiertet
0;-0.0048;alarmierest
0;-0.0048;alarmierst
0;-0.0048;alarmierte
0;-0.0048;alarmiert
0;-0.0048;alkoholisiert
0;-0.0048;alkoholisierten
0;-0.0048;alkoholisiertem
0;-0.0048;alkoholisierteste
0;-0.0048;alkoholisierte
0;-0.0048;alkoholisiertester
0;-0.0048;alkoholisiertestes
0;-0.0048;alkoholisiertes
0;-0.0048;alkoholisiertest
0;-0.0048;alkoholisiertesten
0;-0.0048;alkoholisierter
0;-0.0048;alkoholisiertestem
0;-0.0048;alkoholisierterer
0;-0.0048;alkoholisiertere
0;-0.0048;alkoholisierteres
0;-0.0048;alkoholisierteren
0;-0.0048;alkoholisierterem
0;-0.0048;alt
0;-0.0048;alte
0;-0.0048;altem
0;-0.0048;alten
0;-0.0048;aeltest
0;-0.0048;alter
0;-0.0048;altes
0;-0.0048;aelteres
0;-0.0048;aeltester
0;-0.0048;aelterer
0;-0.0048;aelter
0;-0.0048;aeltere
0;-0.0048;aelterem
0;-0.0048;aeltestem
0;-0.0048;aeltesten
0;-0.0048;aelteren
0;-0.0048;aelteste
0;-0.0048;aeltestes
0;-0.0382;altmodisch
0;-0.0382;altmodische
0;-0.0382;altmodischem
0;-0.0382;altmodischen
0;-0.0382;altmodischer
0;-0.0382;altmodisches
0;-0.0382;altmodischere
0;-0.0382;altmodischerem
0;-0.0382;altmodischeren
0;-0.0382;altmodischerer
0;-0.0382;altmodischeres
0;-0.0382;altmodischste
0;-0.0382;altmodischstem
0;-0.0382;altmodischsten
0;-0.0382;altmodischster
0;-0.0382;altmodischstes
0;-0.4485;amateurhaft
0;-0.4485;amateurhafte
0;-0.4485;amateurhaftem
0;-0.4485;amateurhaften
0;-0.4485;amateurhafter
0;-0.4485;amateurhaftes
0;-0.4485;amateurhaftere
0;-0.4485;amateurhafterem
0;-0.4485;amateurhafteren
0;-0.4485;amateurhafterer
0;-0.4485;amateurhafteres
0;-0.4485;amateurhafteste
0;-0.4485;amateurhaftestem
0;-0.4485;amateurhaftesten
0;-0.4485;amateurhaftester
0;-0.4485;amateurhaftestes
0;-0.4628;ambivalent
0;-0.4628;ambivalenterer
0;-0.4628;ambivalentestem
0;-0.4628;ambivalentesten
0;-0.4628;ambivalentem
0;-0.4628;ambivalenteren
0;-0.4628;ambivalenterem
0;-0.4628;ambivalentestes
0;-0.4628;ambivalentester
0;-0.4628;ambivalenten
0;-0.4628;ambivalentes
0;-0.4628;ambivalenter
0;-0.4628;ambivalenteste
0;-0.4628;ambivalenteres
0;-0.4628;ambivalente
0;-0.4628;ambivalentere
0;-0.0048;androhen
0;-0.0048;angedroht
0;-0.0048;androhte
0;-0.0048;androhest
0;-0.0048;androhtest
0;-0.0048;androhet
0;-0.0048;anzudrohen
0;-0.0048;androhst
0;-0.0048;androhe
0;-0.0048;androhten
0;-0.0048;androht
0;-0.0048;androhtet
0;-0.1884;anfaellig
0;-0.1884;anfaellige
0;-0.1884;anfaelligstes
0;-0.1884;anfaelligster
0;-0.1884;anfaelligerem
0;-0.1884;anfaelliges
0;-0.1884;anfaelliger
0;-0.1884;anfaelligeren
0;-0.1884;anfaelligsten
0;-0.1884;anfaelligem
0;-0.1884;anfaelligste
0;-0.1884;anfaelligstem
0;-0.1884;anfaelligen
0;-0.1884;anfaelligeres
0;-0.1884;anfaelligerer
0;-0.1884;anfaelligere
0;-0.4744;angespannt
0;-0.4744;angespannterer
0;-0.4744;angespannten
0;-0.4744;angespannteres
0;-0.4744;angespanntestem
0;-0.4744;angespanntesten
0;-0.4744;angespanntem
0;-0.4744;angespannteren
0;-0.4744;angespannte
0;-0.4744;angespannterem
0;-0.4744;angespanntester
0;-0.4744;angespanntestes
0;-0.4744;angespanntere
0;-0.4744;angespanntes
0;-0.4744;angespannter
0;-0.4744;angespannteste
0;-0.0415;angestrengt
0;-0.0415;angestrengteste
0;-0.0415;angestrengtestes
0;-0.0415;angestrengten
0;-0.0415;angestrengte
0;-0.0415;angestrengtem
0;-0.0415;angestrengtes
0;-0.0415;angestrengter
0;-0.0415;angestrengterer
0;-0.0415;angestrengtester
0;-0.0415;angestrengteres
0;-0.0415;angestrengterem
0;-0.0415;angestrengteren
0;-0.0415;angestrengtestem
0;-0.0415;angestrengtesten
0;-0.0415;angestrengtere
0;-0.0048;angetrunken
0;-0.0048;angetrunkenen
0;-0.0048;angetrunkenem
0;-0.0048;angetrunkener
0;-0.0048;angetrunkene
0;-0.0048;angetrunkenere
0;-0.0048;angetrunkeneren
0;-0.0048;angetrunkenerer
0;-0.0048;angetrunkeneres
0;-0.0048;angetrunkenste
0;-0.0048;angetrunkenes
0;-0.0048;angetrunkenstem
0;-0.0048;angetrunkenster
0;-0.0048;angetrunkensten
0;-0.0048;angetrunkenstes
0;-0.0048;angetrunkenerem
0;-0.0464;angreifen
0;-0.0464;angreife
0;-0.0464;angreifst
0;-0.0464;angreift
0;-0.0464;angreifest
0;-0.0464;angreifet
0;-0.0464;angriff
0;-0.0464;angriffst
0;-0.0464;angriffen
0;-0.0464;angriffe
0;-0.0464;angriffest
0;-0.0464;angriffet
0;-0.0464;anzugreifen
0;-0.0464;angegriffen
0;-0.0048;anklagen
0;-0.0048;anklagten
0;-0.0048;anklagtet
0;-0.0048;anklagest
0;-0.0048;anklage
0;-0.0048;angeklagt
0;-0.0048;anklagt
0;-0.0048;anklaget
0;-0.0048;anklagst
0;-0.0048;anklagtest
0;-0.0048;anklagte
0;-0.0048;anzuklagen
0;-0.0048;anmassen
0;-0.0048;anmasstet
0;-0.0048;anmassest
0;-0.0048;anmasstest
0;-0.0048;anzumassen
0;-0.0048;anmasse
0;-0.0048;anmassten
0;-0.0048;angemasst
0;-0.0048;anmass
0;-0.0048;anmasset
0;-0.0048;anmasste
0;-0.0048;anzumassen
0;-0.3149;annullieren
0;-0.3149;annulliertet
0;-0.3149;annulliert
0;-0.3149;annulliere
0;-0.3149;annullierst
0;-0.3149;annullierte
0;-0.3149;annullierest
0;-0.3149;annulliertest
0;-0.3149;annullierten
0;-0.3149;annullieret
0;-0.0048;anschiessen
0;-0.0048;anschiesse
0;-0.0048;anschiesst
0;-0.0048;anschiessest
0;-0.0048;anschiesset
0;-0.0048;anschoss
0;-0.0048;anschoss
0;-0.0048;anschossest
0;-0.0048;anschosst
0;-0.0048;anschosst
0;-0.0048;anschossen
0;-0.0048;anschoesse
0;-0.0048;anschoessest
0;-0.0048;anschoessen
0;-0.0048;anschoesset
0;-0.0048;anzuschiessen
0;-0.0048;angeschossen
0;-0.0444;anspannen
0;-0.0444;anspannte
0;-0.0444;anspannt
0;-0.0444;anspanne
0;-0.0444;anspannten
0;-0.0444;anzuspannen
0;-0.0444;angespannt
0;-0.0444;anspanntet
0;-0.0444;anspanntest
0;-0.0444;anspannst
0;-0.0444;anspannet
0;-0.0444;anspannest
0;-0.0048;anstrengen
0;-0.0048;anstrengtet
0;-0.0048;anstrengest
0;-0.0048;anstrenget
0;-0.0048;angestrengt
0;-0.0048;anstrengtest
0;-0.0048;anzustrengen
0;-0.0048;anstrengte
0;-0.0048;anstrengten
0;-0.0048;anstrengt
0;-0.0048;anstrengst
0;-0.0048;anstrenge
0;-0.0048;anstrengend
0;-0.0048;anstrengendem
0;-0.0048;anstrengendsten
0;-0.0048;anstrengenden
0;-0.0048;anstrengenderes
0;-0.0048;anstrengendstem
0;-0.0048;anstrengenderer
0;-0.0048;anstrengendster
0;-0.0048;anstrengendes
0;-0.0048;anstrengender
0;-0.0048;anstrengendste
0;-0.0048;anstrengenderen
0;-0.0048;anstrengenderem
0;-0.0048;anstrengendere
0;-0.0048;anstrengende
0;-0.0048;anstrengendstes
0;-0.0048;anstoessig
0;-0.0048;anstoessigster
0;-0.0048;anstoessigerer
0;-0.0048;anstoessigstes
0;-0.0048;anstoessigerem
0;-0.0048;anstoessigeren
0;-0.0048;anstoessigste
0;-0.0048;anstoessiger
0;-0.0048;anstoessiges
0;-0.0048;anstoessigere
0;-0.0048;anstoessigen
0;-0.0048;anstoessigem
0;-0.0048;anstoessigsten
0;-0.0048;anstoessigeres
0;-0.0048;anstoessigstem
0;-0.0048;anstoessige
0;-0.0048;antiquiert
0;-0.0048;antiquiertes
0;-0.0048;antiquiertere
0;-0.0048;antiquierter
0;-0.0048;antiquiertestem
0;-0.0048;antiquiertesten
0;-0.0048;antiquiertester
0;-0.0048;antiquierterem
0;-0.0048;antiquiertestes
0;-0.0048;antiquierteren
0;-0.0048;antiquierteres
0;-0.0048;antiquierte
0;-0.0048;antiquierterer
0;-0.0048;antiquierteste
0;-0.0048;antiquierten
0;-0.0048;antiquiertem
0;-0.3333;anzuenden
0;-0.3333;anzuende
0;-0.3333;anzuendest
0;-0.3333;anzuendet
0;-0.3333;anzuendete
0;-0.3333;anzuuendetest
0;-0.3333;anzuendeten
0;-0.3333;anzuendetet
0;-0.3252;apathisch
0;-0.3252;apathischerem
0;-0.3252;apathischeren
0;-0.3252;apathischste
0;-0.3252;apathischerer
0;-0.3252;apathischem
0;-0.3252;apathischster
0;-0.3252;apathischen
0;-0.3252;apathischstes
0;-0.3252;apathischstem
0;-0.3252;apathischsten
0;-0.3252;apathischer
0;-0.3252;apathischere
0;-0.3252;apathischeres
0;-0.3252;apathisches
0;-0.3252;apathische
0;-0.0048;apokalyptisch
0;-0.0048;apokalyptischeren
0;-0.0048;apokalyptischen
0;-0.0048;apokalyptischerem
0;-0.0048;apokalyptischem
0;-0.0048;apokalyptischstes
0;-0.0048;apokalyptischster
0;-0.0048;apokalyptischsten
0;-0.0048;apokalyptisches
0;-0.0048;apokalyptischstem
0;-0.0048;apokalyptischer
0;-0.0048;apokalyptischere
0;-0.0048;apokalyptischste
0;-0.0048;apokalyptische
0;-0.0048;apokalyptischerer
0;-0.0048;apokalyptischeres
0;-0.3426;arbeitslos
0;-0.3426;arbeitslosere
0;-0.3426;arbeitslose
0;-0.3426;arbeitsloserer
0;-0.3426;arbeitsloseres
0;-0.3426;arbeitsloserem
0;-0.3426;arbeitsloseren
0;-0.3426;arbeitsloseste
0;-0.3426;arbeitsloses
0;-0.3426;arbeitsloser
0;-0.3426;arbeitslosester
0;-0.3426;arbeitslosestes
0;-0.3426;arbeitslosesten
0;-0.3426;arbeitslosestem
0;-0.3426;arbeitslosem
0;-0.3426;arbeitslosen
0;-0.0048;archaisch
0;-0.0048;archaische
0;-0.0048;archaischstem
0;-0.0048;archaischsten
0;-0.0048;archaischstes
0;-0.0048;archaischste
0;-0.0048;archaischster
0;-0.0048;archaischeren
0;-0.0048;archaischeres
0;-0.0048;archaischerer
0;-0.0048;archaischere
0;-0.0048;archaisches
0;-0.0048;archaischerem
0;-0.0048;archaischen
0;-0.0048;archaischem
0;-0.0048;archaischer
0;-0.4546;arm
0;-0.4546;armem
0;-0.4546;armen
0;-0.4546;aermerer
0;-0.4546;arme
0;-0.4546;aermeres
0;-0.4546;aermeren
0;-0.4546;aermerem
0;-0.4546;armes
0;-0.4546;armer
0;-0.4546;aermer
0;-0.4546;aermstes
0;-0.4546;aermster
0;-0.4546;aermste
0;-0.4546;aermsten
0;-0.4546;aermstem
0;-0.4546;aermere
0;-0.1814;armselig
0;-0.1814;armseligen
0;-0.1814;armseligem
0;-0.1814;armselige
0;-0.1814;armseliges
0;-0.1814;armseliger
0;-0.1814;armseligste
0;-0.1814;armseligster
0;-0.1814;armseligstes
0;-0.1814;armseligerem
0;-0.1814;armseligstem
0;-0.1814;armseligsten
0;-0.1814;armseligeren
0;-0.1814;armseligere
0;-0.1814;armseligerer
0;-0.1814;armseligeres
0;-0.4659;arrogant
0;-0.4659;arrogante
0;-0.4659;arroganteste
0;-0.4659;arrogantem
0;-0.4659;arroganten
0;-0.4659;arrogantestem
0;-0.4659;arrogantesten
0;-0.4659;arroganter
0;-0.4659;arrogantes
0;-0.4659;arrogantester
0;-0.4659;arrogantestes
0;-0.4659;arroganteres
0;-0.4659;arroganterer
0;-0.4659;arroganteren
0;-0.4659;arrogantere
0;-0.4659;arroganterem
0;-0.0048;attackieren
0;-0.0048;attackiere
0;-0.0048;attackierst
0;-0.0048;attackiert
0;-0.0048;attackierest
0;-0.0048;attackieret
0;-0.0048;attackierte
0;-0.0048;attackiertest
0;-0.0048;attackierten
0;-0.0048;attackiertet
0;-0.0048;aufblasen
0;-0.0048;aufblase
0;-0.0048;aufblaest
0;-0.0048;aufblast
0;-0.0048;aufblasest
0;-0.0048;aufblaset
0;-0.0048;aufblies
0;-0.0048;aufbliesest
0;-0.0048;aufbliest
0;-0.0048;aufbliesen
0;-0.0048;aufbliese
0;-0.0048;aufblieset
0;-0.0048;aufzublasen
0;-0.0048;aufgeblasen
0;-0.0048;aufblaehen
0;-0.0048;aufblaehtet
0;-0.0048;aufblaehest
0;-0.0048;aufzublaehen
0;-0.0048;aufblaeht
0;-0.0048;aufblaehe
0;-0.0048;aufgeblaeht
0;-0.0048;aufblaehte
0;-0.0048;aufblaehet
0;-0.0048;aufblaehst
0;-0.0048;aufblaehtest
0;-0.0048;aufblaehten
0;-0.0048;aufbringen
0;-0.0048;aufbringe
0;-0.0048;aufbringst
0;-0.0048;aufbringt
0;-0.0048;aufbringest
0;-0.0048;aufbringet
0;-0.0048;aufbrachte
0;-0.0048;aufbrachtest
0;-0.0048;aufbrachten
0;-0.0048;aufbrachtet
0;-0.0048;aufbraechte
0;-0.0048;aufbraechtest
0;-0.0048;aufbraechten
0;-0.0048;aufbraechtet
0;-0.0048;aufzubringen
0;-0.0048;aufgebracht
0;-0.3386;auffallen
0;-0.3386;auffalle
0;-0.3386;auffaellst
0;-0.3386;auffaellt
0;-0.3386;auffallt
0;-0.3386;auffallest
0;-0.3386;auffallet
0;-0.3386;auffiel
0;-0.3386;auffielst
0;-0.3386;auffielen
0;-0.3386;auffielt
0;-0.3386;auffiele
0;-0.3386;auffielest
0;-0.3386;auffielet
0;-0.3386;aufzufallen
0;-0.3386;aufgefallen
0;-0.2098;aufgeben
0;-0.2098;aufgebe
0;-0.2098;aufgibst
0;-0.2098;aufgibt
0;-0.2098;aufgebt
0;-0.2098;aufgebest
0;-0.2098;aufgebet
0;-0.2098;aufgab
0;-0.2098;aufgabst
0;-0.2098;aufgaben
0;-0.2098;aufgabt
0;-0.2098;aufgaebe
0;-0.2098;aufgaebest
0;-0.2098;aufgaebst
0;-0.0048;aufgebracht
0;-0.0048;aufgebrachterem
0;-0.0048;aufgebrachte
0;-0.0048;aufgebrachten
0;-0.0048;aufgebrachtem
0;-0.0048;aufgebrachteren
0;-0.0048;aufgebrachtestes
0;-0.0048;aufgebrachtester
0;-0.0048;aufgebrachter
0;-0.0048;aufgebrachteres
0;-0.0048;aufgebrachterer
0;-0.0048;aufgebrachtes
0;-0.0048;aufgebrachtesten
0;-0.0048;aufgebrachtestem
0;-0.0048;aufgebrachtere
0;-0.0048;aufgebrachteste
0;-0.0048;aufgeregt
0;-0.0048;aufgeregteres
0;-0.0048;aufgeregterer
0;-0.0048;aufgeregterem
0;-0.0048;aufgeregtestes
0;-0.0048;aufgeregteren
0;-0.0048;aufgeregtester
0;-0.0048;aufgeregten
0;-0.0048;aufgeregtem
0;-0.0048;aufgeregtere
0;-0.0048;aufgeregter
0;-0.0048;aufgeregtesten
0;-0.0048;aufgeregtes
0;-0.0048;aufgeregtestem
0;-0.0048;aufgeregte
0;-0.0048;aufgeregteste
0;-0.0142;aufhoeren
0;-0.0142;aufhoere
0;-0.0142;aufhoerst
0;-0.0142;aufhoert
0;-0.0142;aufhoerest
0;-0.0142;aufhoeret
0;-0.0142;aufhoerte
0;-0.0142;aufhoertest
0;-0.0142;aufhoerten
0;-0.0142;aufhoertet
0;-0.0142;aufzuhoeren
0;-0.0142;aufgehoert
0;-0.0412;aufloesen
0;-0.0412;aufloestet
0;-0.0412;aufloest
0;-0.0412;aufloese
0;-0.0412;aufloestest
0;-0.0412;aufloeste
0;-0.0412;aufloesten
0;-0.0412;aufloeset
0;-0.0412;aufzuloesen
0;-0.0412;aufgeloest
0;-0.0412;aufloesest
0;-0.0048;aufregen
0;-0.0048;aufregt
0;-0.0048;aufrege
0;-0.0048;aufregtet
0;-0.0048;aufregst
0;-0.0048;aufgeregt
0;-0.0048;aufregte
0;-0.0048;aufreget
0;-0.0048;aufregtest
0;-0.0048;aufregten
0;-0.0048;aufzuregen
0;-0.0048;aufregest
0;-0.0048;aufreibend
0;-0.0048;aufreibende
0;-0.0048;aufreibendem
0;-0.0048;aufreibenden
0;-0.0048;aufreibender
0;-0.0048;aufreibendes
0;-0.0048;aufreibendere
0;-0.0048;aufreibenderem
0;-0.0048;aufreibenderen
0;-0.0048;aufreibenderer
0;-0.0048;aufreibenderes
0;-0.0048;aufreibendste
0;-0.0048;aufreibendstem
0;-0.0048;aufreibendsten
0;-0.0048;aufreibendster
0;-0.0048;aufreibendstes
0;-0.0256;aufruehren
0;-0.0256;aufzuruehren
0;-0.0256;aufruehrtest
0;-0.0256;aufruehrtet
0;-0.0256;aufruehret
0;-0.0256;aufruehre
0;-0.0256;aufruehrten
0;-0.0256;aufruehrte
0;-0.0256;aufruehrt
0;-0.0256;aufgeruehrt
0;-0.0256;aufruehrst
0;-0.0256;aufruehrest
0;-0.04;aufschlagen
0;-0.04;aufschlage
0;-0.04;aufschlaegst
0;-0.04;aufschlaegt
0;-0.04;aufschlagt
0;-0.04;aufschlagest
0;-0.04;aufschlaget
0;-0.04;aufschlug
0;-0.04;aufschlugst
0;-0.04;aufschlugen
0;-0.04;aufschlugt
0;-0.04;aufschluege
0;-0.04;aufschluegest
0;-0.04;aufschluegst
0;-0.04;aufschluegen
0;-0.04;aufschlueget
0;-0.04;aufschluegt
0;-0.04;aufzuschlagen
0;-0.04;aufgeschlagen
0;-0.043;aufschreien
0;-0.043;aufschreie
0;-0.043;aufschreist
0;-0.043;aufschreit
0;-0.043;aufschreiest
0;-0.043;aufschreiet
0;-0.043;aufschrie
0;-0.043;aufschriest
0;-0.043;aufschrieen
0;-0.043;aufschrien
0;-0.043;aufschriet
0;-0.043;aufschriee
0;-0.043;aufschrieest
0;-0.043;aufschrieet
0;-0.043;aufzuschreien
0;-0.043;aufgeschrien
0;-0.043;aufgeschrieen
0;-0.0398;aufwuehlen
0;-0.0398;aufwuehle
0;-0.0398;aufwuehlst
0;-0.0398;aufwuehlt
0;-0.0398;aufwuehlest
0;-0.0398;aufwuehlet
0;-0.0398;aufwuehlte
0;-0.0398;aufwuehltest
0;-0.0398;aufwuehlten
0;-0.0398;aufwuehltet
0;-0.0398;aufzuwuehlen
0;-0.0398;aufgewuehlt
0;-0.3215;ausbeuten
0;-0.3215;ausgebeutet
0;-0.3215;ausbeutete
0;-0.3215;ausbeutten
0;-0.3215;ausbeuttest
0;-0.3215;ausbeutet
0;-0.3215;ausbeuteten
0;-0.3215;ausbeutetest
0;-0.3215;ausbeutte
0;-0.3215;ausbeutetet
0;-0.3215;ausbeutest
0;-0.3215;auszubeuten
0;-0.3215;ausbeute
0;-0.3215;ausbeuttet
0;-0.1819;ausbrechen
0;-0.1819;ausbreche
0;-0.1819;ausbrichst
0;-0.1819;ausbricht
0;-0.1819;ausbrecht
0;-0.1819;ausbrechest
0;-0.1819;ausbrechet
0;-0.1819;ausbrach
0;-0.1819;ausbrachst
0;-0.1819;ausbrachen
0;-0.1819;ausbracht
0;-0.1819;ausbraeche
0;-0.1819;ausbraechest
0;-0.1819;ausbraechst
0;-0.1819;ausbraechen
0;-0.1819;ausbraechet
0;-0.1819;ausbraecht
0;-0.1819;auszubrechen
0;-0.1819;ausgebrochen
0;-0.0048;auseinanderfallen
0;-0.0048;auseinanderfalle
0;-0.0048;auseinanderfaellst
0;-0.0048;auseinanderfaellt
0;-0.0048;auseinanderfallt
0;-0.0048;auseinanderfallest
0;-0.0048;auseinanderfallet
0;-0.0048;auseinanderfiel
0;-0.0048;auseinanderfielst
0;-0.0048;auseinanderfielen
0;-0.0048;auseinanderfielt
0;-0.0048;auseinanderfiele
0;-0.0048;auseinanderfielest
0;-0.0048;auseinanderfielet
0;-0.0048;auseinanderzufallen
0;-0.0048;auseinandergefallen
0;-0.0584;auseinandersetzen
0;-0.0584;auseinandersetze
0;-0.0584;auseinandersetzt
0;-0.0584;auseinandersetzest
0;-0.0584;auseinandersetzet
0;-0.0584;auseinandersetzte
0;-0.0584;auseinandersetztest
0;-0.0584;auseinandersetzten
0;-0.0584;auseinandersetztet
0;-0.0584;auseinanderzusetzen
0;-0.0584;auseinandergesetzt
0;-0.3481;ausfallen
0;-0.3481;ausfalle
0;-0.3481;ausfaellst
0;-0.3481;ausfaellt
0;-0.3481;ausfallt
0;-0.3481;ausfallest
0;-0.3481;ausfallet
0;-0.3481;ausfiel
0;-0.3481;ausfielst
0;-0.3481;ausfielen
0;-0.3481;ausfielt
0;-0.3481;ausfiele
0;-0.3481;ausfielest
0;-0.3481;ausfielet
0;-0.3481;auszufallen
0;-0.3481;ausgefallen
0;-0.0048;ausgehungert
0;-0.0048;ausgehungertster
0;-0.0048;ausgehungertstes
0;-0.0048;ausgehungertere
0;-0.0048;ausgehungertes
0;-0.0048;ausgehungerte
0;-0.0048;ausgehungerter
0;-0.0048;ausgehungerten
0;-0.0048;ausgehungertem
0;-0.0048;ausgehungerteren
0;-0.0048;ausgehungertstem
0;-0.0048;ausgehungertsten
0;-0.0048;ausgehungerterem
0;-0.0048;ausgehungerterer
0;-0.0048;ausgehungertste
0;-0.0048;ausgehungerteres
0;-0.0389;ausgestorben
0;-0.0389;ausgestorbenerer
0;-0.0389;ausgestorbenem
0;-0.0389;ausgestorbenere
0;-0.0389;ausgestorbenen
0;-0.0389;ausgestorbener
0;-0.0389;ausgestorbeneren
0;-0.0389;ausgestorbenerem
0;-0.0389;ausgestorbene
0;-0.0389;ausgestorbenes
0;-0.0389;ausgestorbeneres
0;-0.0389;ausgestorbenster
0;-0.0389;ausgestorbenstes
0;-0.0389;ausgestorbenste
0;-0.0389;ausgestorbenstem
0;-0.0389;ausgestorbensten
0;-0.0048;ausgleiten
0;-0.0048;ausgleite
0;-0.0048;ausgleitest
0;-0.0048;ausgleitet
0;-0.0048;ausglitt
0;-0.0048;ausglittest
0;-0.0048;ausglitten
0;-0.0048;ausglittet
0;-0.0048;auszugleiten
0;-0.0048;ausgeglitten
0;-0.0048;ausgrenzen
0;-0.0048;ausgrenze
0;-0.0048;ausgrenzt
0;-0.0048;ausgrenzest
0;-0.0048;ausgrenzet
0;-0.0048;ausgrenzte
0;-0.0048;ausgrenztest
0;-0.0048;ausgrenzten
0;-0.0048;ausgrenztet
0;-0.0048;auszugrenzen
0;-0.0048;ausgegrenzt
0;-0.0048;ausradieren
0;-0.0048;ausradiertet
0;-0.0048;ausradierest
0;-0.0048;ausradierten
0;-0.0048;auszuradieren
0;-0.0048;ausradierte
0;-0.0048;ausradierst
0;-0.0048;ausradieret
0;-0.0048;ausradiertest
0;-0.0048;ausradiert
0;-0.0048;ausradiere
0;-0.0048;ausrotten
0;-0.0048;ausrottet
0;-0.0048;ausrotten
0;-0.0048;ausrottest
0;-0.0048;auszurotten
0;-0.0048;ausrotteten
0;-0.0048;ausrottetest
0;-0.0048;ausgerottet
0;-0.0048;ausrottetet
0;-0.0048;ausrotte
0;-0.0048;ausrottete
0;-0.0048;ausschalten
0;-0.0048;ausschaltest
0;-0.0048;ausschalte
0;-0.0048;ausschaltet
0;-0.0048;ausschaltetest
0;-0.0048;auszuschalten
0;-0.0048;ausschaltetet
0;-0.0048;ausgeschaltet
0;-0.0048;ausschalteten
0;-0.0048;ausschalten
0;-0.0048;ausschaltete
0;-0.4935;ausschliessen
0;-0.4935;ausschliesse
0;-0.4935;ausschliesst
0;-0.4935;ausschliessest
0;-0.4935;ausschliesset
0;-0.4935;ausschloss
0;-0.4935;ausschloss
0;-0.4935;ausschlossest
0;-0.4935;ausschlosst
0;-0.4935;ausschlosst
0;-0.4935;ausschlossen
0;-0.4935;ausschloesse
0;-0.4935;ausschloessest
0;-0.4935;ausschloessen
0;-0.4935;ausschloesset
0;-0.4935;auszuschliessen
0;-0.4935;ausgeschlossen
0;-0.3413;aussetzen
0;-0.3413;auszusetzen
0;-0.3413;aussetzte
0;-0.3413;aussetzest
0;-0.3413;aussetztet
0;-0.3413;aussetztest
0;-0.3413;aussetzten
0;-0.3413;aussetze
0;-0.3413;ausgesetzt
0;-0.3413;aussetzet
0;-0.3413;aussetzt
0;-0.183;aussichtslos
0;-0.183;aussichtslosestem
0;-0.183;aussichtslosester
0;-0.183;aussichtslosestes
0;-0.183;aussichtsloseste
0;-0.183;aussichtsloses
0;-0.183;aussichtsloser
0;-0.183;aussichtslosesten
0;-0.183;aussichtsloserem
0;-0.183;aussichtsloseren
0;-0.183;aussichtslosen
0;-0.183;aussichtsloserer
0;-0.183;aussichtslosem
0;-0.183;aussichtslosere
0;-0.183;aussichtsloseres
0;-0.183;aussichtslose
0;-0.0048;aussterben
0;-0.0048;aussterbe
0;-0.0048;ausstirbst
0;-0.0048;ausstirbt
0;-0.0048;aussterbt
0;-0.0048;aussterbest
0;-0.0048;aussterbet
0;-0.0048;ausstarb
0;-0.0048;ausstarbst
0;-0.0048;ausstarben
0;-0.0048;ausstarbt
0;-0.0048;ausstuerbe
0;-0.0048;ausstuerbest
0;-0.0048;ausstuerbst
0;-0.0048;ausstuerben
0;-0.0048;ausstuerbet
0;-0.0048;ausstuerbt
0;-0.0048;auszusterben
0;-0.0048;ausgestorben
0;-0.3166;banal
0;-0.3166;banaleres
0;-0.3166;banalerer
0;-0.3166;banaleren
0;-0.3166;banalste
0;-0.3166;banalsten
0;-0.3166;banalstem
0;-0.3166;banales
0;-0.3166;banaler
0;-0.3166;banalere
0;-0.3166;banale
0;-0.3166;banalerem
0;-0.3166;banalem
0;-0.3166;banalen
0;-0.3166;banalstes
0;-0.3166;banalster
0;-0.3176;barbarisch
0;-0.3176;barbarischer
0;-0.3176;barbarisches
0;-0.3176;barbarischen
0;-0.3176;barbarischem
0;-0.3176;barbarischste
0;-0.3176;barbarischeren
0;-0.3176;barbarischerem
0;-0.3176;barbarischstes
0;-0.3176;barbarischster
0;-0.3176;barbarischere
0;-0.3176;barbarischerer
0;-0.3176;barbarische
0;-0.3176;barbarischstem
0;-0.3176;barbarischsten
0;-0.3176;barbarischeres
0;-0.333;beanstandet
0;-0.333;beanstandete
0;-0.333;beanstandetem
0;-0.333;beanstandeten
0;-0.333;beanstandeter
0;-0.333;beanstandetes
0;-0.0551;bedauerlich
0;-0.0551;bedauerlichsten
0;-0.0551;bedauerlichstem
0;-0.0551;bedauerlicheres
0;-0.0551;bedauerlichste
0;-0.0551;bedauerlicherer
0;-0.0551;bedauerlicheren
0;-0.0551;bedauerlichem
0;-0.0551;bedauerlicherem
0;-0.0551;bedauerlichen
0;-0.0551;bedauerliche
0;-0.0551;bedauerliches
0;-0.0551;bedauerlicher
0;-0.0551;bedauerlichstes
0;-0.0551;bedauerlichster
0;-0.0551;bedauerlichere
0;-0.0574;bedauern
0;-0.0574;bedauere
0;-0.0574;bedauerst
0;-0.0574;bedauert
0;-0.0574;bedaurest
0;-0.0574;bedaure
0;-0.0574;bedauret
0;-0.0574;bedauerte
0;-0.0574;bedauertest
0;-0.0574;bedauerten
0;-0.0574;bedauertet
0;-0.0048;bedauernswert
0;-0.0048;bedauernswerter
0;-0.0048;bedauernswertes
0;-0.0048;bedauernswertere
0;-0.0048;bedauernswerte
0;-0.0048;bedauernswerten
0;-0.0048;bedauernswerteren
0;-0.0048;bedauernswerterem
0;-0.0048;bedauernswertestem
0;-0.0048;bedauernswertesten
0;-0.0048;bedauernswertester
0;-0.0048;bedauernswertestes
0;-0.0048;bedauernswertem
0;-0.0048;bedauernswerterer
0;-0.0048;bedauernswerteres
0;-0.0048;bedauernswerteste
0;-0.7701;bedenklich
0;-0.7701;bedenklicherem
0;-0.7701;bedenkliches
0;-0.7701;bedenklicher
0;-0.7701;bedenklicheren
0;-0.7701;bedenklicheres
0;-0.7701;bedenklichster
0;-0.7701;bedenklichstes
0;-0.7701;bedenklichste
0;-0.7701;bedenklicherer
0;-0.7701;bedenkliche
0;-0.7701;bedenklichere
0;-0.7701;bedenklichsten
0;-0.7701;bedenklichem
0;-0.7701;bedenklichstem
0;-0.7701;bedenklichen
0;-0.0048;bedeppert
0;-0.0048;bedeppertem
0;-0.0048;bedeppertere
0;-0.0048;bedepperterem
0;-0.0048;bedepperteren
0;-0.0048;bedepperte
0;-0.0048;bedepperteres
0;-0.0048;bedepperten
0;-0.0048;bedepperterer
0;-0.0048;bedeppertesten
0;-0.0048;bedepperteste
0;-0.0048;bedeppertestem
0;-0.0048;bedeppertestes
0;-0.0048;bedeppertester
0;-0.0048;bedepperter
0;-0.0048;bedeppertes
0;-0.6046;bedeutungslos
0;-0.6046;bedeutungsloseste
0;-0.6046;bedeutungslosesten
0;-0.6046;bedeutungslosestem
0;-0.6046;bedeutungsloserem
0;-0.6046;bedeutungslosester
0;-0.6046;bedeutungslosere
0;-0.6046;bedeutungsloseres
0;-0.6046;bedeutungsloseren
0;-0.6046;bedeutungsloserer
0;-0.6046;bedeutungslosestes
0;-0.6046;bedeutungslose
0;-0.6046;bedeutungslosen
0;-0.6046;bedeutungslosem
0;-0.6046;bedeutungsloser
0;-0.6046;bedeutungsloses
0;-0.3408;bedrohen
0;-0.3408;bedrohten
0;-0.3408;bedroht
0;-0.3408;bedrohe
0;-0.3408;bedrohet
0;-0.3408;bedrohtest
0;-0.3408;bedrohest
0;-0.3408;bedrohtet
0;-0.3408;bedrohte
0;-0.3408;bedrohst
0;-0.4726;bedrohlich
0;-0.4726;bedrohlichere
0;-0.4726;bedrohlichste
0;-0.4726;bedrohlicherer
0;-0.4726;bedrohlicheres
0;-0.4726;bedrohlicherem
0;-0.4726;bedrohlicheren
0;-0.4726;bedrohlicher
0;-0.4726;bedrohlichstes
0;-0.4726;bedrohlichster
0;-0.4726;bedrohliches
0;-0.4726;bedrohlichen
0;-0.4726;bedrohlichstem
0;-0.4726;bedrohlichem
0;-0.4726;bedrohlichsten
0;-0.4726;bedrohliche
0;-0.0048;bedraengen
0;-0.0048;bedraengtet
0;-0.0048;bedraenget
0;-0.0048;bedraenge
0;-0.0048;bedraengten
0;-0.0048;bedraengest
0;-0.0048;bedraengtest
0;-0.0048;bedraengte
0;-0.0048;bedraengt
0;-0.0048;bedraengst
0;-0.3123;bedruecken
0;-0.3123;bedrueckten
0;-0.3123;bedrueckst
0;-0.3123;bedrueckte
0;-0.3123;bedruecket
0;-0.3123;bedruecktet
0;-0.3123;bedrueckest
0;-0.3123;bedruecktest
0;-0.3123;bedrueckt
0;-0.3123;bedruecke
0;-0.0494;bedrueckt
0;-0.0494;bedrueckteren
0;-0.0494;bedrueckterem
0;-0.0494;bedrueckte
0;-0.0494;bedruecktester
0;-0.0494;bedruecktestes
0;-0.0494;bedrueckteres
0;-0.0494;bedrueckterer
0;-0.0494;bedrueckteste
0;-0.0494;bedrueckten
0;-0.0494;bedruecktem
0;-0.0494;bedruecktes
0;-0.0494;bedruecktestem
0;-0.0494;bedrueckter
0;-0.0494;bedruecktesten
0;-0.0494;bedruecktere
0;-0.0048;beduerftig
0;-0.0048;beduerftigstes
0;-0.0048;beduerftigen
0;-0.0048;beduerftigeres
0;-0.0048;beduerftige
0;-0.0048;beduerftigerer
0;-0.0048;beduerftigster
0;-0.0048;beduerftigeren
0;-0.0048;beduerftigem
0;-0.0048;beduerftigerem
0;-0.0048;beduerftigere
0;-0.0048;beduerftiges
0;-0.0048;beduerftiger
0;-0.0048;beduerftigsten
0;-0.0048;beduerftigste
0;-0.0048;beduerftigstem
0;-0.4979;beeintraechtigen
0;-0.4979;beeintraechtigten
0;-0.4979;beeintraechtigest
0;-0.4979;beeintraechtige
0;-0.4979;beeintraechtigtest
0;-0.4979;beeintraechtigt
0;-0.4979;beeintraechtigst
0;-0.4979;beeintraechtigte
0;-0.4979;beeintraechtigtet
0;-0.4979;beeintraechtiget
0;-0.0603;beenden
0;-0.0603;beendest
0;-0.0603;beende
0;-0.0603;beendeten
0;-0.0603;beendete
0;-0.0603;beendtet
0;-0.0603;beendetest
0;-0.0603;beendte
0;-0.0603;beendetet
0;-0.0603;beendtest
0;-0.0603;beendet
0;-0.0603;beendten
0;-0.334;befallen
0;-0.334;befalle
0;-0.334;befaellst
0;-0.334;befaellt
0;-0.334;befallt
0;-0.334;befallest
0;-0.334;befallet
0;-0.334;befiel
0;-0.334;befielst
0;-0.334;befielen
0;-0.334;befielt
0;-0.334;befiele
0;-0.334;befielest
0;-0.334;befielet
0;-0.3253;befangen
0;-0.3253;befangeneres
0;-0.3253;befangenerer
0;-0.3253;befangnerem
0;-0.3253;befangneren
0;-0.3253;befangenere
0;-0.3253;befangeneren
0;-0.3253;befangenerem
0;-0.3253;befangenste
0;-0.3253;befangner
0;-0.3253;befangenstes
0;-0.3253;befangenster
0;-0.3253;befangenstem
0;-0.3253;befangnere
0;-0.3253;befangensten
0;-0.3253;befangnerer
0;-0.3253;befangenes
0;-0.3253;befangneres
0;-0.3253;befangener
0;-0.3253;befangene
0;-0.3253;befangenem
0;-0.3253;befangenen
0;-0.0048;befremdlich
0;-0.0048;befremdlichen
0;-0.0048;befremdliches
0;-0.0048;befremdlicher
0;-0.0048;befremdlichstes
0;-0.0048;befremdlichster
0;-0.0048;befremdlichem
0;-0.0048;befremdlichsten
0;-0.0048;befremdlichstem
0;-0.0048;befremdlicheres
0;-0.0048;befremdlicherer
0;-0.0048;befremdlichere
0;-0.0048;befremdlichste
0;-0.0048;befremdliche
0;-0.0048;befremdlicherem
0;-0.0048;befremdlicheren
0;-0.3602;befuerchten
0;-0.3602;befuerchte
0;-0.3602;befuerchtest
0;-0.3602;befuerchtet
0;-0.3602;befuerchtete
0;-0.3602;befuerchtetest
0;-0.3602;befuerchteten
0;-0.3602;befuerchtetet
0;-0.0048;begrenzen
0;-0.0048;begrenzten
0;-0.0048;begrenzte
0;-0.0048;begrenzt
0;-0.0048;begrenztet
0;-0.0048;begrenze
0;-0.0048;begrenzest
0;-0.0048;begrenzet
0;-0.0048;begrenztest
0;-0.0048;begrenzt
0;-0.0048;begrenzterer
0;-0.0048;begrenzte
0;-0.0048;begrenztestem
0;-0.0048;begrenztesten
0;-0.0048;begrenzteres
0;-0.0048;begrenzteren
0;-0.0048;begrenzterem
0;-0.0048;begrenzteste
0;-0.0048;begrenztem
0;-0.0048;begrenzten
0;-0.0048;begrenzter
0;-0.0048;begrenztes
0;-0.0048;begrenztere
0;-0.0048;begrenztestes
0;-0.0048;begrenztester
0;-0.0048;begriffsstutzig
0;-0.0048;begriffsstutzigeres
0;-0.0048;begriffsstutzigere
0;-0.0048;begriffsstutzigerer
0;-0.0048;begriffsstutzigste
0;-0.0048;begriffsstutzigstes
0;-0.0048;begriffsstutzigster
0;-0.0048;begriffsstutzigerem
0;-0.0048;begriffsstutzigsten
0;-0.0048;begriffsstutzigstem
0;-0.0048;begriffsstutzige
0;-0.0048;begriffsstutzigeren
0;-0.0048;begriffsstutzigem
0;-0.0048;begriffsstutzigen
0;-0.0048;begriffsstutziger
0;-0.0048;begriffsstutziges
0;-0.7748;behindern
0;-0.7748;behinderten
0;-0.7748;behindertet
0;-0.7748;behindert
0;-0.7748;behindere
0;-0.7748;behindertest
0;-0.7748;behinderte
0;-0.7748;behinderen
0;-0.7748;behinderst
0;-0.0376;behaemmert
0;-0.0376;behaemmerterer
0;-0.0376;behaemmerteres
0;-0.0376;behaemmerte
0;-0.0376;behaemmertste
0;-0.0376;behaemmerter
0;-0.0376;behaemmertes
0;-0.0376;behaemmertem
0;-0.0376;behaemmerten
0;-0.0376;behaemmertere
0;-0.0376;behaemmerterem
0;-0.0376;behaemmertstes
0;-0.0376;behaemmertster
0;-0.0376;behaemmerteren
0;-0.0376;behaemmertstem
0;-0.0376;behaemmertsten
0;-0.4967;beklagen
0;-0.4967;beklagtet
0;-0.4967;beklagtest
0;-0.4967;beklaget
0;-0.4967;beklagest
0;-0.4967;begeklagt
0;-0.4967;beklagten
0;-0.4967;beklage
0;-0.4967;beklagt
0;-0.4967;beklagst
0;-0.4967;beklagte
0;-0.0048;beklagenswert
0;-0.0048;beklagenswerterer
0;-0.0048;beklagenswerte
0;-0.0048;beklagenswerteres
0;-0.0048;beklagenswerteren
0;-0.0048;beklagenswertestem
0;-0.0048;beklagenswertesten
0;-0.0048;beklagenswertem
0;-0.0048;beklagenswerten
0;-0.0048;beklagenswerterem
0;-0.0048;beklagenswertes
0;-0.0048;beklagenswerter
0;-0.0048;beklagenswerteste
0;-0.0048;beklagenswertere
0;-0.0048;beklagenswertester
0;-0.0048;beklagenswertestes
0;-0.0048;bekloppt
0;-0.0048;bekloppter
0;-0.0048;beklopptes
0;-0.0048;bekloppte
0;-0.0048;beklopptem
0;-0.0048;bekloppten
0;-0.0048;bekloppteres
0;-0.0048;bekloppterer
0;-0.0048;beklopptestes
0;-0.0048;bekloppterem
0;-0.0048;beklopptester
0;-0.0048;beklopptere
0;-0.0048;bekloppteren
0;-0.0048;bekloppteste
0;-0.0048;beklopptesten
0;-0.0048;beklopptestem
0;-0.0358;beknackt
0;-0.0358;beknackterer
0;-0.0358;beknackteres
0;-0.0358;beknacktester
0;-0.0358;beknackteste
0;-0.0358;beknacktestes
0;-0.0358;beknackte
0;-0.0358;beknackteren
0;-0.0358;beknackterem
0;-0.0358;beknacktestem
0;-0.0358;beknacktesten
0;-0.0358;beknackter
0;-0.0358;beknacktes
0;-0.0358;beknacktem
0;-0.0358;beknacktere
0;-0.0358;beknackten
0;-0.4503;bekuemmert
0;-0.4503;bekuemmerterer
0;-0.4503;bekuemmerteres
0;-0.4503;bekuemmerteren
0;-0.4503;bekuemmerterem
0;-0.4503;bekuemmertste
0;-0.4503;bekuemmerter
0;-0.4503;bekuemmertstes
0;-0.4503;bekuemmertes
0;-0.4503;bekuemmertster
0;-0.4503;bekuemmertem
0;-0.4503;bekuemmertstem
0;-0.4503;bekuemmertsten
0;-0.4503;bekuemmerte
0;-0.4503;bekuemmerten
0;-0.4503;bekuemmertere
0;-0.3306;belanglos
0;-0.3306;belanglosesten
0;-0.3306;belanglosem
0;-0.3306;belanglosester
0;-0.3306;belanglosestes
0;-0.3306;belangloses
0;-0.3306;belangloseste
0;-0.3306;belangloser
0;-0.3306;belanglosen
0;-0.3306;belanglosere
0;-0.3306;belangloserer
0;-0.3306;belangloseres
0;-0.3306;belanglose
0;-0.3306;belangloserem
0;-0.3306;belanglosestem
0;-0.3306;belangloseren
0;-0.5078;belasten
0;-0.5078;belaste
0;-0.5078;belastest
0;-0.5078;belastet
0;-0.5078;belastete
0;-0.5078;belastetest
0;-0.5078;belasteten
0;-0.5078;belastetet
0;-0.6076;beleidigen
0;-0.6076;beleidigtet
0;-0.6076;beleidigst
0;-0.6076;beleidiget
0;-0.6076;beleidige
0;-0.6076;beleidigten
0;-0.6076;beleidigte
0;-0.6076;beleidigtest
0;-0.6076;beleidigt
0;-0.6076;beleidigest
0;-0.4636;beleidigend
0;-0.4636;beleidigende
0;-0.4636;beleidigendem
0;-0.4636;beleidigenden
0;-0.4636;beleidigender
0;-0.4636;beleidigendes
0;-0.4636;beleidigendere
0;-0.4636;beleidigenderem
0;-0.4636;beleidigenderen
0;-0.4636;beleidigenderer
0;-0.4636;beleidigenderes
0;-0.4636;beleidigenste
0;-0.4636;beleidigenstem
0;-0.4636;beleidigensten
0;-0.4636;beleidigenster
0;-0.4636;beleidigenstes
0;-0.4848;beleidigt
0;-0.4848;beleidigte
0;-0.4848;beleidigtem
0;-0.4848;beleidigten
0;-0.4848;beleidigter
0;-0.4848;beleidigtes
0;-0.4848;beleidigtere
0;-0.4848;beleidigterem
0;-0.4848;beleidigteren
0;-0.4848;beleidigterer
0;-0.4848;beleidigteres
0;-0.4848;beleidigste
0;-0.4848;beleidigstem
0;-0.4848;beleidigsten
0;-0.4848;beleidigster
0;-0.4848;beleidigstes
0;-0.0048;belaestigen
0;-0.0048;belaestigten
0;-0.0048;belaestigst
0;-0.0048;belaestiget
0;-0.0048;belaestigt
0;-0.0048;belaestige
0;-0.0048;belaestigte
0;-0.0048;belaestigtet
0;-0.0048;belaestigest
0;-0.0048;belaestigtest
0;-0.0048;berauben
0;-0.0048;beraubte
0;-0.0048;beraubst
0;-0.0048;beraubest
0;-0.0048;beraubten
0;-0.0048;beraubtest
0;-0.0048;beraube
0;-0.0048;beraubet
0;-0.0048;beraubt
0;-0.0048;beraubtet
0;-0.0048;nan
0;-0.0048;bescheuert
0;-0.0048;bescheuertestes
0;-0.0048;bescheuertester
0;-0.0048;bescheuertes
0;-0.0048;bescheuerter
0;-0.0048;bescheuerteren
0;-0.0048;bescheuertem
0;-0.0048;bescheuerteres
0;-0.0048;bescheuerten
0;-0.0048;bescheuerterer
0;-0.0048;bescheuertestem
0;-0.0048;bescheuertesten
0;-0.0048;bescheuertere
0;-0.0048;bescheuerteste
0;-0.0048;bescheuerte
0;-0.0048;bescheuerterem
0;-0.2947;beschissen
0;-0.2947;beschissnere
0;-0.2947;beschissenere
0;-0.2947;beschisseneres
0;-0.2947;beschissnerem
0;-0.2947;beschissene
0;-0.2947;beschissenerem
0;-0.2947;beschisseneren
0;-0.2947;beschissenste
0;-0.2947;beschissenerer
0;-0.2947;beschissenen
0;-0.2947;beschissenstes
0;-0.2947;beschissenem
0;-0.2947;beschissenster
0;-0.2947;beschissenstem
0;-0.2947;beschissensten
0;-0.2947;beschissneren
0;-0.2947;beschissner
0;-0.2947;beschissenes
0;-0.2947;beschissener
0;-0.2947;beschissnerer
0;-0.2947;beschissneres
0;-0.3293;beschneiden
0;-0.3293;beschneide
0;-0.3293;beschneidest
0;-0.3293;beschneidet
0;-0.3293;beschnitt
0;-0.3293;beschnittest
0;-0.3293;beschnitten
0;-0.3293;beschnittet
0;-0.0048;beschruppt
0;-0.0048;beschruppte
0;-0.0048;beschrupptem
0;-0.0048;beschruppten
0;-0.0048;beschruppter
0;-0.0048;beschrupptes
0;-0.0048;beschrupptere
0;-0.0048;beschruppterem
0;-0.0048;beschruppteren
0;-0.0048;beschruppterer
0;-0.0048;beschruppteres
0;-0.0048;beschruppteste
0;-0.0048;beschrupptestem
0;-0.0048;beschrupptesten
0;-0.0048;beschrupptester
0;-0.0048;beschrupptestes
0;-0.0048;beschraenken
0;-0.0048;beschraenktet
0;-0.0048;beschraenkten
0;-0.0048;beschraenkte
0;-0.0048;beschraenkest
0;-0.0048;beschraenkst
0;-0.0048;beschraenktest
0;-0.0048;beschraenkt
0;-0.0048;beschraenket
0;-0.0048;beschraenke
0;-0.0048;beschraenkt
0;-0.0048;beschraenkteren
0;-0.0048;beschraenkterem
0;-0.0048;beschraenkteres
0;-0.0048;beschraenkterer
0;-0.0048;beschraenktesten
0;-0.0048;beschraenktestem
0;-0.0048;beschraenkter
0;-0.0048;beschraenktere
0;-0.0048;beschraenktester
0;-0.0048;beschraenktes
0;-0.0048;beschraenkten
0;-0.0048;beschraenktem
0;-0.0048;beschraenktestes
0;-0.0048;beschraenkte
0;-0.0048;beschraenkteste
0;-0.3264;beschuldigen
0;-0.3264;beschuldigten
0;-0.3264;beschuldigest
0;-0.3264;beschuldigt
0;-0.3264;beschuldige
0;-0.3264;beschuldigtet
0;-0.3264;beschuldigte
0;-0.3264;beschuldiget
0;-0.3264;beschuldigtest
0;-0.3264;beschuldigst
0;-0.0413;beschweren
0;-0.0413;beschwerten
0;-0.0413;beschwerst
0;-0.0413;beschwertest
0;-0.0413;beschwertet
0;-0.0413;beschwerte
0;-0.0413;beschwere
0;-0.0413;beschwert
0;-0.0491;beschwerlich
0;-0.0491;beschwerlichstes
0;-0.0491;beschwerliche
0;-0.0491;beschwerlichere
0;-0.0491;beschwerlicher
0;-0.0491;beschwerlicheres
0;-0.0491;beschwerliches
0;-0.0491;beschwerlichem
0;-0.0491;beschwerlicherer
0;-0.0491;beschwerlichen
0;-0.0491;beschwerlicherem
0;-0.0491;beschwerlichste
0;-0.0491;beschwerlicheren
0;-0.0491;beschwerlichstem
0;-0.0491;beschwerlichsten
0;-0.0491;beschwerlichster
0;-0.335;beschaedigen
0;-0.335;beschaedigtest
0;-0.335;beschaedigten
0;-0.335;beschaedige
0;-0.335;beschaedigte
0;-0.335;beschaediget
0;-0.335;beschaedigt
0;-0.335;beschaedigest
0;-0.335;beschaedigtet
0;-0.335;beschaedigst
0;-0.0048;beschaeftigungslos
0;-0.0048;beschaeftigungslose
0;-0.0048;beschaeftigungslosem
0;-0.0048;beschaeftigungslosen
0;-0.0048;beschaeftigungsloser
0;-0.0048;beschaeftigungsloses
0;-0.0048;beschaemen
0;-0.0048;beschaemtest
0;-0.0048;beschaemt
0;-0.0048;beschaeme
0;-0.0048;beschaemtet
0;-0.0048;beschaemest
0;-0.0048;beschaemte
0;-0.0048;beschaemst
0;-0.0048;beschaemet
0;-0.0048;beschaemten
0;-0.0048;beseitigen
0;-0.0048;beseitigtet
0;-0.0048;beseitiget
0;-0.0048;beseitigtest
0;-0.0048;beseitigten
0;-0.0048;beseitigt
0;-0.0048;beseitige
0;-0.0048;beseitigst
0;-0.0048;beseitigest
0;-0.0048;beseitigte
0;-0.3281;besorgniserregend
0;-0.3281;besorgniserregender
0;-0.3281;besorgniserregende
0;-0.3281;besorgniserregendere
0;-0.3281;besorgniserregendes
0;-0.3281;besorgniserregenden
0;-0.3281;besorgniserregendem
0;-0.3281;besorgniserregenderes
0;-0.3281;besorgniserregenderer
0;-0.3281;besorgniserregendste
0;-0.3281;besorgniserregendstem
0;-0.3281;besorgniserregenderem
0;-0.3281;besorgniserregenderen
0;-0.3281;besorgniserregendsten
0;-0.3281;besorgniserregendstes
0;-0.3281;besorgniserregendster
0;-0.0482;besorgt
0;-0.0482;besorgterem
0;-0.0482;besorgtesten
0;-0.0482;besorgteren
0;-0.0482;besorgtestem
0;-0.0482;besorgterer
0;-0.0482;besorgteres
0;-0.0482;besorgte
0;-0.0482;besorgtere
0;-0.0482;besorgtestes
0;-0.0482;besorgtem
0;-0.0482;besorgten
0;-0.0482;besorgtes
0;-0.0482;besorgteste
0;-0.0482;besorgtester
0;-0.0482;besorgter
0;-0.0048;bestechen
0;-0.0048;besteche
0;-0.0048;bestichst
0;-0.0048;besticht
0;-0.0048;bestecht
0;-0.0048;bestechest
0;-0.0048;bestechet
0;-0.0048;bestach
0;-0.0048;bestachst
0;-0.0048;bestachen
0;-0.0048;bestaeche
0;-0.0048;bestaechest
0;-0.0048;bestaechst
0;-0.0048;bestaechen
0;-0.0048;bestaechet
0;-0.0048;bestaecht
0;-0.0048;besteuern
0;-0.0048;besteuertest
0;-0.0048;besteuerten
0;-0.0048;besteuerte
0;-0.0048;besteueren
0;-0.0048;besteuerst
0;-0.0048;begesteuert
0;-0.0048;besteuert
0;-0.0048;besteuertet
0;-0.0048;besteuere
0;-0.4811;bestrafen
0;-0.4811;bestrafet
0;-0.4811;bestrafest
0;-0.4811;bestrafst
0;-0.4811;bestraftet
0;-0.4811;bestrafte
0;-0.4811;bestraft
0;-0.4811;bestrafe
0;-0.4811;bestraften
0;-0.4811;bestraftest
0;-0.0048;bestuerzt
0;-0.0048;bestuerztester
0;-0.0048;bestuerztes
0;-0.0048;bestuerzter
0;-0.0048;bestuerztesten
0;-0.0048;bestuerztestem
0;-0.0048;bestuerztere
0;-0.0048;bestuerzte
0;-0.0048;bestuerzteste
0;-0.0048;bestuerztem
0;-0.0048;bestuerzten
0;-0.0048;bestuerzteren
0;-0.0048;bestuerzterem
0;-0.0048;bestuerztestes
0;-0.0048;bestuerzteres
0;-0.0048;bestuerzterer
0;-0.172;betrunken
0;-0.172;betrunkensten
0;-0.172;betrunkeneres
0;-0.172;betrunkenere
0;-0.172;betrunkenerer
0;-0.172;betrunkenes
0;-0.172;betrunkeneren
0;-0.172;betrunkenstem
0;-0.172;betrunkenste
0;-0.172;betrunkenen
0;-0.172;betrunkenem
0;-0.172;betrunkenster
0;-0.172;betrunkene
0;-0.172;betrunkenstes
0;-0.172;betrunkener
0;-0.172;betrunkenerem
0;-0.743;betruegen
0;-0.743;betruege
0;-0.743;betruegst
0;-0.743;betruegt
0;-0.743;betruegest
0;-0.743;betrueget
0;-0.743;betrog
0;-0.743;betrogst
0;-0.743;betrogen
0;-0.743;betrogt
0;-0.743;betroege
0;-0.743;betroegest
0;-0.743;betroegst
0;-0.743;betroegen
0;-0.743;betroeget
0;-0.743;betroegt
0;-0.3163;betruegerisch
0;-0.3163;betruegerische
0;-0.3163;betruegerischste
0;-0.3163;betruegerischere
0;-0.3163;betruegerischer
0;-0.3163;betruegerischsten
0;-0.3163;betruegerischstem
0;-0.3163;betruegerisches
0;-0.3163;betruegerischstes
0;-0.3163;betruegerischen
0;-0.3163;betruegerischerem
0;-0.3163;betruegerischster
0;-0.3163;betruegerischem
0;-0.3163;betruegerischeres
0;-0.3163;betruegerischeren
0;-0.3163;betruegerischerer
0;-0.0048;betaeuben
0;-0.0048;betaeubten
0;-0.0048;betaeubst
0;-0.0048;betaeubte
0;-0.0048;betaeubtest
0;-0.0048;betaeubt
0;-0.0048;betaeubest
0;-0.0048;betaeube
0;-0.0048;betaeubet
0;-0.0048;betaeubtet
0;-0.3221;beunruhigen
0;-0.3221;beunruhige
0;-0.3221;beunruhigtest
0;-0.3221;beunruhigten
0;-0.3221;beunruhigst
0;-0.3221;beunruhigte
0;-0.3221;beunruhigtet
0;-0.3221;beunruhigest
0;-0.3221;beunruhigt
0;-0.3221;beunruhiget
0;-0.3264;beunruhigend
0;-0.3264;beunruhigende
0;-0.3264;beunruhigendem
0;-0.3264;beunruhigenden
0;-0.3264;beunruhigender
0;-0.3264;beunruhigendes
0;-0.3264;beunruhigendere
0;-0.3264;beunruhigenderem
0;-0.3264;beunruhigenderen
0;-0.3264;beunruhigenderer
0;-0.3264;beunruhigenderes
0;-0.3264;beunruhigste
0;-0.3264;beunruhigstem
0;-0.3264;beunruhigsten
0;-0.3264;beunruhigster
0;-0.3264;beunruhigstes
0;-0.4795;beunruhigt
0;-0.4795;beunruhigte
0;-0.4795;beunruhigtem
0;-0.4795;beunruhigten
0;-0.4795;beunruhigter
0;-0.4795;beunruhigtes
0;-0.4795;beunruhigtere
0;-0.4795;beunruhigterem
0;-0.4795;beunruhigteren
0;-0.4795;beunruhigterer
0;-0.4795;beunruhigteres
0;-0.4795;beunruhigste
0;-0.4795;beunruhigstem
0;-0.4795;beunruhigsten
0;-0.4795;beunruhigster
0;-0.4795;beunruhigstes
0;-0.0048;bevormunden
0;-0.0048;bevormundetest
0;-0.0048;bevormundet
0;-0.0048;bevormundest
0;-0.0048;bevormundeten
0;-0.0048;bevormundete
0;-0.0048;bevormunde
0;-0.0048;bevormundetet
0;-0.0048;bewegungslos
0;-0.0048;bewegungslosestes
0;-0.0048;bewegungsloseste
0;-0.0048;bewegungslosester
0;-0.0048;bewegungslosen
0;-0.0048;bewegungsloserem
0;-0.0048;bewegungslosem
0;-0.0048;bewegungsloseren
0;-0.0048;bewegungsloserer
0;-0.0048;bewegungsloseres
0;-0.0048;bewegungslose
0;-0.0048;bewegungsloses
0;-0.0048;bewegungsloser
0;-0.0048;bewegungslosere
0;-0.0048;bewegungslosesten
0;-0.0048;bewegungslosestem
0;-0.0367;beaengstigend
0;-0.0367;beaengstigende
0;-0.0367;beaengstigendem
0;-0.0367;beaengstigenden
0;-0.0367;beaengstigender
0;-0.0367;beaengstigendes
0;-0.0367;beaengstigendere
0;-0.0367;beaengstigenderem
0;-0.0367;beaengstigenderen
0;-0.0367;beaengstigenderer
0;-0.0367;beaengstigenderes
0;-0.0367;beaengstigendste
0;-0.0367;beaengstigendstem
0;-0.0367;beaengstigendsten
0;-0.0367;beaengstigendster
0;-0.0367;beaengstigendstes
0;-0.2842;billig
0;-0.2842;billigerer
0;-0.2842;billigster
0;-0.2842;billigeres
0;-0.2842;billigeren
0;-0.2842;billigstes
0;-0.2842;billigerem
0;-0.2842;billigere
0;-0.2842;billiges
0;-0.2842;billigste
0;-0.2842;billiger
0;-0.2842;billige
0;-0.2842;billigem
0;-0.2842;billigen
0;-0.2842;billigstem
0;-0.2842;billigsten
0;-0.3394;bitter
0;-0.3394;bittersten
0;-0.3394;bitteres
0;-0.3394;bitterer
0;-0.3394;bittereres
0;-0.3394;bitterstem
0;-0.3394;bittererer
0;-0.3394;bittererem
0;-0.3394;bittereren
0;-0.3394;bittere
0;-0.3394;bitterster
0;-0.3394;bitterste
0;-0.3394;bitterstes
0;-0.3394;bitterem
0;-0.3394;bitteren
0;-0.3394;bittrerer
0;-0.3394;bittrere
0;-0.3394;bittrer
0;-0.3394;bitterere
0;-0.0486;bizarr
0;-0.0486;bizarrstem
0;-0.0486;bizarrster
0;-0.0486;bizarrste
0;-0.0486;bizarrstes
0;-0.0486;bizarre
0;-0.0486;bizarrsten
0;-0.0486;bizarrere
0;-0.0486;bizarreren
0;-0.0486;bizarres
0;-0.0486;bizarrer
0;-0.0486;bizarrerem
0;-0.0486;bizarrem
0;-0.0486;bizarren
0;-0.0486;bizarreres
0;-0.0486;bizarrerer
0;-0.0445;blauaeugig
0;-0.0445;blauaeugigere
0;-0.0445;blauaeugigstem
0;-0.0445;blauaeugiger
0;-0.0445;blauaeugigeren
0;-0.0445;blauaeugigem
0;-0.0445;blauaeugigerem
0;-0.0445;blauaeugigen
0;-0.0445;blauaeugiges
0;-0.0445;blauaeugigster
0;-0.0445;blauaeugigstes
0;-0.0445;blauaeugigsten
0;-0.0445;blauaeugigste
0;-0.0445;blauaeugigerer
0;-0.0445;blauaeugigeres
0;-0.0445;blauaeugige
0;-0.1978;blind
0;-0.1978;blinderes
0;-0.1978;blinde
0;-0.1978;blindes
0;-0.1978;blinder
0;-0.1978;blinden
0;-0.1978;blindestem
0;-0.1978;blindere
0;-0.1978;blindesten
0;-0.1978;blindem
0;-0.1978;blindestes
0;-0.1978;blindester
0;-0.1978;blinderer
0;-0.1978;blinderen
0;-0.1978;blindeste
0;-0.1978;blinderem
0;-0.3459;blockieren
0;-0.3459;blockiere
0;-0.3459;blockierst
0;-0.3459;blockiert
0;-0.3459;blockierest
0;-0.3459;blockieret
0;-0.3459;blockierte
0;-0.3459;blockiertest
0;-0.3459;blockierten
0;-0.3459;blockiertet
0;-0.0491;blutig
0;-0.0491;blutigstem
0;-0.0491;blutigsten
0;-0.0491;blutiges
0;-0.0491;blutiger
0;-0.0491;blutigster
0;-0.0491;blutigere
0;-0.0491;blutigstes
0;-0.0491;blutigen
0;-0.0491;blutigeren
0;-0.0491;blutigerem
0;-0.0491;blutigerer
0;-0.0491;blutige
0;-0.0491;blutigeres
0;-0.0491;blutigem
0;-0.0491;blutigste
0;-0.1593;bloed
0;-0.1593;bloederen
0;-0.1593;bloederem
0;-0.1593;bloede
0;-0.1593;bloedesten
0;-0.1593;bloedestem
0;-0.1593;bloedere
0;-0.1593;bloeden
0;-0.1593;bloedem
0;-0.1593;bloedeste
0;-0.1593;bloedestes
0;-0.1593;bloedester
0;-0.1593;bloeder
0;-0.1593;bloederer
0;-0.1593;bloederes
0;-0.1593;bloedes
0;-0.3145;bloede
0;-0.3145;bloedee
0;-0.3145;bloedees
0;-0.3145;bloedeer
0;-0.3145;bloedeem
0;-0.3145;bloedeen
0;-0.3145;bloedesten
0;-0.3145;bloedeerer
0;-0.3145;bloedestem
0;-0.3145;bloedeeren
0;-0.3145;bloedeere
0;-0.3145;bloedeerem
0;-0.3145;bloedest
0;-0.3145;bloedeste
0;-0.3145;bloedestes
0;-0.3145;bloedester
0;-0.3145;bloedeeres
0;-0.0048;bombardieren
0;-0.0048;bombardieret
0;-0.0048;bombardiere
0;-0.0048;bombardiert
0;-0.0048;bombardiertet
0;-0.0048;bombardiertest
0;-0.0048;bombardierest
0;-0.0048;bombardierst
0;-0.0048;bombardierte
0;-0.0048;bombardierten
0;-0.0048;borniert
0;-0.0048;borniertere
0;-0.0048;bornierten
0;-0.0048;borniertestem
0;-0.0048;bornierter
0;-0.0048;borniertes
0;-0.0048;bornierteres
0;-0.0048;bornierte
0;-0.0048;bornierteste
0;-0.0048;borniertesten
0;-0.0048;bornierterer
0;-0.0048;borniertestes
0;-0.0048;borniertester
0;-0.0048;bornierteren
0;-0.0048;bornierterem
0;-0.0048;borniertem
0;-0.3187;boshaft
0;-0.3187;boshaftester
0;-0.3187;boshaftestes
0;-0.3187;boshafteres
0;-0.3187;boshaftestem
0;-0.3187;boshaftesten
0;-0.3187;boshafteren
0;-0.3187;boshafterem
0;-0.3187;boshafterer
0;-0.3187;boshafteste
0;-0.3187;boshafte
0;-0.3187;boshafter
0;-0.3187;boshaftes
0;-0.3187;boshaften
0;-0.3187;boshaftem
0;-0.3187;boshaftere
0;-0.7991;brechen
0;-0.7991;breche
0;-0.7991;brichst
0;-0.7991;bricht
0;-0.7991;brecht
0;-0.7991;brechest
0;-0.7991;brechet
0;-0.7991;brach
0;-0.7991;brachst
0;-0.7991;brachen
0;-0.7991;bracht
0;-0.7991;braeche
0;-0.7991;braechest
0;-0.7991;braechst
0;-0.7991;braechen
0;-0.7991;braechet
0;-0.7991;braecht
0;-0.0048;brennen
0;-0.0048;brenne
0;-0.0048;brennst
0;-0.0048;brennt
0;-0.0048;brennest
0;-0.0048;brennet
0;-0.0048;brannte
0;-0.0048;branntest
0;-0.0048;brannten
0;-0.0048;branntet
0;-0.0048;gebrannt
0;-0.0048;brisant
0;-0.0048;brisantester
0;-0.0048;brisantestes
0;-0.0048;brisanterem
0;-0.0048;brisanteren
0;-0.0048;brisantesten
0;-0.0048;brisanterer
0;-0.0048;brisantestem
0;-0.0048;brisanteres
0;-0.0048;brisantere
0;-0.0048;brisanter
0;-0.0048;brisante
0;-0.0048;brisantes
0;-0.0048;brisanteste
0;-0.0048;brisantem
0;-0.0048;brisanten
0;-0.0048;brutal
0;-0.0048;brutaleren
0;-0.0048;brutalste
0;-0.0048;brutaleres
0;-0.0048;brutalerer
0;-0.0048;brutalere
0;-0.0048;brutalen
0;-0.0048;brutalem
0;-0.0048;brutalstes
0;-0.0048;brutalster
0;-0.0048;brutaler
0;-0.0048;brutalsten
0;-0.0048;brutales
0;-0.0048;brutale
0;-0.0048;brutalerem
0;-0.0048;brutalstem
0;-0.3331;bruechig
0;-0.3331;bruechigstes
0;-0.3331;bruechigster
0;-0.3331;bruechige
0;-0.3331;bruechigem
0;-0.3331;bruechigstem
0;-0.3331;bruechigsten
0;-0.3331;bruechigen
0;-0.3331;bruechiges
0;-0.3331;bruechiger
0;-0.3331;bruechigerem
0;-0.3331;bruechigste
0;-0.3331;bruechigeren
0;-0.3331;bruechigeres
0;-0.3331;bruechigerer
0;-0.3331;bruechigere
0;-0.4715;boesartig
0;-0.4715;boesartigere
0;-0.4715;boesartigerer
0;-0.4715;boesartigeres
0;-0.4715;boesartigstem
0;-0.4715;boesartigsten
0;-0.4715;boesartigeren
0;-0.4715;boesartiger
0;-0.4715;boesartigerem
0;-0.4715;boesartigen
0;-0.4715;boesartigem
0;-0.4715;boesartige
0;-0.4715;boesartigste
0;-0.4715;boesartiges
0;-0.4715;boesartigstes
0;-0.4715;boesartigster
0;-0.4183;boese
0;-0.4183;boeseres
0;-0.4183;boeseste
0;-0.4183;boeserer
0;-0.4183;boesem
0;-0.4183;boesen
0;-0.4183;boesere
0;-0.4183;boesestem
0;-0.4183;boese
0;-0.4183;boesesten
0;-0.4183;boesestes
0;-0.4183;boesester
0;-0.4183;boeser
0;-0.4183;boeseren
0;-0.4183;boeserem
0;-0.4183;boeses
0;-0.0426;chaotisch
0;-0.0426;chaotischere
0;-0.0426;chaotische
0;-0.0426;chaotisches
0;-0.0426;chaotischer
0;-0.0426;chaotischen
0;-0.0426;chaotischem
0;-0.0426;chaotischste
0;-0.0426;chaotischerem
0;-0.0426;chaotischstem
0;-0.0426;chaotischsten
0;-0.0426;chaotischeren
0;-0.0426;chaotischster
0;-0.0426;chaotischstes
0;-0.0426;chaotischeres
0;-0.0426;chaotischerer
0;-0.0048;charakterschwach
0;-0.0048;charakterschwache
0;-0.0048;charakterschwachem
0;-0.0048;charakterschwachen
0;-0.0048;charakterschwacher
0;-0.0048;charakterschwaches
0;-0.0048;charakterschwaechere
0;-0.0048;charakterschwaecherem
0;-0.0048;charakterschwaecheren
0;-0.0048;charakterschwaecherer
0;-0.0048;charakterschwaecheres
0;-0.0048;charakterschwaechste
0;-0.0048;charakterschwaechstem
0;-0.0048;charakterschwaechsten
0;-0.0048;charakterschwaechster
0;-0.0048;charakterschwaechstes
0;-0.0048;dahinschwinden
0;-0.0048;dahinschwinde
0;-0.0048;dahinschwindest
0;-0.0048;dahinschwindet
0;-0.0048;dahinschwand
0;-0.0048;dahinschwandest
0;-0.0048;dahinschwandst
0;-0.0048;dahinschwanden
0;-0.0048;dahinschwandet
0;-0.0048;dahinzuschwinden
0;-0.0048;dahingeschwunden
0;-0.306;debil
0;-0.306;debilstem
0;-0.306;debilsten
0;-0.306;debiles
0;-0.306;debiler
0;-0.306;debileren
0;-0.306;debilste
0;-0.306;debilem
0;-0.306;debilerem
0;-0.306;debilen
0;-0.306;debileres
0;-0.306;debilerer
0;-0.306;debilster
0;-0.306;debilstes
0;-0.306;debilere
0;-0.306;debile
0;-0.346;defekt
0;-0.346;defektere
0;-0.346;defekterer
0;-0.346;defekteres
0;-0.346;defekteste
0;-0.346;defektem
0;-0.346;defekte
0;-0.346;defekten
0;-0.346;defekterem
0;-0.346;defektesten
0;-0.346;defekteren
0;-0.346;defekter
0;-0.346;defektestem
0;-0.346;defektes
0;-0.346;defektestes
0;-0.346;defektester
0;-0.4535;defizitaer
0;-0.4535;defizitaerem
0;-0.4535;defizitaereres
0;-0.4535;defizitaererer
0;-0.4535;defizitaerster
0;-0.4535;defizitaeres
0;-0.4535;defizitaerer
0;-0.4535;defizitaererem
0;-0.4535;defizitaerstes
0;-0.4535;defizitaereren
0;-0.4535;defizitaersten
0;-0.4535;defizitaeren
0;-0.4535;defizitaerstem
0;-0.4535;defizitaerere
0;-0.4535;defizitaere
0;-0.4535;defizitaerste
0;-0.0048;deformieren
0;-0.0048;deformiertet
0;-0.0048;deformierest
0;-0.0048;deformierte
0;-0.0048;deformierst
0;-0.0048;deformieret
0;-0.0048;deformier
0;-0.0048;deformiert
0;-0.0048;deformierten
0;-0.0048;deformiere
0;-0.0048;degradieren
0;-0.0048;degradiertest
0;-0.0048;degradierten
0;-0.0048;degradierte
0;-0.0048;degradierst
0;-0.0048;degradiertet
0;-0.0048;degradiere
0;-0.0048;degradiert
0;-0.0048;degradieret
0;-0.0048;degradierest
0;-0.0048;deinstallieren
0;-0.0048;deinstalliere
0;-0.0048;deinstallierst
0;-0.0048;deinstalliert
0;-0.0048;deinstallierest
0;-0.0048;deinstallieret
0;-0.0048;deinstallierte
0;-0.0048;deinstallierten
0;-0.0048;deinstalliertest
0;-0.0048;deinstalliertet
0;-0.0048;deinstalliert
0;-0.0048;deinstallierterem
0;-0.0048;deinstalliertste
0;-0.0048;deinstallierteren
0;-0.0048;deinstalliertem
0;-0.0048;deinstalliertere
0;-0.0048;deinstallierte
0;-0.0048;deinstallierten
0;-0.0048;deinstallierter
0;-0.0048;deinstalliertes
0;-0.0048;deinstalliertestes
0;-0.0048;deinstalliertester
0;-0.0048;deinstallierterer
0;-0.0048;deinstallierteres
0;-0.0048;deinstalliertesten
0;-0.0048;deinstalliertestem
0;-0.1769;dekadent
0;-0.1769;dekadenter
0;-0.1769;dekadentes
0;-0.1769;dekadentere
0;-0.1769;dekadenten
0;-0.1769;dekadentem
0;-0.1769;dekadenterer
0;-0.1769;dekadenteres
0;-0.1769;dekadenterem
0;-0.1769;dekadentesten
0;-0.1769;dekadentestem
0;-0.1769;dekadentestes
0;-0.1769;dekadente
0;-0.1769;dekadentester
0;-0.1769;dekadenteren
0;-0.1769;dekadenteste
0;-0.0048;demuetigen
0;-0.0048;demuetigest
0;-0.0048;demuetiget
0;-0.0048;demuetigst
0;-0.0048;demuetigte
0;-0.0048;gedemuetigt
0;-0.0048;demuetigten
0;-0.0048;demuetigtet
0;-0.0048;demuetigt
0;-0.0048;demuetige
0;-0.0048;demuetigtest
0;-0.0048;denkfaul
0;-0.0048;denkfaulerem
0;-0.0048;denkfaulster
0;-0.0048;denkfaulstes
0;-0.0048;denkfauleren
0;-0.0048;denkfaulstem
0;-0.0048;denkfaulsten
0;-0.0048;denkfaulere
0;-0.0048;denkfaulste
0;-0.0048;denkfaulem
0;-0.0048;denkfaulen
0;-0.0048;denkfaule
0;-0.0048;denkfaules
0;-0.0048;denkfauleres
0;-0.0048;denkfauler
0;-0.0048;denkfaulerer
0;-0.4715;depressiv
0;-0.4715;depressivster
0;-0.4715;depressivstes
0;-0.4715;depressivere
0;-0.4715;depressivstem
0;-0.4715;depressivsten
0;-0.4715;depressivem
0;-0.4715;depressive
0;-0.4715;depressiven
0;-0.4715;depressiver
0;-0.4715;depressives
0;-0.4715;depressiverem
0;-0.4715;depressiveren
0;-0.4715;depressiveres
0;-0.4715;depressiverer
0;-0.4715;depressivste
0;-0.0048;desinteressiert
0;-0.0048;desinteressiertes
0;-0.0048;desinteressiertstes
0;-0.0048;desinteressierter
0;-0.0048;desinteressierten
0;-0.0048;desinteressiertem
0;-0.0048;desinteressiertere
0;-0.0048;desinteressiertesten
0;-0.0048;desinteressiertestem
0;-0.0048;desinteressierteren
0;-0.0048;desinteressierterem
0;-0.0048;desinteressiertester
0;-0.0048;desinteressierterer
0;-0.0048;desinteressierteres
0;-0.0048;desinteressierte
0;-0.0048;desinteressierteste
0;-0.0048;desolat
0;-0.0048;desolatesten
0;-0.0048;desolatestem
0;-0.0048;desolate
0;-0.0048;desolates
0;-0.0048;desolatere
0;-0.0048;desolatem
0;-0.0048;desolaten
0;-0.0048;desolateren
0;-0.0048;desolateres
0;-0.0048;desolater
0;-0.0048;desolaterer
0;-0.0048;desolateste
0;-0.0048;desolatestes
0;-0.0048;desolaterem
0;-0.0048;desolatester
0;-0.1936;destruktiv
0;-0.1936;destruktive
0;-0.1936;destruktivere
0;-0.1936;destruktiven
0;-0.1936;destruktivsten
0;-0.1936;destruktivem
0;-0.1936;destruktivstem
0;-0.1936;destruktiverer
0;-0.1936;destruktivste
0;-0.1936;destruktivstes
0;-0.1936;destruktivster
0;-0.1936;destruktiveres
0;-0.1936;destruktiveren
0;-0.1936;destruktives
0;-0.1936;destruktiver
0;-0.1936;destruktiverem
0;-0.0048;dezimieren
0;-0.0048;dezimierte
0;-0.0048;dezimiertet
0;-0.0048;dezimiert
0;-0.0048;dezimierst
0;-0.0048;dezimiere
0;-0.0048;dezimierest
0;-0.0048;dezimieret
0;-0.0048;dezimiertest
0;-0.0048;dezimierten
0;-0.0048;diffamieren
0;-0.0048;diffamiere
0;-0.0048;diffamierst
0;-0.0048;diffamiert
0;-0.0048;diffamierest
0;-0.0048;diffamieret
0;-0.0048;diffamierte
0;-0.0048;diffamiertest
0;-0.0048;diffamierten
0;-0.0048;diffamiertet
0;-0.0048;diffizil
0;-0.0048;diffizilstes
0;-0.0048;diffizilste
0;-0.0048;diffizilster
0;-0.0048;diffizilerer
0;-0.0048;diffizilstem
0;-0.0048;diffizilsten
0;-0.0048;diffizileres
0;-0.0048;diffizilem
0;-0.0048;diffizilere
0;-0.0048;diffizilen
0;-0.0048;diffizileren
0;-0.0048;diffizilerem
0;-0.0048;diffiziles
0;-0.0048;diffiziler
0;-0.0048;diffizile
0;-0.331;diffus
0;-0.331;diffuse
0;-0.331;diffusestes
0;-0.331;diffusester
0;-0.331;diffusen
0;-0.331;diffusem
0;-0.331;diffusestem
0;-0.331;diffuserem
0;-0.331;diffuseren
0;-0.331;diffuseste
0;-0.331;diffuseres
0;-0.331;diffusere
0;-0.331;diffusesten
0;-0.331;diffuser
0;-0.331;diffuserer
0;-0.331;diffuses
0;-0.0048;diktatorisch
0;-0.0048;diktatorischster
0;-0.0048;diktatorischstes
0;-0.0048;diktatorischste
0;-0.0048;diktatorischere
0;-0.0048;diktatorischer
0;-0.0048;diktatorisches
0;-0.0048;diktatorischeren
0;-0.0048;diktatorischerem
0;-0.0048;diktatorische
0;-0.0048;diktatorischen
0;-0.0048;diktatorischerer
0;-0.0048;diktatorischem
0;-0.0048;diktatorischeres
0;-0.0048;diktatorischsten
0;-0.0048;diktatorischstem
0;-0.0048;dilettantisch
0;-0.0048;dilettantischeren
0;-0.0048;dilettantisches
0;-0.0048;dilettantischer
0;-0.0048;dilettantischere
0;-0.0048;dilettantischerem
0;-0.0048;dilettantischste
0;-0.0048;dilettantischen
0;-0.0048;dilettantischem
0;-0.0048;dilettantischster
0;-0.0048;dilettantischstes
0;-0.0048;dilettantische
0;-0.0048;dilettantischsten
0;-0.0048;dilettantischstem
0;-0.0048;dilettantischeres
0;-0.0048;dilettantischerer
0;-0.323;diskreditieren
0;-0.323;diskreditiertet
0;-0.323;diskreditiertest
0;-0.323;diskreditieret
0;-0.323;diskreditiere
0;-0.323;diskreditiert
0;-0.323;diskreditierst
0;-0.323;diskreditierte
0;-0.323;diskreditierten
0;-0.323;diskreditierest
0;-0.0048;distanziert
0;-0.0048;distanziertere
0;-0.0048;distanzierter
0;-0.0048;distanziertes
0;-0.0048;distanziertestes
0;-0.0048;distanzierte
0;-0.0048;distanziertester
0;-0.0048;distanziertestem
0;-0.0048;distanziertesten
0;-0.0048;distanzierterer
0;-0.0048;distanzierteres
0;-0.0048;distanzierteren
0;-0.0048;distanzierten
0;-0.0048;distanzierterem
0;-0.0048;distanziertem
0;-0.0048;distanzierteste
0;-0.0048;disziplinlos
0;-0.0048;disziplinloseste
0;-0.0048;disziplinlosester
0;-0.0048;disziplinlosestes
0;-0.0048;disziplinlose
0;-0.0048;disziplinloser
0;-0.0048;disziplinlosen
0;-0.0048;disziplinlosem
0;-0.0048;disziplinloserem
0;-0.0048;disziplinloses
0;-0.0048;disziplinlosere
0;-0.0048;disziplinloseren
0;-0.0048;disziplinloseres
0;-0.0048;disziplinloserer
0;-0.0048;disziplinlosesten
0;-0.0048;disziplinlosestem
0;-0.0048;dominieren
0;-0.0048;dominieret
0;-0.0048;dominierest
0;-0.0048;dominiertest
0;-0.0048;dominiertet
0;-0.0048;dominierte
0;-0.0048;dominiere
0;-0.0048;dominierten
0;-0.0048;dominiert
0;-0.0048;dominierst
0;-0.1562;doof
0;-0.1562;dooferes
0;-0.1562;doofer
0;-0.1562;dooferer
0;-0.1562;doofster
0;-0.1562;doofstes
0;-0.1562;doofem
0;-0.1562;doofen
0;-0.1562;dooferen
0;-0.1562;dooferem
0;-0.1562;doofste
0;-0.1562;doofsten
0;-0.1562;doofe
0;-0.1562;doofere
0;-0.1562;doofes
0;-0.1562;doofstem
0;-0.3656;dramatisch
0;-0.3656;dramatischere
0;-0.3656;dramatischste
0;-0.3656;dramatischstem
0;-0.3656;dramatischsten
0;-0.3656;dramatischster
0;-0.3656;dramatischstes
0;-0.3656;dramatischerer
0;-0.3656;dramatische
0;-0.3656;dramatischeres
0;-0.3656;dramatischeren
0;-0.3656;dramatischer
0;-0.3656;dramatisches
0;-0.3656;dramatischerem
0;-0.3656;dramatischem
0;-0.3656;dramatischen
0;-0.351;drastisch
0;-0.351;drastischer
0;-0.351;drastisches
0;-0.351;drastische
0;-0.351;drastischsten
0;-0.351;drastischeres
0;-0.351;drastischstem
0;-0.351;drastischerer
0;-0.351;drastischere
0;-0.351;drastischeren
0;-0.351;drastischerem
0;-0.351;drastischste
0;-0.351;drastischster
0;-0.351;drastischstes
0;-0.351;drastischem
0;-0.351;drastischen
0;-0.016;dreckig
0;-0.016;dreckigste
0;-0.016;dreckigster
0;-0.016;dreckiges
0;-0.016;dreckiger
0;-0.016;dreckigeres
0;-0.016;dreckigstes
0;-0.016;dreckigen
0;-0.016;dreckigerer
0;-0.016;dreckigem
0;-0.016;dreckigere
0;-0.016;dreckigsten
0;-0.016;dreckigerem
0;-0.016;dreckige
0;-0.016;dreckigeren
0;-0.016;dreckigstem
0;-0.4457;dreist
0;-0.4457;dreistem
0;-0.4457;dreisten
0;-0.4457;dreiste
0;-0.4457;dreisterem
0;-0.4457;dreisteren
0;-0.4457;dreisteres
0;-0.4457;dreistes
0;-0.4457;dreister
0;-0.4457;dreisterer
0;-0.4457;dreisteste
0;-0.4457;dreistestem
0;-0.4457;dreistestes
0;-0.4457;dreistester
0;-0.4457;dreistesten
0;-0.4457;dreistere
0;-0.0048;driften
0;-0.0048;driftest
0;-0.0048;driftet
0;-0.0048;drift
0;-0.0048;gedriftet
0;-0.0048;driftetest
0;-0.0048;driftete
0;-0.0048;driftetet
0;-0.0048;drifteten
0;-0.0048;drifte
0;-0.3503;drohen
0;-0.3503;droht
0;-0.3503;drohest
0;-0.3503;drohe
0;-0.3503;drohst
0;-0.3503;drohte
0;-0.3503;gedroht
0;-0.3503;drohtet
0;-0.3503;drohtest
0;-0.3503;drohet
0;-0.3503;drohten
0;-0.0048;drosseln
0;-0.0048;drossele
0;-0.0048;drossle
0;-0.0048;drossle
0;-0.0048;drosselt
0;-0.0048;drosslest
0;-0.0048;drosslest
0;-0.0048;drosslet
0;-0.0048;drosslet
0;-0.0048;drosselte
0;-0.0048;drosseltest
0;-0.0048;drosselten
0;-0.0048;drosseltet
0;-0.0048;draengelnd
0;-0.0048;draengelnde
0;-0.0048;draengelndem
0;-0.0048;draengelnden
0;-0.0048;draengelnder
0;-0.0048;draengelndes
0;-0.3516;draengen
0;-0.3516;draengten
0;-0.3516;draenget
0;-0.3516;draengte
0;-0.3516;draengest
0;-0.3516;draenge
0;-0.3516;draengt
0;-0.3516;gedraengt
0;-0.3516;draengtet
0;-0.3516;draengst
0;-0.3516;draengtest
0;-0.5901;dumm
0;-0.5901;dumme
0;-0.5901;duemmerer
0;-0.5901;duemmeres
0;-0.5901;duemmere
0;-0.5901;duemmstes
0;-0.5901;duemmster
0;-0.5901;duemmsten
0;-0.5901;duemmeren
0;-0.5901;duemmstem
0;-0.5901;duemmerem
0;-0.5901;duemmste
0;-0.5901;dummen
0;-0.5901;dummem
0;-0.5901;dummes
0;-0.5901;dummer
0;-0.5901;duemmer
0;-0.0214;dunkel
0;-0.0214;dunkle
0;-0.0214;dunkelstem
0;-0.0214;dunkelsten
0;-0.0214;dunklere
0;-0.0214;dunkelste
0;-0.0214;dunklerem
0;-0.0214;dunkles
0;-0.0214;dunkler
0;-0.0214;dunkleren
0;-0.0214;dunklem
0;-0.0214;dunkelster
0;-0.0214;dunklen
0;-0.0214;dunkleres
0;-0.0214;dunklerer
0;-0.0214;dunkelstes
0;-0.1801;durchfallen
0;-0.1801;durchfalle
0;-0.1801;durchfaellst
0;-0.1801;durchfaellt
0;-0.1801;durchfallt
0;-0.1801;durchfallest
0;-0.1801;durchfallet
0;-0.1801;durchfiel
0;-0.1801;durchfielst
0;-0.1801;durchfielen
0;-0.1801;durchfielt
0;-0.1801;durchfielest
0;-0.1801;durchfielet
0;-0.0409;dusselig
0;-0.0409;dusseliges
0;-0.0409;dusseligsten
0;-0.0409;dusseligstes
0;-0.0409;dusseligster
0;-0.0409;dusseligstem
0;-0.0409;dusseliger
0;-0.0409;dusseligeres
0;-0.0409;dusseligerer
0;-0.0409;dusseligerem
0;-0.0409;dusselige
0;-0.0409;dusseligeren
0;-0.0409;dusseligen
0;-0.0409;dusseligem
0;-0.0409;dusseligste
0;-0.0409;dusseligere
0;-0.048;daemlich
0;-0.048;daemlichste
0;-0.048;daemlichere
0;-0.048;daemlichen
0;-0.048;daemliche
0;-0.048;daemlicheren
0;-0.048;daemliches
0;-0.048;daemlicher
0;-0.048;daemlicherem
0;-0.048;daemlichster
0;-0.048;daemlicheres
0;-0.048;daemlicherer
0;-0.048;daemlichstes
0;-0.048;daemlichsten
0;-0.048;daemlichem
0;-0.048;daemlichstem
0;-0.0411;daempfen
0;-0.0411;daempftest
0;-0.0411;daempfte
0;-0.0411;daempfst
0;-0.0411;daempften
0;-0.0411;gedaempft
0;-0.0411;daempft
0;-0.0411;daempfest
0;-0.0411;daempfet
0;-0.0411;daempfe
0;-0.0411;daempftet
0;-0.0048;duerr
0;-0.0048;duerres
0;-0.0048;duerrer
0;-0.0048;duerrem
0;-0.0048;duerre
0;-0.0048;duerren
0;-0.0048;duerrste
0;-0.0048;duerrerer
0;-0.0048;duerreres
0;-0.0048;duerrerem
0;-0.0048;duerrere
0;-0.0048;duerreren
0;-0.0048;duerrsten
0;-0.0048;duerrstem
0;-0.0048;duerrstes
0;-0.0048;duerrster
0;-0.0187;duester
0;-0.0187;duesterste
0;-0.0187;duestererem
0;-0.0187;duestereres
0;-0.0187;duestereren
0;-0.0187;duestererer
0;-0.0187;duestersten
0;-0.0187;duesteren
0;-0.0187;duesterem
0;-0.0187;duesterster
0;-0.0187;duesterstes
0;-0.0187;duesterer
0;-0.0187;duesterere
0;-0.0187;duesterstem
0;-0.0187;duesteres
0;-0.0187;duestere
0;-0.3254;egoistisch
0;-0.3254;egoistischstem
0;-0.3254;egoistischsten
0;-0.3254;egoistischere
0;-0.3254;egoistischster
0;-0.3254;egoistischstes
0;-0.3254;egoistischerem
0;-0.3254;egoistischen
0;-0.3254;egoistischeren
0;-0.3254;egoistische
0;-0.3254;egoistischem
0;-0.3254;egoistischerer
0;-0.3254;egoistischeres
0;-0.3254;egoistischste
0;-0.3254;egoistisches
0;-0.3254;egoistischer
0;-0.3128;ehebrechen
0;-0.3128;ehezubrechen
0;-0.0048;eigenartig
0;-0.0048;eigenartigsten
0;-0.0048;eigenartigstem
0;-0.0048;eigenartigen
0;-0.0048;eigenartigeres
0;-0.0048;eigenartigem
0;-0.0048;eigenartige
0;-0.0048;eigenartigere
0;-0.0048;eigenartigerem
0;-0.0048;eigenartigeren
0;-0.0048;eigenartigste
0;-0.0048;eigenartigerer
0;-0.0048;eigenartigster
0;-0.0048;eigenartiges
0;-0.0048;eigenartiger
0;-0.0048;eigenartigstes
0;-0.0048;einbehalten
0;-0.0048;einbehalte
0;-0.0048;einbehaeltst
0;-0.0048;einbehaelt
0;-0.0048;einbehaltet
0;-0.0048;einbehaltest
0;-0.0048;einbehielt
0;-0.0048;einbehieltest
0;-0.0048;einbehieltst
0;-0.0048;einbehielten
0;-0.0048;einbehieltet
0;-0.0048;einbehielte
0;-0.0048;einbrechen
0;-0.0048;einbreche
0;-0.0048;einbrichst
0;-0.0048;einbricht
0;-0.0048;einbrecht
0;-0.0048;einbrechest
0;-0.0048;einbrechet
0;-0.0048;einbrach
0;-0.0048;einbrachst
0;-0.0048;einbrachen
0;-0.0048;einbracht
0;-0.0048;einbraeche
0;-0.0048;einbraechest
0;-0.0048;einbraechst
0;-0.0048;einbraechen
0;-0.0048;einbraechet
0;-0.0048;einbraecht
0;-0.1858;einfaeltig
0;-0.1858;einfaeltigster
0;-0.1858;einfaeltigstes
0;-0.1858;einfaeltigsten
0;-0.1858;einfaeltige
0;-0.1858;einfaeltigstem
0;-0.1858;einfaeltigerer
0;-0.1858;einfaeltigeres
0;-0.1858;einfaeltigen
0;-0.1858;einfaeltigem
0;-0.1858;einfaeltigere
0;-0.1858;einfaeltigste
0;-0.1858;einfaeltiger
0;-0.1858;einfaeltigerem
0;-0.1858;einfaeltigeren
0;-0.1858;einfaeltiges
0;-0.0048;eingehen
0;-0.0048;eingehe
0;-0.0048;eingehst
0;-0.0048;eingeht
0;-0.0048;eingehest
0;-0.0048;eingehet
0;-0.0048;einging
0;-0.0048;eingingst
0;-0.0048;eingingen
0;-0.0048;eingingt
0;-0.0048;eingingest
0;-0.0048;einginget
0;-0.0048;einzugehen
0;-0.0048;eingegangen
0;-0.0048;eingeschraenkt
0;-0.0048;eingeschraenkteste
0;-0.0048;eingeschraenkteres
0;-0.0048;eingeschraenktem
0;-0.0048;eingeschraenkten
0;-0.0048;eingeschraenkte
0;-0.0048;eingeschraenktere
0;-0.0048;eingeschraenkter
0;-0.0048;eingeschraenktes
0;-0.0048;eingeschraenkterer
0;-0.0048;eingeschraenktestem
0;-0.0048;eingeschraenktesten
0;-0.0048;eingeschraenkterem
0;-0.0048;eingeschraenkteren
0;-0.0048;eingeschraenktester
0;-0.0048;eingeschraenktestes
0;-0.1634;einsam
0;-0.1634;einsames
0;-0.1634;einsamer
0;-0.1634;einsameres
0;-0.1634;einsame
0;-0.1634;einsamstem
0;-0.1634;einsamsten
0;-0.1634;einsamster
0;-0.1634;einsamerem
0;-0.1634;einsameren
0;-0.1634;einsamstes
0;-0.1634;einsamerer
0;-0.1634;einsamere
0;-0.1634;einsamen
0;-0.1634;einsamste
0;-0.1634;einsamem
0;-0.0048;einschlagen
0;-0.0048;einschlage
0;-0.0048;einschlaegst
0;-0.0048;einschlaegt
0;-0.0048;einschlagt
0;-0.0048;einschlagest
0;-0.0048;einschlaget
0;-0.0048;einschlug
0;-0.0048;einschlugst
0;-0.0048;einschlugen
0;-0.0048;einschlugt
0;-0.0048;einschluege
0;-0.0048;einschluegest
0;-0.0048;einschluegst
0;-0.0048;einschluegen
0;-0.0048;einschlueget
0;-0.0048;einschluegt
0;-0.0048;einzuschlagen
0;-0.0048;eingeschlagen
0;-0.0048;einschrumpfen
0;-0.0048;einschrumpftest
0;-0.0048;einschrumpfe
0;-0.0048;einschrumpften
0;-0.0048;einschrumpfte
0;-0.0048;einschrumpfst
0;-0.0048;einschrumpfest
0;-0.0048;einschrumpftet
0;-0.0048;eingeschrumpft
0;-0.0048;einschrumpft
0;-0.0048;einschrumpfet
0;-0.3327;einschraenken
0;-0.3327;einschraenkte
0;-0.3327;einschraenkest
0;-0.3327;einschraenke
0;-0.3327;einschraenket
0;-0.3327;eingeschraenkt
0;-0.3327;einschraenkst
0;-0.3327;einschraenktet
0;-0.3327;einschraenktest
0;-0.3327;einschraenkten
0;-0.3327;einschraenkt
0;-0.0048;einschuechtern
0;-0.0048;einschuechterte
0;-0.0048;einschuechtere
0;-0.0048;einschuechterst
0;-0.0048;einschuechterten
0;-0.0048;einschuechteren
0;-0.0048;einschuechtertest
0;-0.0048;einschuechtert
0;-0.0048;einschuechtertet
0;-0.0048;eingeschuechtert
0;-0.0048;einschuechternd
0;-0.0048;einschuechternde
0;-0.0048;einschuechterndem
0;-0.0048;einschuechternden
0;-0.0048;einschuechternder
0;-0.0048;einschuechterndes
0;-0.0048;einschuechterndere
0;-0.0048;einschuechternderem
0;-0.0048;einschuechternderen
0;-0.0048;einschuechternderer
0;-0.0048;einschuechternderes
0;-0.0048;einschuechterndste
0;-0.0048;einschuechterndstem
0;-0.0048;einschuechterndsten
0;-0.0048;einschuechterndster
0;-0.0048;einschuechterndstes
0;-0.0366;einsinken
0;-0.0366;einsinke
0;-0.0366;einsinkst
0;-0.0366;einsinkt
0;-0.0366;einsinkest
0;-0.0366;einsinket
0;-0.0366;einsank
0;-0.0366;einsankst
0;-0.0366;einsanken
0;-0.0366;einsankt
0;-0.0366;einsaenke
0;-0.0366;einsaenkest
0;-0.0366;einsaenkst
0;-0.0366;einsaenken
0;-0.0366;einsaenket
0;-0.0366;einsaenkt
0;-0.0048;einstellen
0;-0.0048;einstellte
0;-0.0048;einstellt
0;-0.0048;einstelle
0;-0.0048;einstelltet
0;-0.0048;einstelltest
0;-0.0048;einstellten
0;-0.0048;eigenstellt
0;-0.0048;einstellest
0;-0.0048;einstellet
0;-0.0048;einstellst
0;-0.0048;einstuerzen
0;-0.0048;einstuerzest
0;-0.0048;einstuerztest
0;-0.0048;einstuerztet
0;-0.0048;einstuerzt
0;-0.0048;eingestuerzt
0;-0.0048;einstuerzten
0;-0.0048;einstuerzet
0;-0.0048;einstuerzte
0;-0.0048;einstuerze
0;-0.0378;eintoenig
0;-0.0378;eintoenigeres
0;-0.0378;eintoenigerer
0;-0.0378;eintoenige
0;-0.0378;eintoenigerem
0;-0.0378;eintoenigeren
0;-0.0378;eintoenigster
0;-0.0378;eintoenigstes
0;-0.0378;eintoeniges
0;-0.0378;eintoeniger
0;-0.0378;eintoenigsten
0;-0.0378;eintoenigen
0;-0.0378;eintoenigste
0;-0.0378;eintoenigem
0;-0.0378;eintoenigstem
0;-0.0378;eintoenigere
0;-0.0413;ekelerregend
0;-0.0413;ekelerregendem
0;-0.0413;ekelerregenden
0;-0.0413;ekelerregender
0;-0.0413;ekelerregenderem
0;-0.0413;ekelerregenderen
0;-0.0413;ekelerregendes
0;-0.0413;ekelerregendstes
0;-0.0413;ekelerregenderer
0;-0.0413;ekelerregendere
0;-0.0413;ekelerregenderes
0;-0.0413;ekelerregendste
0;-0.0413;ekelerregendstem
0;-0.0413;ekelerregendsten
0;-0.0413;ekelerregendster
0;-0.0413;ekelerregende
0;-0.0048;ekelig
0;-0.0048;ekeliger
0;-0.0048;ekeligeres
0;-0.0048;ekeliges
0;-0.0048;ekeligstem
0;-0.0048;ekeligsten
0;-0.0048;ekeligerer
0;-0.0048;ekeligste
0;-0.0048;ekeligerem
0;-0.0048;ekeligeren
0;-0.0048;ekeligem
0;-0.0048;ekeligstes
0;-0.0048;ekeligen
0;-0.0048;ekeligster
0;-0.0048;ekelige
0;-0.0048;ekeligere
0;-0.0048;eklatant
0;-0.0048;eklatanterem
0;-0.0048;eklatanteste
0;-0.0048;eklatante
0;-0.0048;eklatantere
0;-0.0048;eklatantem
0;-0.0048;eklatanten
0;-0.0048;eklatanteren
0;-0.0048;eklatanteres
0;-0.0048;eklatanter
0;-0.0048;eklatanterer
0;-0.0048;eklatantes
0;-0.0048;eklatantesten
0;-0.0048;eklatantestem
0;-0.0048;eklatantestes
0;-0.0048;eklatantester
0;-0.0519;elend
0;-0.0519;elenden
0;-0.0519;elende
0;-0.0519;elendem
0;-0.0519;elendere
0;-0.0519;elendestem
0;-0.0519;elendesten
0;-0.0519;elendeste
0;-0.0519;elendester
0;-0.0519;elendes
0;-0.0519;elender
0;-0.0519;elenderes
0;-0.0519;elendestes
0;-0.0519;elenderer
0;-0.0519;elenderem
0;-0.0519;elenderen
0;-0.0048;elendig
0;-0.0048;elendigerem
0;-0.0048;elendigeren
0;-0.0048;elendiger
0;-0.0048;elendigste
0;-0.0048;elendigstem
0;-0.0048;elendigsten
0;-0.0048;elendigem
0;-0.0048;elendigerer
0;-0.0048;elendigen
0;-0.0048;elendigeres
0;-0.0048;elendigere
0;-0.0048;elendige
0;-0.0048;elendiges
0;-0.0048;elendigstes
0;-0.0048;elendigster
0;-0.0048;empoeren
0;-0.0048;empoerten
0;-0.0048;empoerest
0;-0.0048;empoerst
0;-0.0048;empoertet
0;-0.0048;empoerte
0;-0.0048;empoere
0;-0.0048;empoert
0;-0.0048;empoertest
0;-0.0048;empoeret
0;-0.3037;energielos
0;-0.3037;energieloserem
0;-0.3037;energieloseren
0;-0.3037;energieloserer
0;-0.3037;energieloseste
0;-0.3037;energielosestes
0;-0.3037;energieloseres
0;-0.3037;energieloses
0;-0.3037;energielosester
0;-0.3037;energieloser
0;-0.3037;energielosere
0;-0.3037;energielose
0;-0.3037;energielosesten
0;-0.3037;energielosen
0;-0.3037;energielosem
0;-0.3037;energielosestem
0;-0.3199;engstirnig
0;-0.3199;engstirnigste
0;-0.3199;engstirnigstem
0;-0.3199;engstirnigsten
0;-0.3199;engstirniges
0;-0.3199;engstirniger
0;-0.3199;engstirnigeren
0;-0.3199;engstirnigerem
0;-0.3199;engstirnigeres
0;-0.3199;engstirnige
0;-0.3199;engstirnigerer
0;-0.3199;engstirnigem
0;-0.3199;engstirnigen
0;-0.3199;engstirnigster
0;-0.3199;engstirnigere
0;-0.3199;engstirnigstes
0;-0.0048;entbehrungsreich
0;-0.0048;entbehrungsreiche
0;-0.0048;entbehrungsreichem
0;-0.0048;entbehrungsreichen
0;-0.0048;entbehrungsreicher
0;-0.0048;entbehrungsreiches
0;-0.0048;entbehrungsreichere
0;-0.0048;entbehrungsreicherem
0;-0.0048;entbehrungsreicheren
0;-0.0048;entbehrungsreicherer
0;-0.0048;entbehrungsreicheres
0;-0.0048;entbehrungsreichste
0;-0.0048;entbehrungsreichstem
0;-0.0048;entbehrungsreichsten
0;-0.0048;entbehrungsreichster
0;-0.0048;entbehrungsreichstes
0;-0.0048;entbinden
0;-0.0048;entbinde
0;-0.0048;entbindest
0;-0.0048;entbindet
0;-0.0048;entband
0;-0.0048;entbandest
0;-0.0048;entbandst
0;-0.0048;entbanden
0;-0.0048;entbandet
0;-0.0048;entbaende
0;-0.0048;entbaendest
0;-0.0048;entbaenden
0;-0.0048;entbaendet
0;-0.0048;entbunden
0;-0.0048;entfremden
0;-0.0048;entfremdest
0;-0.0048;entfremdete
0;-0.0048;entfremdetet
0;-0.0048;entfremdeten
0;-0.0048;entfremdet
0;-0.0048;entfremdetest
0;-0.0048;entfremde
0;-0.0048;entfuehren
0;-0.0048;entfuehrte
0;-0.0048;entfuehrst
0;-0.0048;entfuehre
0;-0.0048;entfuehrtet
0;-0.0048;entfuehrtest
0;-0.0048;entfuehret
0;-0.0048;entfuehrten
0;-0.0048;entfuehrt
0;-0.0048;entfuehrest
0;-0.0048;entgleiten
0;-0.0048;entgleite
0;-0.0048;entgleitest
0;-0.0048;entgleitet
0;-0.0048;entglitt
0;-0.0048;entglittest
0;-0.0048;entglitten
0;-0.0048;entglittet
0;-0.0048;entglitte
0;-0.0048;enthaupten
0;-0.0048;enthaupte
0;-0.0048;enthauptetest
0;-0.0048;enthaupteten
0;-0.0048;enthauptetet
0;-0.0048;enthauptete
0;-0.0048;enthauptest
0;-0.0048;enthauptet
0;-0.0048;entkraeften
0;-0.0048;entkraefte
0;-0.0048;entkraeftest
0;-0.0048;entkraeftet
0;-0.0048;entkraeftete
0;-0.0048;entkraeftetest
0;-0.0048;entkraefteten
0;-0.0048;entkraeftetet
0;-0.0048;entlassen
0;-0.0048;entlasse
0;-0.0048;entlaesst
0;-0.0048;entlaesst
0;-0.0048;entlasst
0;-0.0048;entlasst
0;-0.0048;entlassest
0;-0.0048;entlasset
0;-0.0048;entliess
0;-0.0048;entliessest
0;-0.0048;entliesst
0;-0.0048;entliessen
0;-0.0048;entliesse
0;-0.0048;entliesset
0;-0.0048;entmutigen
0;-0.0048;entmutiget
0;-0.0048;entmutigtet
0;-0.0048;entmutigtest
0;-0.0048;entmutigest
0;-0.0048;entmutige
0;-0.0048;entmutigt
0;-0.0048;entmutigten
0;-0.0048;entmutigte
0;-0.0048;entmutigst
0;-0.0048;entnervt
0;-0.0048;entnervte
0;-0.0048;entnervterer
0;-0.0048;entnervteres
0;-0.0048;entnervterem
0;-0.0048;entnervteren
0;-0.0048;entnervtere
0;-0.0048;entnervtem
0;-0.0048;entnervten
0;-0.0048;entnervtestem
0;-0.0048;entnervtesten
0;-0.0048;entnervter
0;-0.0048;entnervtestes
0;-0.0048;entnervtes
0;-0.0048;entnervteste
0;-0.0048;entnervtester
0;-0.0048;entruesten
0;-0.0048;entrueste
0;-0.0048;entruestest
0;-0.0048;entruestet
0;-0.0048;entruestete
0;-0.0048;entruestetest
0;-0.0048;entruesteten
0;-0.0048;entruestetet
0;-0.1827;entschwinden
0;-0.1827;entschwinde
0;-0.1827;entschwindest
0;-0.1827;entschwindet
0;-0.1827;entschwand
0;-0.1827;entschwandest
0;-0.1827;entschwandst
0;-0.1827;entschwanden
0;-0.1827;entschwandet
0;-0.1827;entschwaende
0;-0.1827;entschwaendest
0;-0.1827;entschwaendet
0;-0.477;entsetzlich
0;-0.477;entsetzlichen
0;-0.477;entsetzlichere
0;-0.477;entsetzlichem
0;-0.477;entsetzlichsten
0;-0.477;entsetzlichstem
0;-0.477;entsetzlicherer
0;-0.477;entsetzlicheren
0;-0.477;entsetzlicherem
0;-0.477;entsetzlichste
0;-0.477;entsetzlichster
0;-0.477;entsetzlicheres
0;-0.477;entsetzliche
0;-0.477;entsetzliches
0;-0.477;entsetzlicher
0;-0.477;entsetzlichstes
0;-0.0586;enttaeuschen
0;-0.0586;enttaeusche
0;-0.0586;enttaeuscht
0;-0.0586;enttaeuschst
0;-0.0586;enttaeuschten
0;-0.0586;enttaeuschest
0;-0.0586;enttaeuschtet
0;-0.0586;enttaeuschtest
0;-0.0586;enttaeuschte
0;-0.0586;enttaeuschet
0;-0.0425;enttaeuschend
0;-0.0425;enttaeuschende
0;-0.0425;enttaeuschendem
0;-0.0425;enttaeuschenden
0;-0.0425;enttaeuschender
0;-0.0425;enttaeuschendes
0;-0.0425;enttaeuschendere
0;-0.0425;enttaeuschenderem
0;-0.0425;enttaeuschenderen
0;-0.0425;enttaeuschenderer
0;-0.0425;enttaeuschenderes
0;-0.0425;enttaeuschendste
0;-0.0425;enttaeuschendstem
0;-0.0425;enttaeuschendsten
0;-0.0425;enttaeuschendster
0;-0.0425;enttaeuschendstes
0;-0.3129;enttaeuscht
0;-0.3129;enttaeuschtem
0;-0.3129;enttaeuschten
0;-0.3129;enttaeuschteren
0;-0.3129;enttaeuschte
0;-0.3129;enttaeuschterem
0;-0.3129;enttaeuschteste
0;-0.3129;enttaeuschtester
0;-0.3129;enttaeuschtestes
0;-0.3129;enttaeuschteres
0;-0.3129;enttaeuschtestem
0;-0.3129;enttaeuschtesten
0;-0.3129;enttaeuschterer
0;-0.3129;enttaeuschtere
0;-0.3129;enttaeuschtes
0;-0.3129;enttaeuschter
0;-0.3132;entwuerdigend
0;-0.3132;entwuerdigende
0;-0.3132;entwuerdigendem
0;-0.3132;entwuerdigenden
0;-0.3132;entwuerdigender
0;-0.3132;entwuerdigendes
0;-0.3132;entwuerdigendere
0;-0.3132;entwuerdigenderem
0;-0.3132;entwuerdigenderen
0;-0.3132;entwuerdigenderer
0;-0.3132;entwuerdigenderes
0;-0.3132;enttaeuschendste
0;-0.3132;enttaeuschendstem
0;-0.3132;enttaeuschendsten
0;-0.3132;enttaeuschendster
0;-0.3132;enttaeuschendstes
0;-0.0048;entziehen
0;-0.0048;entziehe
0;-0.0048;entziehst
0;-0.0048;entzieht
0;-0.0048;entziehest
0;-0.0048;entziehet
0;-0.0048;entzog
0;-0.0048;entzogst
0;-0.0048;entzogen
0;-0.0048;entzogt
0;-0.0048;entzoege
0;-0.0048;entzoegest
0;-0.0048;entzoegst
0;-0.0048;entzoegen
0;-0.0048;entzoeget
0;-0.0048;entzoegt
0;-0.0048;erbittert
0;-0.0048;erbittertem
0;-0.0048;erbitterten
0;-0.0048;erbitterte
0;-0.0048;erbittertste
0;-0.0048;erbittertere
0;-0.0048;erbitterter
0;-0.0048;erbittertstes
0;-0.0048;erbittertes
0;-0.0048;erbittertster
0;-0.0048;erbittertsten
0;-0.0048;erbitterteren
0;-0.0048;erbitterterem
0;-0.0048;erbittertstem
0;-0.0048;erbitterteres
0;-0.0048;erbitterterer
0;-0.3293;erbost
0;-0.3293;erbostestes
0;-0.3293;erbostester
0;-0.3293;erbostere
0;-0.3293;erbostesten
0;-0.3293;erbostestem
0;-0.3293;erbosten
0;-0.3293;erbosteste
0;-0.3293;erbostem
0;-0.3293;erboste
0;-0.3293;erbosteren
0;-0.3293;erbosterem
0;-0.3293;erboster
0;-0.3293;erbosterer
0;-0.3293;erbostes
0;-0.3293;erbosteres
0;-0.3308;erbrechen
0;-0.3308;erbreche
0;-0.3308;erbrichst
0;-0.3308;erbricht
0;-0.3308;erbrecht
0;-0.3308;erbrechest
0;-0.3308;erbrechet
0;-0.3308;erbrach
0;-0.3308;erbrachst
0;-0.3308;erbrachen
0;-0.3308;erbracht
0;-0.3308;erbraeche
0;-0.3308;erbraechest
0;-0.3308;erbraechst
0;-0.3308;erbraechen
0;-0.3308;erbraechet
0;-0.3308;erbraecht
0;-0.4796;erbaermlich
0;-0.4796;erbaermlichstem
0;-0.4796;erbaermlichsten
0;-0.4796;erbaermlicherer
0;-0.4796;erbaermliche
0;-0.4796;erbaermlicheres
0;-0.4796;erbaermlichere
0;-0.4796;erbaermlicheren
0;-0.4796;erbaermlichstes
0;-0.4796;erbaermlichster
0;-0.4796;erbaermlicherem
0;-0.4796;erbaermlichste
0;-0.4796;erbaermlichen
0;-0.4796;erbaermlichem
0;-0.4796;erbaermliches
0;-0.4796;erbaermlicher
0;-0.0048;erdrueckend
0;-0.0048;erdrueckendstes
0;-0.0048;erdrueckendster
0;-0.0048;erdrueckenderem
0;-0.0048;erdrueckenderen
0;-0.0048;erdrueckenderer
0;-0.0048;erdrueckenderes
0;-0.0048;erdrueckendes
0;-0.0048;erdrueckendsten
0;-0.0048;erdrueckender
0;-0.0048;erdrueckendere
0;-0.0048;erdrueckendste
0;-0.0048;erdrueckenden
0;-0.0048;erdrueckendstem
0;-0.0048;erdrueckendem
0;-0.0048;erdrueckende
0;-0.0048;ergaunern
0;-0.0048;ergaunere
0;-0.0048;ergaunertest
0;-0.0048;ergaunerten
0;-0.0048;ergaunert
0;-0.0048;ergaunertet
0;-0.0048;ergauneren
0;-0.0048;ergaunerst
0;-0.0048;ergaunerte
0;-0.0048;ergebnislos
0;-0.0048;ergebnisloseres
0;-0.0048;ergebnisloserer
0;-0.0048;ergebnislosere
0;-0.0048;ergebnislose
0;-0.0048;ergebnislosestem
0;-0.0048;ergebnisloseste
0;-0.0048;ergebnisloserem
0;-0.0048;ergebnisloseren
0;-0.0048;ergebnislosester
0;-0.0048;ergebnisloses
0;-0.0048;ergebnislosestes
0;-0.0048;ergebnisloser
0;-0.0048;ergebnislosesten
0;-0.0048;ergebnislosen
0;-0.0048;ergebnislosem
0;-0.3494;erleiden
0;-0.3494;erleide
0;-0.3494;erleidest
0;-0.3494;erleidet
0;-0.3494;erlitt
0;-0.3494;erlittest
0;-0.3494;erlitten
0;-0.3494;erlittet
0;-0.3494;erlitte
0;-0.3296;erliegen
0;-0.3296;erliege
0;-0.3296;erliegst
0;-0.3296;erliegt
0;-0.3296;erliegest
0;-0.3296;erlieget
0;-0.3296;erlag
0;-0.3296;erlagst
0;-0.3296;erlagen
0;-0.3296;erlagt
0;-0.3296;erlaege
0;-0.3296;erlaegest
0;-0.3296;erlaegst
0;-0.3296;erlaegen
0;-0.3296;erlaeget
0;-0.3296;erlaegt
0;-0.0048;ermahnen
0;-0.0048;ermahnten
0;-0.0048;ermahnte
0;-0.0048;ermahnst
0;-0.0048;ermahnt
0;-0.0048;ermahntet
0;-0.0048;ermahnest
0;-0.0048;ermahne
0;-0.0048;ermahntest
0;-0.0048;ermahnet
0;-0.3292;ermorden
0;-0.3292;ermordtest
0;-0.3292;ermorde
0;-0.3292;ermordte
0;-0.3292;ermordet
0;-0.3292;ermordetet
0;-0.3292;ermordetest
0;-0.3292;ermordtet
0;-0.3292;ermordeten
0;-0.3292;ermordest
0;-0.3292;ermordete
0;-0.3292;ermordten
0;-0.0048;ermueden
0;-0.0048;ermuedte
0;-0.0048;ermuedtet
0;-0.0048;ermuedtest
0;-0.0048;ermuedetest
0;-0.0048;ermuedeten
0;-0.0048;ermuedetet
0;-0.0048;ermuedet
0;-0.0048;ermuedest
0;-0.0048;ermuede
0;-0.0048;ermuedete
0;-0.0048;ermuedten
0;-0.0048;erniedrigen
0;-0.0048;erniedrigt
0;-0.0048;erniedrigst
0;-0.0048;erniedrigte
0;-0.0048;erniedrige
0;-0.0048;erniedrigtet
0;-0.0048;erniedrigtest
0;-0.0048;erniedriget
0;-0.0048;erniedrigten
0;-0.0048;erniedrigest
0;-0.0048;ernuechternd
0;-0.0048;ernuechternde
0;-0.0048;ernuechterndem
0;-0.0048;ernuechternden
0;-0.0048;ernuechternder
0;-0.0048;ernuechterndes
0;-0.0048;ernuechterndere
0;-0.0048;ernuechternderem
0;-0.0048;ernuechternderen
0;-0.0048;ernuechternderer
0;-0.0048;ernuechternderes
0;-0.0048;ernuechterndste
0;-0.0048;ernuechterndstem
0;-0.0048;ernuechterndsten
0;-0.0048;ernuechterndster
0;-0.0048;ernuechterndstes
0;-0.0048;erpressen
0;-0.0048;erpresset
0;-0.0048;erpresstest
0;-0.0048;erpresse
0;-0.0048;erpresst
0;-0.0048;erpresstet
0;-0.0048;erpresste
0;-0.0048;erpressest
0;-0.0048;erpressten
0;-0.3317;erschiessen
0;-0.3317;erschiesse
0;-0.3317;erschiesst
0;-0.3317;erschiessest
0;-0.3317;erschiesset
0;-0.3317;erschoss
0;-0.3317;erschoss
0;-0.3317;erschossest
0;-0.3317;erschosst
0;-0.3317;erschosst
0;-0.3317;erschossen
0;-0.3317;erschoesse
0;-0.3317;erschoessest
0;-0.3317;erschoessen
0;-0.3317;erschoesset
0;-0.0048;erschlaffen
0;-0.0048;erschlaffe
0;-0.0048;erschlafft
0;-0.0048;erschlafftest
0;-0.0048;erschlafftet
0;-0.0048;erschlaffet
0;-0.0048;erschlaffst
0;-0.0048;erschlafften
0;-0.0048;erschlaffte
0;-0.0048;erschlaffest
0;-0.3442;erschlagen
0;-0.3442;erschlage
0;-0.3442;erschlaegst
0;-0.3442;erschlaegt
0;-0.3442;erschlagt
0;-0.3442;erschlagest
0;-0.3442;erschlaget
0;-0.3442;erschlug
0;-0.3442;erschlugst
0;-0.3442;erschlugen
0;-0.3442;erschlugt
0;-0.3442;erschluege
0;-0.3442;erschluegest
0;-0.3442;erschluegst
0;-0.3442;erschluegen
0;-0.3442;erschlueget
0;-0.3442;erschluegt
0;-0.1812;erschrecken
0;-0.1812;erschrecket
0;-0.1812;erschrecktet
0;-0.1812;erschrecke
0;-0.1812;erschrecktest
0;-0.1812;erschreckten
0;-0.1812;erschreckte
0;-0.1812;erschreckst
0;-0.1812;erschreckest
0;-0.1812;erschreckt
0;-0.0544;erschreckend
0;-0.0544;erschreckende
0;-0.0544;erschreckendem
0;-0.0544;erschreckenden
0;-0.0544;erschreckender
0;-0.0544;erschreckendes
0;-0.0544;erschreckendere
0;-0.0544;erschreckenderem
0;-0.0544;erschreckenderen
0;-0.0544;erschreckenderer
0;-0.0544;erschreckenderes
0;-0.0544;erschreckendste
0;-0.0544;erschreckendstem
0;-0.0544;erschreckendsten
0;-0.0544;erschreckendster
0;-0.0544;erschreckendstes
0;-0.4891;erschweren
0;-0.4891;erschwere
0;-0.4891;erschwertet
0;-0.4891;erschwertest
0;-0.4891;erschwert
0;-0.4891;erschwerte
0;-0.4891;erschwern
0;-0.4891;erschwerst
0;-0.4891;erschwerten
0;-0.0048;erschoepfen
0;-0.0048;erschoepften
0;-0.0048;erschoepfet
0;-0.0048;erschoepftest
0;-0.0048;erschoepftet
0;-0.0048;erschoepfte
0;-0.0048;erschoepfe
0;-0.0048;erschoepfst
0;-0.0048;erschoepfest
0;-0.0048;erschoepft
0;-0.0377;erschoepft
0;-0.0377;erschoepftestem
0;-0.0377;erschoepften
0;-0.0377;erschoepftem
0;-0.0377;erschoepfteste
0;-0.0377;erschoepftesten
0;-0.0377;erschoepfte
0;-0.0377;erschoepftere
0;-0.0377;erschoepfteres
0;-0.0377;erschoepfter
0;-0.0377;erschoepfterer
0;-0.0377;erschoepftes
0;-0.0377;erschoepftester
0;-0.0377;erschoepftestes
0;-0.0377;erschoepfterem
0;-0.0377;erschoepfteren
0;-0.0048;erschuettern
0;-0.0048;erschuetterst
0;-0.0048;erschuetterte
0;-0.0048;erschuettertet
0;-0.0048;erschuettertest
0;-0.0048;erschuetteren
0;-0.0048;erschuetterten
0;-0.0048;erschuettere
0;-0.0048;erschuettert
0;-0.0472;erschuetternd
0;-0.0472;erschuetternde
0;-0.0472;erschuetterndem
0;-0.0472;erschuetternden
0;-0.0472;erschuetternder
0;-0.0472;erschuetterndes
0;-0.0472;erschuetterndere
0;-0.0472;erschuetternderem
0;-0.0472;erschuetternderen
0;-0.0472;erschuetternderer
0;-0.0472;erschuetternderes
0;-0.0472;erschuetterndste
0;-0.0472;erschuetterndstem
0;-0.0472;erschuetterndsten
0;-0.0472;erschuetterndster
0;-0.0472;erschuetterndstes
0;-0.0048;erschuettert
0;-0.0048;erschuetterte
0;-0.0048;erschuettertem
0;-0.0048;erschuetterten
0;-0.0048;erschuetterter
0;-0.0048;erschuettertest
0;-0.3078;erstechen
0;-0.3078;ersteche
0;-0.3078;erstichst
0;-0.3078;ersticht
0;-0.3078;erstecht
0;-0.3078;erstechest
0;-0.3078;erstechet
0;-0.3078;erstach
0;-0.3078;erstachst
0;-0.3078;erstachen
0;-0.3078;erstacht
0;-0.3078;erstaeche
0;-0.3078;erstaechest
0;-0.3078;erstaechst
0;-0.3078;erstaechen
0;-0.3078;erstaechet
0;-0.3078;erstaecht
0;-0.3078;erstochen
0;-0.3291;ersticken
0;-0.3291;ersticktet
0;-0.3291;ersticket
0;-0.3291;erstickst
0;-0.3291;ersticktest
0;-0.3291;erstickte
0;-0.3291;erstickten
0;-0.3291;ersticke
0;-0.3291;erstickest
0;-0.3291;erstickt
0;-0.0048;ertrinken
0;-0.0048;ertrinke
0;-0.0048;ertrinkst
0;-0.0048;ertrinkt
0;-0.0048;ertrinkest
0;-0.0048;ertrinket
0;-0.0048;ertrank
0;-0.0048;ertrankst
0;-0.0048;ertranken
0;-0.0048;ertrankt
0;-0.0048;ertraenke
0;-0.0048;ertraenkest
0;-0.0048;ertraenkst
0;-0.0048;ertraenken
0;-0.0048;ertraenket
0;-0.0048;ertraenkt
0;-0.0048;ertrunken
0;-0.0048;erwuergen
0;-0.0048;erwuergten
0;-0.0048;erwuergte
0;-0.0048;erwuergst
0;-0.0048;erwuergtet
0;-0.0048;erwuergtest
0;-0.0048;erwuergt
0;-0.0048;erwuerget
0;-0.0048;erwuerge
0;-0.0048;erwuergest
0;-0.3221;erzuernt
0;-0.3221;erzuerntestem
0;-0.3221;erzuernter
0;-0.3221;erzuerntesten
0;-0.3221;erzuerntere
0;-0.3221;erzuerntes
0;-0.3221;erzuerntem
0;-0.3221;erzuernten
0;-0.3221;erzuernteste
0;-0.3221;erzuernterem
0;-0.3221;erzuernteren
0;-0.3221;erzuerntestes
0;-0.3221;erzuerntester
0;-0.3221;erzuernterer
0;-0.3221;erzuernteres
0;-0.3221;erzuernte
0;-0.0048;existenzbedrohend
0;-0.0048;existenzbedrohendere
0;-0.0048;existenzbedrohenderen
0;-0.0048;existenzbedrohenderem
0;-0.0048;existenzbedrohendem
0;-0.0048;existenzbedrohende
0;-0.0048;existenzbedrohendste
0;-0.0048;existenzbedrohendstem
0;-0.0048;existenzbedrohendsten
0;-0.0048;existenzbedrohendstes
0;-0.0048;existenzbedrohendster
0;-0.0048;existenzbedrohenderes
0;-0.0048;existenzbedrohenden
0;-0.0048;existenzbedrohenderer
0;-0.0048;existenzbedrohendes
0;-0.0048;existenzbedrohender
0;-0.0048;explodieren
0;-0.0048;explodierest
0;-0.0048;explodieret
0;-0.0048;explodiertest
0;-0.0048;explodierten
0;-0.0048;explodierst
0;-0.0048;explodiere
0;-0.0048;explodiert
0;-0.0048;explodiertet
0;-0.0048;explodierte
0;-0.0048;fad
0;-0.0048;fade
0;-0.0048;fadstem
0;-0.0048;fadsten
0;-0.0048;fadster
0;-0.0048;fadere
0;-0.0048;fadstes
0;-0.0048;faderer
0;-0.0048;faderes
0;-0.0048;fadem
0;-0.0048;faden
0;-0.0048;faderem
0;-0.0048;fadste
0;-0.0048;faderen
0;-0.0048;fader
0;-0.0048;fades
0;-0.0048;fadenscheinig
0;-0.0048;fadenscheiniger
0;-0.0048;fadenscheinigem
0;-0.0048;fadenscheinigen
0;-0.0048;fadenscheinigster
0;-0.0048;fadenscheinigstes
0;-0.0048;fadenscheinigere
0;-0.0048;fadenscheinigerem
0;-0.0048;fadenscheinigstem
0;-0.0048;fadenscheinige
0;-0.0048;fadenscheinigste
0;-0.0048;fadenscheinigsten
0;-0.0048;fadenscheinigerer
0;-0.0048;fadenscheinigeres
0;-0.0048;fadenscheiniges
0;-0.0048;fadenscheinigeren
0;-0.3487;fahrlaessig
0;-0.3487;fahrlaessiges
0;-0.3487;fahrlaessiger
0;-0.3487;fahrlaessige
0;-0.3487;fahrlaessigem
0;-0.3487;fahrlaessigerer
0;-0.3487;fahrlaessigeres
0;-0.3487;fahrlaessigeren
0;-0.3487;fahrlaessigerem
0;-0.3487;fahrlaessigen
0;-0.3487;fahrlaessigste
0;-0.3487;fahrlaessigstes
0;-0.3487;fahrlaessigster
0;-0.3487;fahrlaessigere
0;-0.3487;fahrlaessigsten
0;-0.3487;fahrlaessigstem
0;-0.2153;fallen
0;-0.2153;falle
0;-0.2153;faellst
0;-0.2153;faellt
0;-0.2153;fallt
0;-0.2153;fallest
0;-0.2153;fallet
0;-0.2153;fiel
0;-0.2153;fielst
0;-0.2153;fielen
0;-0.2153;fielt
0;-0.2153;fiele
0;-0.2153;fielest
0;-0.2153;fielet
0;-0.2153;gefallen
0;-0.7618;falsch
0;-0.7618;falschen
0;-0.7618;falscher
0;-0.7618;falschere
0;-0.7618;falsches
0;-0.7618;falsche
0;-0.7618;falscheres
0;-0.7618;falschste
0;-0.7618;falschsten
0;-0.7618;falscherer
0;-0.7618;falschstem
0;-0.7618;falschstes
0;-0.7618;falschster
0;-0.7618;falscheren
0;-0.7618;falscherem
0;-0.7618;falschem
0;-0.0048;farblos
0;-0.0048;farblose
0;-0.0048;farblosen
0;-0.0048;farbloserer
0;-0.0048;farblosem
0;-0.0048;farbloseren
0;-0.0048;farbloseste
0;-0.0048;farbloserem
0;-0.0048;farblosere
0;-0.0048;farblosestes
0;-0.0048;farblosester
0;-0.0048;farbloseres
0;-0.0048;farbloses
0;-0.0048;farblosesten
0;-0.0048;farbloser
0;-0.0048;farblosestem
0;-0.4477;faschistisch
0;-0.4477;faschistischere
0;-0.4477;faschistischsten
0;-0.4477;faschistischstem
0;-0.4477;faschistischster
0;-0.4477;faschistischstes
0;-0.4477;faschistischste
0;-0.4477;faschistische
0;-0.4477;faschistisches
0;-0.4477;faschistischer
0;-0.4477;faschistischem
0;-0.4477;faschistischerer
0;-0.4477;faschistischen
0;-0.4477;faschistischeres
0;-0.4477;faschistischerem
0;-0.4477;faschistischeren
0;-0.345;fatal
0;-0.345;fatalster
0;-0.345;fataleren
0;-0.345;fatalstes
0;-0.345;fatalerem
0;-0.345;fatalerer
0;-0.345;fatales
0;-0.345;fataleres
0;-0.345;fatalere
0;-0.345;fataler
0;-0.345;fatale
0;-0.345;fatalste
0;-0.345;fatalen
0;-0.345;fatalem
0;-0.345;fatalsten
0;-0.345;fatalstem
0;-0.035;faul
0;-0.035;faulerer
0;-0.035;fauleres
0;-0.035;fauleren
0;-0.035;faulste
0;-0.035;faulstem
0;-0.035;faulerem
0;-0.035;faulsten
0;-0.035;faules
0;-0.035;faulster
0;-0.035;faulen
0;-0.035;faulstes
0;-0.035;faulem
0;-0.035;fauler
0;-0.035;faule
0;-0.035;faulere
0;-0.5365;fehlen
0;-0.5365;fehltet
0;-0.5365;fehlest
0;-0.5365;gefehlt
0;-0.5365;fehlt
0;-0.5365;fehlst
0;-0.5365;fehlte
0;-0.5365;fehle
0;-0.5365;fehltest
0;-0.5365;fehlten
0;-0.5365;fehlet
0;-0.0048;fehleranfaellig
0;-0.0048;fehleranfaellige
0;-0.0048;fehleranfaelligem
0;-0.0048;fehleranfaelligen
0;-0.0048;fehleranfaelliger
0;-0.0048;fehleranfaelliges
0;-0.0048;fehleranfaelligere
0;-0.0048;fehleranfaelligerem
0;-0.0048;fehleranfaelligeren
0;-0.0048;fehleranfaelligerer
0;-0.0048;fehleranfaelligeres
0;-0.0048;fehleranfaelligste
0;-0.0048;fehleranfaelligstem
0;-0.0048;fehleranfaelligsten
0;-0.0048;fehleranfaelligster
0;-0.0048;fehleranfaelligstes
0;-0.3581;fehlerhaft
0;-0.3581;fehlerhaftere
0;-0.3581;fehlerhafterem
0;-0.3581;fehlerhaftem
0;-0.3581;fehlerhafteren
0;-0.3581;fehlerhafteres
0;-0.3581;fehlerhafterer
0;-0.3581;fehlerhaften
0;-0.3581;fehlerhaftestem
0;-0.3581;fehlerhafte
0;-0.3581;fehlerhaftes
0;-0.3581;fehlerhafteste
0;-0.3581;fehlerhafter
0;-0.3581;fehlerhaftesten
0;-0.3581;fehlerhaftester
0;-0.3581;fehlerhaftestes
0;-0.4649;feige
0;-0.4649;feigeren
0;-0.4649;feigerem
0;-0.4649;feigste
0;-0.4649;feigeres
0;-0.4649;feigerer
0;-0.4649;feig
0;-0.4649;feigsten
0;-0.4649;feigere
0;-0.4649;feigen
0;-0.4649;feigem
0;-0.4649;feigstem
0;-0.4649;feigster
0;-0.4649;feigstes
0;-0.4649;feiges
0;-0.4649;feiger
0;-0.4723;feindlich
0;-0.4723;feindlichere
0;-0.4723;feindlichste
0;-0.4723;feindlichstem
0;-0.4723;feindlichsten
0;-0.4723;feindliches
0;-0.4723;feindlichstes
0;-0.4723;feindlichster
0;-0.4723;feindlicherem
0;-0.4723;feindliche
0;-0.4723;feindlicher
0;-0.4723;feindlichen
0;-0.4723;feindlichem
0;-0.4723;feindlicherer
0;-0.4723;feindlicheres
0;-0.4723;feindlicheren
0;-0.4579;feindselig
0;-0.4579;feindseligste
0;-0.4579;feindseligerer
0;-0.4579;feindseligeres
0;-0.4579;feindseligere
0;-0.4579;feindseliger
0;-0.4579;feindseligsten
0;-0.4579;feindseligstem
0;-0.4579;feindseliges
0;-0.4579;feindseligstes
0;-0.4579;feindseligen
0;-0.4579;feindseligerem
0;-0.4579;feindseligster
0;-0.4579;feindseligem
0;-0.4579;feindseligeren
0;-0.4579;feindselige
0;-0.0048;fesseln
0;-0.0048;fessele
0;-0.0048;fessle
0;-0.0048;fessle
0;-0.0048;fesselst
0;-0.0048;fesselt
0;-0.0048;fesslest
0;-0.0048;fesslest
0;-0.0048;fesslet
0;-0.0048;fesslet
0;-0.0048;fesselte
0;-0.0048;fesseltest
0;-0.0048;fesselten
0;-0.0048;fesseltet
0;-0.0048;feuern
0;-0.0048;gefeuert
0;-0.0048;feueren
0;-0.0048;feuerte
0;-0.0048;feuertet
0;-0.0048;feuerst
0;-0.0048;feuere
0;-0.0048;feuert
0;-0.0048;feuertest
0;-0.0048;feuerten
0;-0.305;fies
0;-0.305;fiesesten
0;-0.305;fieses
0;-0.305;fieser
0;-0.305;fiesestem
0;-0.305;fiesem
0;-0.305;fieseste
0;-0.305;fiesen
0;-0.305;fiese
0;-0.305;fieserem
0;-0.305;fieseren
0;-0.305;fieseres
0;-0.305;fieserer
0;-0.305;fiesestes
0;-0.305;fiesere
0;-0.305;fiesester
0;-0.0515;finster
0;-0.0515;finstrer
0;-0.0515;finsterem
0;-0.0515;finstereren
0;-0.0515;finstrere
0;-0.0515;finstererem
0;-0.0515;finsteren
0;-0.0515;finstrerer
0;-0.0515;finstere
0;-0.0515;finstreres
0;-0.0515;finsteres
0;-0.0515;finsterer
0;-0.0515;finsterstes
0;-0.0515;finstereres
0;-0.0515;finsterste
0;-0.0515;finstreren
0;-0.0515;finstrerem
0;-0.0515;finstererer
0;-0.0515;finsterstem
0;-0.0515;finstersten
0;-0.0515;finsterere
0;-0.0515;finsterster
0;-0.0048;flach
0;-0.0048;flachster
0;-0.0048;flachstes
0;-0.0048;flachsten
0;-0.0048;flachstem
0;-0.0048;flacherer
0;-0.0048;flacheres
0;-0.0048;flache
0;-0.0048;flachere
0;-0.0048;flaches
0;-0.0048;flachste
0;-0.0048;flacher
0;-0.0048;flacheren
0;-0.0048;flachem
0;-0.0048;flachen
0;-0.0048;flacherem
0;-0.0048;flau
0;-0.0048;flausten
0;-0.0048;flauerer
0;-0.0048;flaueres
0;-0.0048;flauere
0;-0.0048;flaustem
0;-0.0048;flaueren
0;-0.0048;flaustes
0;-0.0048;flauster
0;-0.0048;flauestes
0;-0.0048;flauest
0;-0.0048;flauester
0;-0.0048;flaues
0;-0.0048;flauen
0;-0.0048;flauerem
0;-0.0048;flaue
0;-0.0048;flauem
0;-0.0048;flaueste
0;-0.0048;flauer
0;-0.0048;flauste
0;-0.0048;flauestem
0;-0.0048;flauesten
0;-0.0048;fluechtend
0;-0.0048;fluechtende
0;-0.0048;fluechtendem
0;-0.0048;fluechtenden
0;-0.0048;fluechtender
0;-0.0048;fluechtendes
0;-0.0048;fluechtig
0;-0.0048;fluechtigster
0;-0.0048;fluechtigstes
0;-0.0048;fluechtigem
0;-0.0048;fluechtigsten
0;-0.0048;fluechtigstem
0;-0.0048;fluechtige
0;-0.0048;fluechtigeren
0;-0.0048;fluechtigerem
0;-0.0048;fluechtigere
0;-0.0048;fluechtigeres
0;-0.0048;fluechtigerer
0;-0.0048;fluechtigen
0;-0.0048;fluechtiges
0;-0.0048;fluechtigste
0;-0.0048;fluechtiger
0;-0.0048;folgenschwer
0;-0.0048;folgenschwererem
0;-0.0048;folgenschwereren
0;-0.0048;folgenschwerster
0;-0.0048;folgenschwerstem
0;-0.0048;folgenschwersten
0;-0.0048;folgenschwerstes
0;-0.0048;folgenschwere
0;-0.0048;folgenschweres
0;-0.0048;folgenschwerste
0;-0.0048;folgenschwerer
0;-0.0048;folgenschweren
0;-0.0048;folgenschwerem
0;-0.0048;folgenschwereres
0;-0.0048;folgenschwererer
0;-0.0048;folgenschwerere
0;-0.0048;folgewidrig
0;-0.0048;folgewidrige
0;-0.0048;folgewidrigere
0;-0.0048;folgewidrigerer
0;-0.0048;folgewidrigeres
0;-0.0048;folgewidrigem
0;-0.0048;folgewidrigstem
0;-0.0048;folgewidrigsten
0;-0.0048;folgewidrigen
0;-0.0048;folgewidrigste
0;-0.0048;folgewidrigerem
0;-0.0048;folgewidrigster
0;-0.0048;folgewidrigeren
0;-0.0048;folgewidrigstes
0;-0.0048;folgewidriges
0;-0.0048;folgewidriger
0;-0.0422;fragil
0;-0.0422;fragilen
0;-0.0422;fragilem
0;-0.0422;fragilste
0;-0.0422;fragiles
0;-0.0422;fragiler
0;-0.0422;fragile
0;-0.0422;fragilerer
0;-0.0422;fragilstem
0;-0.0422;fragilsten
0;-0.0422;fragilere
0;-0.0422;fragileren
0;-0.0422;fragilerem
0;-0.0422;fragilster
0;-0.0422;fragileres
0;-0.0422;fragilstes
0;-0.0576;fraglich
0;-0.0576;fragliche
0;-0.0576;fraglichste
0;-0.0576;fraglicher
0;-0.0576;fragliches
0;-0.0576;fraglicheren
0;-0.0576;fraglichstes
0;-0.0576;fraglicherem
0;-0.0576;fraglichster
0;-0.0576;fraglicheres
0;-0.0576;fraglicherer
0;-0.0576;fraglichere
0;-0.0576;fraglichsten
0;-0.0576;fraglichstem
0;-0.0576;fraglichen
0;-0.0576;fraglichem
0;-0.4858;fragwuerdig
0;-0.4858;fragwuerdiges
0;-0.4858;fragwuerdiger
0;-0.4858;fragwuerdigen
0;-0.4858;fragwuerdigstem
0;-0.4858;fragwuerdigsten
0;-0.4858;fragwuerdigstes
0;-0.4858;fragwuerdigerem
0;-0.4858;fragwuerdigeren
0;-0.4858;fragwuerdigster
0;-0.4858;fragwuerdigste
0;-0.4858;fragwuerdigeres
0;-0.4858;fragwuerdigerer
0;-0.4858;fragwuerdigere
0;-0.4858;fragwuerdigem
0;-0.4858;fragwuerdige
0;-0.0048;frech
0;-0.0048;frechem
0;-0.0048;frechen
0;-0.0048;freches
0;-0.0048;frecher
0;-0.0048;frecherer
0;-0.0048;frechstem
0;-0.0048;frecheres
0;-0.0048;freche
0;-0.0048;frechstes
0;-0.0048;frechere
0;-0.0048;frechster
0;-0.0048;frecherem
0;-0.0048;frechste
0;-0.0048;frechsten
0;-0.0048;frecheren
0;-0.4939;fremd
0;-0.4939;fremdestes
0;-0.4939;fremdeste
0;-0.4939;fremdester
0;-0.4939;fremderer
0;-0.4939;fremderes
0;-0.4939;fremdesten
0;-0.4939;fremdestem
0;-0.4939;fremderen
0;-0.4939;fremder
0;-0.4939;fremde
0;-0.4939;fremdere
0;-0.4939;fremdes
0;-0.4939;fremderem
0;-0.4939;fremdem
0;-0.4939;fremden
0;-0.0419;fremdartig
0;-0.0419;fremdartigste
0;-0.0419;fremdartigerem
0;-0.0419;fremdartigeren
0;-0.0419;fremdartigstes
0;-0.0419;fremdartigeres
0;-0.0419;fremdartigere
0;-0.0419;fremdartiges
0;-0.0419;fremdartiger
0;-0.0419;fremdartigem
0;-0.0419;fremdartige
0;-0.0419;fremdartigen
0;-0.0419;fremdartigerer
0;-0.0419;fremdartigster
0;-0.0419;fremdartigsten
0;-0.0419;fremdartigstem
0;-0.0048;freudlos
0;-0.0048;freudloserem
0;-0.0048;freudloseres
0;-0.0048;freudloseren
0;-0.0048;freudloserer
0;-0.0048;freudloseste
0;-0.0048;freudlosere
0;-0.0048;freudlosestes
0;-0.0048;freudlosen
0;-0.0048;freudlosem
0;-0.0048;freudloser
0;-0.0048;freudlosester
0;-0.0048;freudloses
0;-0.0048;freudlosestem
0;-0.0048;freudlosesten
0;-0.0048;freudlose
0;-0.0412;frivol
0;-0.0412;frivolste
0;-0.0412;frivolstem
0;-0.0412;frivoler
0;-0.0412;frivolerer
0;-0.0412;frivoleres
0;-0.0412;frivole
0;-0.0412;frivoles
0;-0.0412;frivolerem
0;-0.0412;frivolen
0;-0.0412;frivolem
0;-0.0412;frivoleren
0;-0.0412;frivolsten
0;-0.0412;frivolster
0;-0.0412;frivolstes
0;-0.0412;frivolere
0;-0.0048;fruchtlos
0;-0.0048;fruchtloseren
0;-0.0048;fruchtlosem
0;-0.0048;fruchtlosen
0;-0.0048;fruchtloseres
0;-0.0048;fruchtloserer
0;-0.0048;fruchtlose
0;-0.0048;fruchtloser
0;-0.0048;fruchtloses
0;-0.0048;fruchtloseste
0;-0.0048;fruchtlosere
0;-0.0048;fruchtlosestem
0;-0.0048;fruchtlosesten
0;-0.0048;fruchtlosestes
0;-0.0048;fruchtlosester
0;-0.0048;fruchtloserem
0;-0.0372;frustrieren
0;-0.0372;frustriertet
0;-0.0372;frustriere
0;-0.0372;frustrieret
0;-0.0372;frustrierst
0;-0.0372;frustriert
0;-0.0372;frustrierte
0;-0.0372;frustrierest
0;-0.0372;frustriertest
0;-0.0372;frustrierten
0;-0.0048;frustrierend
0;-0.0048;frustrierende
0;-0.0048;frustrierendem
0;-0.0048;frustrierenden
0;-0.0048;frustrierender
0;-0.0048;frustrierendes
0;-0.0048;frustrierendere
0;-0.0048;frustrierenderem
0;-0.0048;frustrierenderen
0;-0.0048;frustrierenderer
0;-0.0048;frustrierenderes
0;-0.0048;frustrierendste
0;-0.0048;frustrierendstem
0;-0.0048;frustrierendsten
0;-0.0048;frustrierendster
0;-0.0048;frustrierendstes
0;-0.3244;frustriert
0;-0.3244;frustriertester
0;-0.3244;frustriertes
0;-0.3244;frustriertestes
0;-0.3244;frustriertestem
0;-0.3244;frustriertesten
0;-0.3244;frustrierter
0;-0.3244;frustrierte
0;-0.3244;frustrierteren
0;-0.3244;frustrierterem
0;-0.3244;frustrierteste
0;-0.3244;frustrierteres
0;-0.3244;frustrierterer
0;-0.3244;frustriertere
0;-0.3244;frustriertem
0;-0.3244;frustrierten
0;-0.0048;fuchsteufelswild
0;-0.0048;fuchsteufelswilder
0;-0.0048;fuchsteufelswilderes
0;-0.0048;fuchsteufelswildes
0;-0.0048;fuchsteufelswildestem
0;-0.0048;fuchsteufelswildesten
0;-0.0048;fuchsteufelswilde
0;-0.0048;fuchsteufelswildere
0;-0.0048;fuchsteufelswildestes
0;-0.0048;fuchsteufelswildeste
0;-0.0048;fuchsteufelswildester
0;-0.0048;fuchsteufelswilderen
0;-0.0048;fuchsteufelswilderem
0;-0.0048;fuchsteufelswilderer
0;-0.0048;fuchsteufelswildem
0;-0.0048;fuchsteufelswilden
0;-0.3042;furchtbar
0;-0.3042;furchtbareren
0;-0.3042;furchtbarerem
0;-0.3042;furchtbaren
0;-0.3042;furchtbares
0;-0.3042;furchtbarer
0;-0.3042;furchtbarster
0;-0.3042;furchtbarstes
0;-0.3042;furchtbare
0;-0.3042;furchtbarstem
0;-0.3042;furchtbarsten
0;-0.3042;furchtbarem
0;-0.3042;furchtbarere
0;-0.3042;furchtbareres
0;-0.3042;furchtbarste
0;-0.3042;furchtbarerer
0;-0.1778;furchterregend
0;-0.1778;furchterregendsten
0;-0.1778;furchterregendstem
0;-0.1778;furchterregendster
0;-0.1778;furchterregendstes
0;-0.1778;furchterregendere
0;-0.1778;furchterregendste
0;-0.1778;furchterregendem
0;-0.1778;furchterregenden
0;-0.1778;furchterregende
0;-0.1778;furchterregendes
0;-0.1778;furchterregenderen
0;-0.1778;furchterregenderem
0;-0.1778;furchterregender
0;-0.1778;furchterregenderes
0;-0.1778;furchterregenderer
0;-0.0048;faelschen
0;-0.0048;faelsche
0;-0.0048;faelschst
0;-0.0048;faelscht
0;-0.0048;faelschest
0;-0.0048;faelschet
0;-0.0048;faelschte
0;-0.0048;faelschtest
0;-0.0048;faelschten
0;-0.0048;faelschtet
0;-0.0048;gefaelscht
0;-0.3545;fuerchten
0;-0.3545;fuerchtest
0;-0.3545;gefuerchtet
0;-0.3545;fuerchteten
0;-0.3545;fuerchte
0;-0.3545;fuerchtten
0;-0.3545;fuerchtet
0;-0.3545;fuerchtete
0;-0.3545;fuerchtetest
0;-0.3545;fuerchtetet
0;-0.3363;fuerchterlich
0;-0.3363;fuerchterlicher
0;-0.3363;fuerchterlichster
0;-0.3363;fuerchterlichem
0;-0.3363;fuerchterlichstes
0;-0.3363;fuerchterlichen
0;-0.3363;fuerchterlichere
0;-0.3363;fuerchterliche
0;-0.3363;fuerchterlicheren
0;-0.3363;fuerchterlichste
0;-0.3363;fuerchterlicheres
0;-0.3363;fuerchterlicherer
0;-0.3363;fuerchterlichsten
0;-0.3363;fuerchterlichstem
0;-0.3363;fuerchterliches
0;-0.3363;fuerchterlicherem
0;-0.3005;gallig
0;-0.3005;galligerem
0;-0.3005;galligeren
0;-0.3005;galligere
0;-0.3005;gallige
0;-0.3005;galligste
0;-0.3005;galligsten
0;-0.3005;galliges
0;-0.3005;galliger
0;-0.3005;galligstem
0;-0.3005;galligster
0;-0.3005;galligstes
0;-0.3005;galligem
0;-0.3005;galligeres
0;-0.3005;galligen
0;-0.3005;galligerer
0;-0.0344;gammelig
0;-0.0344;gammeliges
0;-0.0344;gammeliger
0;-0.0344;gammeligeres
0;-0.0344;gammeligerer
0;-0.0344;gammeligen
0;-0.0344;gammeligem
0;-0.0344;gammeligeren
0;-0.0344;gammeligerem
0;-0.0344;gammeligste
0;-0.0344;gammelige
0;-0.0344;gammeligere
0;-0.0344;gammeligster
0;-0.0344;gammeligstes
0;-0.0344;gammeligsten
0;-0.0344;gammeligstem
0;-0.0411;gammeln
0;-0.0411;gammel
0;-0.0411;gammeltet
0;-0.0411;gegammelt
0;-0.0411;gammeltest
0;-0.0411;gammelen
0;-0.0411;gammele
0;-0.0411;gammelst
0;-0.0411;gammelte
0;-0.0411;gammelten
0;-0.0411;gammle
0;-0.0411;gammelt
0;-0.0048;gammlig
0;-0.0048;gammlige
0;-0.0048;gammligem
0;-0.0048;gammligen
0;-0.0048;gammliger
0;-0.0048;gammliges
0;-0.0048;gammligere
0;-0.0048;gammligerem
0;-0.0048;gammligeren
0;-0.0048;gammligerer
0;-0.0048;gammligeres
0;-0.0048;gammliste
0;-0.0048;gammlistem
0;-0.0048;gammlisten
0;-0.0048;gammlister
0;-0.0048;gammlistes
0;-0.0425;garstig
0;-0.0425;garstige
0;-0.0425;garstigsten
0;-0.0425;garstigere
0;-0.0425;garstigstem
0;-0.0425;garstigste
0;-0.0425;garstigster
0;-0.0425;garstigeres
0;-0.0425;garstigstes
0;-0.0425;garstigerer
0;-0.0425;garstigeren
0;-0.0425;garstigerem
0;-0.0425;garstiges
0;-0.0425;garstiger
0;-0.0425;garstigem
0;-0.0425;garstigen
0;-0.0435;geblitzt
0;-0.0435;geblitzte
0;-0.0435;geblitztem
0;-0.0435;geblitzten
0;-0.0435;geblitzter
0;-0.0435;geblitztes
0;-0.0435;geblitztere
0;-0.0435;geblitzterem
0;-0.0435;geblitzteren
0;-0.0435;geblitzterer
0;-0.0435;geblitzteres
0;-0.0048;gebrechlich
0;-0.0048;gebrechliche
0;-0.0048;gebrechlichstem
0;-0.0048;gebrechlichsten
0;-0.0048;gebrechlichster
0;-0.0048;gebrechlichstes
0;-0.0048;gebrechlicherem
0;-0.0048;gebrechlichem
0;-0.0048;gebrechlichere
0;-0.0048;gebrechlichen
0;-0.0048;gebrechlichste
0;-0.0048;gebrechlicheren
0;-0.0048;gebrechliches
0;-0.0048;gebrechlicherer
0;-0.0048;gebrechlicheres
0;-0.0048;gebrechlicher
0;-0.0048;gedankenlos
0;-0.0048;gedankenlosem
0;-0.0048;gedankenloseste
0;-0.0048;gedankenloses
0;-0.0048;gedankenlosesten
0;-0.0048;gedankenloser
0;-0.0048;gedankenlosestes
0;-0.0048;gedankenlosester
0;-0.0048;gedankenlosen
0;-0.0048;gedankenloserem
0;-0.0048;gedankenloseren
0;-0.0048;gedankenlosestem
0;-0.0048;gedankenlosere
0;-0.0048;gedankenloserer
0;-0.0048;gedankenloseres
0;-0.0048;gedankenlose
0;-0.0048;gedraengt
0;-0.0048;gedraengtestem
0;-0.0048;gedraengtesten
0;-0.0048;gedraengtere
0;-0.0048;gedraengter
0;-0.0048;gedraengtes
0;-0.0048;gedraengteren
0;-0.0048;gedraengten
0;-0.0048;gedraengterem
0;-0.0048;gedraengtest
0;-0.0048;gedraengte
0;-0.0048;gedraengterer
0;-0.0048;gedraengtem
0;-0.0048;gedraengteres
0;-0.0048;gedraengtester
0;-0.0048;gedraengteste
0;-0.0048;gedraengtestes
0;-0.5006;gefaehrden
0;-0.5006;gefaehrdte
0;-0.5006;gefaehrdtest
0;-0.5006;gefaehrdetest
0;-0.5006;gefaehrdeten
0;-0.5006;gefaehrdetet
0;-0.5006;gefaehrde
0;-0.5006;gefaehrdete
0;-0.5006;gefaehrdest
0;-0.5006;gefaehrdet
0;-0.6366;gefaehrlich
0;-0.6366;gefaehrlicher
0;-0.6366;gefaehrlicherer
0;-0.6366;gefaehrliches
0;-0.6366;gefaehrlicheres
0;-0.6366;gefaehrlichem
0;-0.6366;gefaehrlichen
0;-0.6366;gefaehrlichste
0;-0.6366;gefaehrliche
0;-0.6366;gefaehrlichstem
0;-0.6366;gefaehrlichsten
0;-0.6366;gefaehrlicheren
0;-0.6366;gefaehrlichster
0;-0.6366;gefaehrlichere
0;-0.6366;gefaehrlicherem
0;-0.6366;gefaehrlichstes
0;-0.0048;gehandicapt
0;-0.0048;gehandicaptem
0;-0.0048;gehandicapten
0;-0.0048;gehandicapter
0;-0.0048;gehandicaptes
0;-0.0048;gehandicapterer
0;-0.0048;gehandicaptestes
0;-0.0048;gehandicapteres
0;-0.0048;gehandicaptester
0;-0.0048;gehandicapte
0;-0.0048;gehandicaptesten
0;-0.0048;gehandicapteste
0;-0.0048;gehandicaptere
0;-0.0048;gehandicaptestem
0;-0.0048;gehandicapterem
0;-0.0048;gehandicapteren
0;-0.1821;gehaessig
0;-0.1821;gehaessigeren
0;-0.1821;gehaessigere
0;-0.1821;gehaessigerem
0;-0.1821;gehaessigstem
0;-0.1821;gehaessigsten
0;-0.1821;gehaessigste
0;-0.1821;gehaessigster
0;-0.1821;gehaessigstes
0;-0.1821;gehaessige
0;-0.1821;gehaessigen
0;-0.1821;gehaessigeres
0;-0.1821;gehaessigem
0;-0.1821;gehaessigerer
0;-0.1821;gehaessiger
0;-0.1821;gehaessiges
0;-0.0048;geisteskrank
0;-0.0048;geisteskrankere
0;-0.0048;geisteskrankster
0;-0.0048;geisteskrankeres
0;-0.0048;geisteskrankes
0;-0.0048;geisteskranker
0;-0.0048;geisteskranke
0;-0.0048;geisteskrankste
0;-0.0048;geisteskrankstes
0;-0.0048;geisteskrankerem
0;-0.0048;geisteskrankeren
0;-0.0048;geisteskranksten
0;-0.0048;geisteskranken
0;-0.0048;geisteskrankstem
0;-0.0048;geisteskrankem
0;-0.0048;geisteskrankerer
0;-0.0048;geistlos
0;-0.0048;geistlosem
0;-0.0048;geistlosen
0;-0.0048;geistlosestem
0;-0.0048;geistlosesten
0;-0.0048;geistlosere
0;-0.0048;geistlosester
0;-0.0048;geistlose
0;-0.0048;geistloserer
0;-0.0048;geistloseres
0;-0.0048;geistlosestes
0;-0.0048;geistloseren
0;-0.0048;geistloseste
0;-0.0048;geistloserem
0;-0.0048;geistloses
0;-0.0048;geistloser
0;-0.453;gekraenkt
0;-0.453;gekraenkteren
0;-0.453;gekraenkte
0;-0.453;gekraenkterem
0;-0.453;gekraenkter
0;-0.453;gekraenktester
0;-0.453;gekraenktes
0;-0.453;gekraenkten
0;-0.453;gekraenktestes
0;-0.453;gekraenktem
0;-0.453;gekraenktere
0;-0.453;gekraenkteres
0;-0.453;gekraenkterer
0;-0.453;gekraenktesten
0;-0.453;gekraenkteste
0;-0.453;gekraenktestem
0;-0.3308;gelaehmt
0;-0.3308;gelaehmter
0;-0.3308;gelaehmtes
0;-0.3308;gelaehmterem
0;-0.3308;gelaehmtem
0;-0.3308;gelaehmteren
0;-0.3308;gelaehmten
0;-0.3308;gelaehmtere
0;-0.3308;gelaehmteste
0;-0.3308;gelaehmte
0;-0.3308;gelaehmtestes
0;-0.3308;gelaehmterer
0;-0.3308;gelaehmtester
0;-0.3308;gelaehmtestem
0;-0.3308;gelaehmtesten
0;-0.3308;gelaehmteres
0;-0.7203;gemein
0;-0.7203;gemeinstem
0;-0.7203;gemeinsten
0;-0.7203;gemeinstes
0;-0.7203;gemeinster
0;-0.7203;gemeinere
0;-0.7203;gemeine
0;-0.7203;gemeinste
0;-0.7203;gemeineren
0;-0.7203;gemeines
0;-0.7203;gemeiner
0;-0.7203;gemeinerem
0;-0.7203;gemeineres
0;-0.7203;gemeinerer
0;-0.7203;gemeinem
0;-0.7203;gemeinen
0;-0.0237;genervt
0;-0.0237;genervtesten
0;-0.0237;genervteste
0;-0.0237;genervtestem
0;-0.0237;genervtestes
0;-0.0237;genervtester
0;-0.0237;genervte
0;-0.0237;genervtere
0;-0.0237;genervtes
0;-0.0237;genervter
0;-0.0237;genervterem
0;-0.0237;genervteren
0;-0.0237;genervten
0;-0.0237;genervtem
0;-0.0237;genervterer
0;-0.0237;genervteres
0;-0.6621;gering
0;-0.6621;geringes
0;-0.6621;geringer
0;-0.6621;geringerer
0;-0.6621;geringstem
0;-0.6621;geringeres
0;-0.6621;geringen
0;-0.6621;geringsten
0;-0.6621;geringem
0;-0.6621;geringste
0;-0.6621;geringeren
0;-0.6621;geringstes
0;-0.6621;geringster
0;-0.6621;geringerem
0;-0.6621;geringere
0;-0.6621;geringe
0;-0.0048;geringwertig
0;-0.0048;geringwertigerer
0;-0.0048;geringwertigeres
0;-0.0048;geringwertigeren
0;-0.0048;geringwertigerem
0;-0.0048;geringwertigste
0;-0.0048;geringwertigster
0;-0.0048;geringwertigstes
0;-0.0048;geringwertigen
0;-0.0048;geringwertigem
0;-0.0048;geringwertige
0;-0.0048;geringwertigsten
0;-0.0048;geringwertiges
0;-0.0048;geringwertiger
0;-0.0048;geringwertigere
0;-0.0048;geringwertigstem
0;-0.3212;geschmacklos
0;-0.3212;geschmackloses
0;-0.3212;geschmacklosere
0;-0.3212;geschmacklose
0;-0.3212;geschmacklosem
0;-0.3212;geschmacklosen
0;-0.3212;geschmackloseste
0;-0.3212;geschmackloser
0;-0.3212;geschmackloserem
0;-0.3212;geschmackloseren
0;-0.3212;geschmacklosestes
0;-0.3212;geschmackloserer
0;-0.3212;geschmackloseres
0;-0.3212;geschmacklosester
0;-0.3212;geschmacklosestem
0;-0.3212;geschmacklosesten
0;-0.3128;gestresst
0;-0.3128;gestresste
0;-0.3128;gestresstem
0;-0.3128;gestressten
0;-0.3128;gestresster
0;-0.3128;gestresstes
0;-0.3128;gestresstere
0;-0.3128;gestressterem
0;-0.3128;gestressteren
0;-0.3128;gestressterer
0;-0.3128;gestressteres
0;-0.3128;gestressteste
0;-0.3128;gestresstestem
0;-0.3128;gestresstesten
0;-0.3128;gestresstester
0;-0.3128;gestresstestes
0;-0.0048;gewaltsam
0;-0.0048;gewaltsamer
0;-0.0048;gewaltsamstem
0;-0.0048;gewaltsamsten
0;-0.0048;gewaltsames
0;-0.0048;gewaltsamere
0;-0.0048;gewaltsamste
0;-0.0048;gewaltsamen
0;-0.0048;gewaltsamster
0;-0.0048;gewaltsamstes
0;-0.0048;gewaltsamem
0;-0.0048;gewaltsame
0;-0.0048;gewaltsameres
0;-0.0048;gewaltsamerer
0;-0.0048;gewaltsameren
0;-0.0048;gewaltsamerem
0;-0.3409;gewalttaetig
0;-0.3409;gewalttaetigster
0;-0.3409;gewalttaetigstes
0;-0.3409;gewalttaetigerem
0;-0.3409;gewalttaetigerer
0;-0.3409;gewalttaetigeres
0;-0.3409;gewalttaetigen
0;-0.3409;gewalttaetigem
0;-0.3409;gewalttaetigeren
0;-0.3409;gewalttaetiger
0;-0.3409;gewalttaetigere
0;-0.3409;gewalttaetige
0;-0.3409;gewalttaetiges
0;-0.3409;gewalttaetigsten
0;-0.3409;gewalttaetigste
0;-0.3409;gewalttaetigstem
0;-0.1846;geaergert
0;-0.1846;geaergerte
0;-0.1846;geaergertem
0;-0.1846;geaergerten
0;-0.1846;geaergerter
0;-0.1846;geaergertes
0;-0.1846;geaergertere
0;-0.1846;geaergerterem
0;-0.1846;geaergerteren
0;-0.1846;geaergerterer
0;-0.1846;geaergerteres
0;-0.1846;geaergertste
0;-0.1846;geaergertstem
0;-0.1846;geaergertsten
0;-0.1846;geaergertster
0;-0.1846;geaergertstes
0;-0.3378;giftig
0;-0.3378;giftigste
0;-0.3378;giftiger
0;-0.3378;giftiges
0;-0.3378;giftigem
0;-0.3378;giftigen
0;-0.3378;giftigere
0;-0.3378;giftigerem
0;-0.3378;giftigstem
0;-0.3378;giftigeren
0;-0.3378;giftigstes
0;-0.3378;giftigeres
0;-0.3378;giftigster
0;-0.3378;giftigerer
0;-0.3378;giftigsten
0;-0.3378;giftige
0;-0.3133;glanzlos
0;-0.3133;glanzlosere
0;-0.3133;glanzlosen
0;-0.3133;glanzloseres
0;-0.3133;glanzlosem
0;-0.3133;glanzloserer
0;-0.3133;glanzloses
0;-0.3133;glanzloser
0;-0.3133;glanzloseste
0;-0.3133;glanzlose
0;-0.3133;glanzloseren
0;-0.3133;glanzloserem
0;-0.3133;glanzlosesten
0;-0.3133;glanzlosestem
0;-0.3133;glanzlosestes
0;-0.3133;glanzlosester
0;-0.3436;gleichgueltig
0;-0.3436;gleichgueltigstes
0;-0.3436;gleichgueltigeres
0;-0.3436;gleichgueltigster
0;-0.3436;gleichgueltigerer
0;-0.3436;gleichgueltigstem
0;-0.3436;gleichgueltigsten
0;-0.3436;gleichgueltigere
0;-0.3436;gleichgueltigeren
0;-0.3436;gleichgueltigste
0;-0.3436;gleichgueltigerem
0;-0.3436;gleichgueltige
0;-0.3436;gleichgueltiger
0;-0.3436;gleichgueltiges
0;-0.3436;gleichgueltigem
0;-0.3436;gleichgueltigen
0;-0.3147;gluecklos
0;-0.3147;gluecklose
0;-0.3147;gluecklosesten
0;-0.3147;glueckloser
0;-0.3147;glueckloses
0;-0.3147;gluecklosestem
0;-0.3147;gluecklosen
0;-0.3147;gluecklosem
0;-0.3147;gluecklosere
0;-0.3147;glueckloserem
0;-0.3147;glueckloseste
0;-0.3147;glueckloseren
0;-0.3147;gluecklosestes
0;-0.3147;gluecklosester
0;-0.3147;glueckloseres
0;-0.3147;glueckloserer
0;-0.6033;gnadenlos
0;-0.6033;gnadenlosester
0;-0.6033;gnadenlosestes
0;-0.6033;gnadenlosesten
0;-0.6033;gnadenlosestem
0;-0.6033;gnadenlose
0;-0.6033;gnadenloser
0;-0.6033;gnadenloses
0;-0.6033;gnadenloseres
0;-0.6033;gnadenlosere
0;-0.6033;gnadenloseste
0;-0.6033;gnadenloserer
0;-0.6033;gnadenlosen
0;-0.6033;gnadenloserem
0;-0.6033;gnadenlosem
0;-0.6033;gnadenloseren
0;-0.336;grau
0;-0.336;grauem
0;-0.336;grauste
0;-0.336;graustem
0;-0.336;graueren
0;-0.336;grausten
0;-0.336;grauerem
0;-0.336;graustes
0;-0.336;grauster
0;-0.336;graues
0;-0.336;grauer
0;-0.336;grauere
0;-0.336;grauestem
0;-0.336;graueres
0;-0.336;grauerer
0;-0.336;grauen
0;-0.336;graue
0;-0.336;grauest
0;-0.336;grauesten
0;-0.336;grauester
0;-0.336;grauestes
0;-0.336;graueste
0;-0.0048;grauen
0;-0.0048;grauest
0;-0.0048;graue
0;-0.0048;graut
0;-0.0048;grauten
0;-0.0048;grautest
0;-0.0048;grauet
0;-0.0048;gegraut
0;-0.0048;grautet
0;-0.0048;graute
0;-0.0048;graust
0;-0.184;grauenhaft
0;-0.184;grauenhaften
0;-0.184;grauenhafteres
0;-0.184;grauenhaftere
0;-0.184;grauenhafterer
0;-0.184;grauenhaftestem
0;-0.184;grauenhafter
0;-0.184;grauenhaftes
0;-0.184;grauenhafte
0;-0.184;grauenhafterem
0;-0.184;grauenhaftem
0;-0.184;grauenhafteren
0;-0.184;grauenhafteste
0;-0.184;grauenhaftesten
0;-0.184;grauenhaftestes
0;-0.184;grauenhaftester
0;-0.3238;grauenvoll
0;-0.3238;grauenvolles
0;-0.3238;grauenvoller
0;-0.3238;grauenvollen
0;-0.3238;grauenvollstes
0;-0.3238;grauenvollem
0;-0.3238;grauenvollere
0;-0.3238;grauenvollster
0;-0.3238;grauenvolleres
0;-0.3238;grauenvolle
0;-0.3238;grauenvollsten
0;-0.3238;grauenvollstem
0;-0.3238;grauenvollerer
0;-0.3238;grauenvollste
0;-0.3238;grauenvolleren
0;-0.3238;grauenvollerem
0;-0.625;grausam
0;-0.625;grausameren
0;-0.625;grausamen
0;-0.625;grausamem
0;-0.625;grausamerem
0;-0.625;grausames
0;-0.625;grausamer
0;-0.625;grausamere
0;-0.625;grausamerer
0;-0.625;grausameres
0;-0.625;grausame
0;-0.625;grausamsten
0;-0.625;grausamstem
0;-0.625;grausamstes
0;-0.625;grausamster
0;-0.625;grausamste
0;-0.1777;grausig
0;-0.1777;grausigstem
0;-0.1777;grausigsten
0;-0.1777;grausiges
0;-0.1777;grausigeren
0;-0.1777;grausigeres
0;-0.1777;grausigerer
0;-0.1777;grausigste
0;-0.1777;grausigstes
0;-0.1777;grausigster
0;-0.1777;grausigen
0;-0.1777;grausigere
0;-0.1777;grausigem
0;-0.1777;grausige
0;-0.1777;grausiger
0;-0.1777;grausigerem
0;-0.0048;grenzdebil
0;-0.0048;grenzdebile
0;-0.0048;grenzdebilem
0;-0.0048;grenzdebilen
0;-0.0048;grenzdebiler
0;-0.0048;grenzdebiles
0;-0.0048;grenzdebilere
0;-0.0048;grenzdebilerem
0;-0.0048;grenzdebileren
0;-0.0048;grenzdebilerer
0;-0.0048;grenzdebileres
0;-0.0048;grenzdebilste
0;-0.0048;grenzdebilstem
0;-0.0048;grenzdebilsten
0;-0.0048;grenzdebilster
0;-0.0048;grenzdebilstes
0;-0.3295;grimmig
0;-0.3295;grimmigen
0;-0.3295;grimmigem
0;-0.3295;grimmige
0;-0.3295;grimmiger
0;-0.3295;grimmiges
0;-0.3295;grimmigere
0;-0.3295;grimmigstes
0;-0.3295;grimmigster
0;-0.3295;grimmigstem
0;-0.3295;grimmigeren
0;-0.3295;grimmigerem
0;-0.3295;grimmigsten
0;-0.3295;grimmigeres
0;-0.3295;grimmigste
0;-0.3295;grimmigerer
0;-0.3495;grob
0;-0.3495;groebster
0;-0.3495;groebstes
0;-0.3495;groebsten
0;-0.3495;groebstem
0;-0.3495;grobe
0;-0.3495;groebere
0;-0.3495;groeberes
0;-0.3495;groeberer
0;-0.3495;groebste
0;-0.3495;groeber
0;-0.3495;groeberen
0;-0.3495;groeberem
0;-0.3495;grobem
0;-0.3495;groben
0;-0.3495;grober
0;-0.3495;grobes
0;-0.0048;nan
0;-0.3318;grotesk
0;-0.3318;groteskeres
0;-0.3318;groteskem
0;-0.3318;grotesken
0;-0.3318;groteskesten
0;-0.3318;groteskerem
0;-0.3318;groteskeren
0;-0.3318;groteskeste
0;-0.3318;grotesker
0;-0.3318;groteskes
0;-0.3318;groteskestem
0;-0.3318;groteskester
0;-0.3318;groteskestes
0;-0.3318;groteskere
0;-0.3318;groteskerer
0;-0.3318;groteske
0;-0.3089;grottenschlecht
0;-0.3089;grottenschlechte
0;-0.3089;grottenschlechtem
0;-0.3089;grottenschlechten
0;-0.3089;grottenschlechter
0;-0.3089;grottenschlechtes
0;-0.3089;grottenschlechtere
0;-0.3089;grottenschlechterem
0;-0.3089;grottenschlechteren
0;-0.3089;grottenschlechterer
0;-0.3089;grottenschlechteres
0;-0.3089;grottenschlechteste
0;-0.3089;grottenschlechtestem
0;-0.3089;grottenschlechtesten
0;-0.3089;grottenschlechtester
0;-0.3089;grottenschlechtestes
0;-0.0048;grottenuebel
0;-0.0048;grottenueblem
0;-0.0048;grottenueblen
0;-0.0048;grottenuebler
0;-0.0048;grottenuebles
0;-0.0048;grottenueblere
0;-0.0048;grottenueblerem
0;-0.0048;grottenuebleren
0;-0.0048;grottenueblerer
0;-0.0048;grottenuebleres
0;-0.0048;grottenuebelste
0;-0.0048;grottenuebelstem
0;-0.0048;grottenuebelsten
0;-0.0048;grottenuebelster
0;-0.0048;grottenuebelstes
0;-0.0048;gruselig
0;-0.0048;gruseligere
0;-0.0048;gruseligerem
0;-0.0048;gruselige
0;-0.0048;gruseligeren
0;-0.0048;gruseligem
0;-0.0048;gruseligen
0;-0.0048;gruseligstem
0;-0.0048;gruseligsten
0;-0.0048;gruseligeres
0;-0.0048;gruseligerer
0;-0.0048;gruseliger
0;-0.0048;gruseligster
0;-0.0048;gruseliges
0;-0.0048;gruseligste
0;-0.0048;gruseligstes
0;-0.0395;graesslich
0;-0.0395;graessliche
0;-0.0395;graesslichem
0;-0.0395;graesslichen
0;-0.0395;graesslicher
0;-0.0395;graessliches
0;-0.0395;graesslichere
0;-0.0395;graesslicherem
0;-0.0395;graesslicheren
0;-0.0395;graesslicherer
0;-0.0395;graesslicheres
0;-0.0395;graesslichste
0;-0.0395;graesslichstem
0;-0.0395;graesslichsten
0;-0.0395;graesslichster
0;-0.0395;graesslichstes
0;-0.4529;graesslich
0;-0.4529;graesslicher
0;-0.4529;graessliches
0;-0.4529;graesslichem
0;-0.4529;graesslichen
0;-0.4529;graessliche
0;-0.4529;graesslicheres
0;-0.4529;graesslicherer
0;-0.4529;graesslicheren
0;-0.4529;graesslichstes
0;-0.4529;graesslichster
0;-0.4529;graesslicherem
0;-0.4529;graesslichstem
0;-0.4529;graesslichsten
0;-0.4529;graesslichere
0;-0.4529;graesslichste
0;-0.0351;haarig
0;-0.0351;haarigere
0;-0.0351;haarige
0;-0.0351;haariger
0;-0.0351;haarigeren
0;-0.0351;haarigstes
0;-0.0351;haarigerem
0;-0.0351;haarigster
0;-0.0351;haariges
0;-0.0351;haarigen
0;-0.0351;haarigstem
0;-0.0351;haarigem
0;-0.0351;haarigsten
0;-0.0351;haarigste
0;-0.0351;haarigerer
0;-0.0351;haarigeres
0;-0.4637;haarstraeubend
0;-0.4637;haarstraeubendster
0;-0.4637;haarstraeubenderer
0;-0.4637;haarstraeubendstem
0;-0.4637;haarstraeubendsten
0;-0.4637;haarstraeubenderes
0;-0.4637;haarstraeubendste
0;-0.4637;haarstraeubenderen
0;-0.4637;haarstraeubenderem
0;-0.4637;haarstraeubendem
0;-0.4637;haarstraeubenden
0;-0.4637;haarstraeubendere
0;-0.4637;haarstraeubendstes
0;-0.4637;haarstraeubende
0;-0.4637;haarstraeubendes
0;-0.4637;haarstraeubender
0;-0.3059;habgierig
0;-0.3059;habgierigsten
0;-0.3059;habgierigem
0;-0.3059;habgierigen
0;-0.3059;habgierigerem
0;-0.3059;habgierigster
0;-0.3059;habgierigeren
0;-0.3059;habgierigstes
0;-0.3059;habgierigstem
0;-0.3059;habgierigere
0;-0.3059;habgierigeres
0;-0.3059;habgierigerer
0;-0.3059;habgieriges
0;-0.3059;habgieriger
0;-0.3059;habgierigste
0;-0.3059;habgierige
0;-0.0048;halbfertig
0;-0.0048;halbfertigste
0;-0.0048;halbfertigen
0;-0.0048;halbfertigem
0;-0.0048;halbfertiges
0;-0.0048;halbfertiger
0;-0.0048;halbfertigerem
0;-0.0048;halbfertigsten
0;-0.0048;halbfertigere
0;-0.0048;halbfertigstes
0;-0.0048;halbfertigster
0;-0.0048;halbfertigeren
0;-0.0048;halbfertigeres
0;-0.0048;halbfertige
0;-0.0048;halbfertigerer
0;-0.0048;halbfertigstem
0;-0.0256;happig
0;-0.0256;happiges
0;-0.0256;happiger
0;-0.0256;happigste
0;-0.0256;happigen
0;-0.0256;happigerer
0;-0.0256;happigeres
0;-0.0256;happigeren
0;-0.0256;happigerem
0;-0.0256;happigere
0;-0.0256;happigem
0;-0.0256;happigstem
0;-0.0256;happigsten
0;-0.0256;happigster
0;-0.0256;happigstes
0;-0.0256;happige
0;-0.0048;harsch
0;-0.0048;harschstes
0;-0.0048;harschster
0;-0.0048;harschestem
0;-0.0048;harscheste
0;-0.0048;harschsten
0;-0.0048;harschstem
0;-0.0048;harschere
0;-0.0048;harscheres
0;-0.0048;harschem
0;-0.0048;harsche
0;-0.0048;harscherer
0;-0.0048;harschste
0;-0.0048;harschester
0;-0.0048;harschestes
0;-0.0048;harscher
0;-0.0048;harsches
0;-0.0048;harschesten
0;-0.0048;harschest
0;-0.0048;harschen
0;-0.0048;harscherem
0;-0.0048;harscheren
0;-0.1483;hart
0;-0.1483;hartes
0;-0.1483;harter
0;-0.1483;haertere
0;-0.1483;haertester
0;-0.1483;haerter
0;-0.1483;haertestes
0;-0.1483;hartem
0;-0.1483;haerteste
0;-0.1483;haertestem
0;-0.1483;haertesten
0;-0.1483;harten
0;-0.1483;harte
0;-0.1483;haerterer
0;-0.1483;haerteres
0;-0.1483;haerteren
0;-0.1483;haerterem
0;-0.1956;hartnaeckig
0;-0.1956;hartnaeckigstes
0;-0.1956;hartnaeckigster
0;-0.1956;hartnaeckigste
0;-0.1956;hartnaeckigerem
0;-0.1956;hartnaeckigstem
0;-0.1956;hartnaeckigsten
0;-0.1956;hartnaeckigeren
0;-0.1956;hartnaeckiges
0;-0.1956;hartnaeckiger
0;-0.1956;hartnaeckigere
0;-0.1956;hartnaeckigen
0;-0.1956;hartnaeckigem
0;-0.1956;hartnaeckigeres
0;-0.1956;hartnaeckigerer
0;-0.1956;hartnaeckige
0;-0.054;hassen
0;-0.054;hasstet
0;-0.054;gehasst
0;-0.054;hasstest
0;-0.054;hasse
0;-0.054;hasset
0;-0.054;hassest
0;-0.054;hasst
0;-0.054;hassten
0;-0.054;hasste
0;-0.1819;heftig
0;-0.1819;heftige
0;-0.1819;heftigste
0;-0.1819;heftigeren
0;-0.1819;heftigerem
0;-0.1819;heftigster
0;-0.1819;heftigem
0;-0.1819;heftigen
0;-0.1819;heftigsten
0;-0.1819;heftigere
0;-0.1819;heftigstem
0;-0.1819;heftiger
0;-0.1819;heftiges
0;-0.1819;heftigerer
0;-0.1819;heftigstes
0;-0.1819;heftigeres
0;-0.0048;heikel
0;-0.0048;heikelstes
0;-0.0048;heikelster
0;-0.0048;heikelsten
0;-0.0048;heikelste
0;-0.0048;heikler
0;-0.0048;heikles
0;-0.0048;heiklere
0;-0.0048;heikleres
0;-0.0048;heikle
0;-0.0048;heikelstem
0;-0.0048;heiklerer
0;-0.0048;heiklem
0;-0.0048;heiklen
0;-0.0048;heiklerem
0;-0.0048;heikleren
0;-0.0048;heillos
0;-0.0048;heilloser
0;-0.0048;heilloses
0;-0.0048;heillosem
0;-0.0048;heillosen
0;-0.0048;heilloseste
0;-0.0048;heillosesten
0;-0.0048;heillosestem
0;-0.0048;heillosere
0;-0.0048;heillose
0;-0.0048;heilloserem
0;-0.0048;heillosester
0;-0.0048;heilloseren
0;-0.0048;heillosestes
0;-0.0048;heilloseres
0;-0.0048;heilloserer
0;-0.3228;heimsuchen
0;-0.3228;heimsuchtest
0;-0.3228;heimsuchten
0;-0.3228;heimgesucht
0;-0.3228;heimsuchte
0;-0.3228;heimsucht
0;-0.3228;heimsuchst
0;-0.3228;heimsuchtet
0;-0.3228;heimsuchet
0;-0.3228;heimsuchest
0;-0.3228;heimsuche
0;-0.3241;heimtueckisch
0;-0.3241;heimtueckischen
0;-0.3241;heimtueckischem
0;-0.3241;heimtueckischere
0;-0.3241;heimtueckisches
0;-0.3241;heimtueckischer
0;-0.3241;heimtueckischeren
0;-0.3241;heimtueckische
0;-0.3241;heimtueckischerem
0;-0.3241;heimtueckischeres
0;-0.3241;heimtueckischerer
0;-0.3241;heimtueckischstes
0;-0.3241;heimtueckischster
0;-0.3241;heimtueckischste
0;-0.3241;heimtueckischstem
0;-0.3241;heimtueckischsten
0;-0.0371;heimzahlen
0;-0.0371;heimzahlte
0;-0.0371;heimzahlst
0;-0.0371;heimgezahlt
0;-0.0371;heimzahltet
0;-0.0371;heimzahltest
0;-0.0371;heimzahlest
0;-0.0371;heimzahlten
0;-0.0371;heimzahle
0;-0.0371;heimzahlt
0;-0.0371;heimzahlet
0;-0.0396;hektisch
0;-0.0396;hektischste
0;-0.0396;hektischeres
0;-0.0396;hektischem
0;-0.0396;hektischsten
0;-0.0396;hektischen
0;-0.0396;hektischstem
0;-0.0396;hektischeren
0;-0.0396;hektischere
0;-0.0396;hektischerem
0;-0.0396;hektisches
0;-0.0396;hektischer
0;-0.0396;hektischerer
0;-0.0396;hektischster
0;-0.0396;hektischstes
0;-0.0396;hektische
0;-0.1953;hemmen
0;-0.1953;hemmest
0;-0.1953;gehemmt
0;-0.1953;hemmtest
0;-0.1953;hemmst
0;-0.1953;hemme
0;-0.1953;hemmten
0;-0.1953;hemmet
0;-0.1953;hemmte
0;-0.1953;hemmt
0;-0.1953;hemmtet
0;-0.3199;herabsetzen
0;-0.3199;herabsetzest
0;-0.3199;herabgesetzt
0;-0.3199;herabsetzten
0;-0.3199;herabsetze
0;-0.3199;herabsetzt
0;-0.3199;herabsetztet
0;-0.3199;herabsetztest
0;-0.3199;herabsetzet
0;-0.3199;herabsetzte
0;-0.0048;herausfordern
0;-0.0048;herausgefordert
0;-0.0048;herausfordertest
0;-0.0048;herausforderst
0;-0.0048;herausforderen
0;-0.0048;herausforderte
0;-0.0048;herausfordertet
0;-0.0048;herausforderten
0;-0.0048;herausfordere
0;-0.0048;herausfordert
0;-0.0426;herrisch
0;-0.0426;herrischstes
0;-0.0426;herrischem
0;-0.0426;herrischster
0;-0.0426;herrischen
0;-0.0426;herrischere
0;-0.0426;herrischsten
0;-0.0426;herrischer
0;-0.0426;herrisches
0;-0.0426;herrischstem
0;-0.0426;herrischerem
0;-0.0426;herrischeren
0;-0.0426;herrische
0;-0.0426;herrischste
0;-0.0426;herrischeres
0;-0.0426;herrischerer
0;-0.0048;nan
0;-0.0048;heruntermachen
0;-0.0048;heruntermachten
0;-0.0048;heruntermachet
0;-0.0048;heruntermache
0;-0.0048;heruntermachtet
0;-0.0048;heruntermachest
0;-0.0048;heruntermachte
0;-0.0048;heruntermachst
0;-0.0048;heruntermacht
0;-0.0048;heruntermachtest
0;-0.0048;heruntergemacht
0;-0.3157;herzlos
0;-0.3157;herzlosere
0;-0.3157;herzloses
0;-0.3157;herzloser
0;-0.3157;herzloseste
0;-0.3157;herzlosen
0;-0.3157;herzlose
0;-0.3157;herzlosem
0;-0.3157;herzloseres
0;-0.3157;herzlosestes
0;-0.3157;herzlosester
0;-0.3157;herzloserer
0;-0.3157;herzloserem
0;-0.3157;herzloseren
0;-0.3157;herzlosestem
0;-0.3157;herzlosesten
0;-0.0048;heucheln
0;-0.0048;geheuchelt
0;-0.0048;heucheltest
0;-0.0048;heuchelst
0;-0.0048;heuchelte
0;-0.0048;heucheltet
0;-0.0048;heuchle
0;-0.0048;heuchelt
0;-0.0048;heuchele
0;-0.0048;heuchelen
0;-0.0048;heuchel
0;-0.0048;heuchelten
0;-0.4544;heuchlerisch
0;-0.4544;heuchlerischer
0;-0.4544;heuchlerisches
0;-0.4544;heuchlerischstem
0;-0.4544;heuchlerischsten
0;-0.4544;heuchlerische
0;-0.4544;heuchlerischem
0;-0.4544;heuchlerischstes
0;-0.4544;heuchlerischen
0;-0.4544;heuchlerischster
0;-0.4544;heuchlerischere
0;-0.4544;heuchlerischerer
0;-0.4544;heuchlerischeres
0;-0.4544;heuchlerischeren
0;-0.4544;heuchlerischerem
0;-0.4544;heuchlerischste
0;-0.4827;hilflos
0;-0.4827;hilfloserer
0;-0.4827;hilfloseste
0;-0.4827;hilflose
0;-0.4827;hilfloserem
0;-0.4827;hilfloseren
0;-0.4827;hilflosem
0;-0.4827;hilflosen
0;-0.4827;hilflosere
0;-0.4827;hilflosestes
0;-0.4827;hilfloses
0;-0.4827;hilflosester
0;-0.4827;hilfloser
0;-0.4827;hilflosesten
0;-0.4827;hilflosestem
0;-0.4827;hilfloseres
0;-0.3336;hinfaellig
0;-0.3336;hinfaelligste
0;-0.3336;hinfaelligeres
0;-0.3336;hinfaelligere
0;-0.3336;hinfaelligerer
0;-0.3336;hinfaelligsten
0;-0.3336;hinfaelligstem
0;-0.3336;hinfaelligster
0;-0.3336;hinfaellige
0;-0.3336;hinfaelliges
0;-0.3336;hinfaelliger
0;-0.3336;hinfaelligstes
0;-0.3336;hinfaelligerem
0;-0.3336;hinfaelligen
0;-0.3336;hinfaelligeren
0;-0.3336;hinfaelligem
0;-0.3187;hinterlistig
0;-0.3187;hinterlistigere
0;-0.3187;hinterlistigerem
0;-0.3187;hinterlistigeren
0;-0.3187;hinterlistigerer
0;-0.3187;hinterlistigeres
0;-0.3187;hinterlistigstem
0;-0.3187;hinterlistigsten
0;-0.3187;hinterlistigen
0;-0.3187;hinterlistigem
0;-0.3187;hinterlistiges
0;-0.3187;hinterlistigste
0;-0.3187;hinterlistigster
0;-0.3187;hinterlistiger
0;-0.3187;hinterlistigstes
0;-0.3187;hinterlistige
0;-0.3086;hochtrabend
0;-0.3086;hochtrabendste
0;-0.3086;hochtrabenderes
0;-0.3086;hochtrabenderer
0;-0.3086;hochtrabenderen
0;-0.3086;hochtrabenderem
0;-0.3086;hochtrabendem
0;-0.3086;hochtrabenden
0;-0.3086;hochtrabendster
0;-0.3086;hochtrabendstes
0;-0.3086;hochtrabender
0;-0.3086;hochtrabendstem
0;-0.3086;hochtrabendsten
0;-0.3086;hochtrabendes
0;-0.3086;hochtrabende
0;-0.3086;hochtrabendere
0;-0.3412;hoffnungslos
0;-0.3412;hoffnungsloseste
0;-0.3412;hoffnungslosen
0;-0.3412;hoffnungslosem
0;-0.3412;hoffnungslose
0;-0.3412;hoffnungsloserer
0;-0.3412;hoffnungslosestem
0;-0.3412;hoffnungslosesten
0;-0.3412;hoffnungsloseres
0;-0.3412;hoffnungsloseren
0;-0.3412;hoffnungslosester
0;-0.3412;hoffnungsloserem
0;-0.3412;hoffnungslosestes
0;-0.3412;hoffnungslosere
0;-0.3412;hoffnungsloses
0;-0.3412;hoffnungsloser
0;-0.0565;hungern
0;-0.0565;hungertet
0;-0.0565;hungerte
0;-0.0565;gehungert
0;-0.0565;hungerst
0;-0.0565;hungerten
0;-0.0565;hungeren
0;-0.0565;hungertest
0;-0.0565;hungert
0;-0.0565;hungere
0;-0.0048;hungrig
0;-0.0048;hungrigere
0;-0.0048;hungrigerer
0;-0.0048;hungrigeres
0;-0.0048;hungrigeren
0;-0.0048;hungriges
0;-0.0048;hungrigerem
0;-0.0048;hungrige
0;-0.0048;hungrigstes
0;-0.0048;hungrigster
0;-0.0048;hungrigen
0;-0.0048;hungrigsten
0;-0.0048;hungrigem
0;-0.0048;hungrigste
0;-0.0048;hungrigstem
0;-0.0048;hungriger
0;-0.0465;hysterisch
0;-0.0465;hysterischsten
0;-0.0465;hysterischster
0;-0.0465;hysterischstes
0;-0.0465;hysterischere
0;-0.0465;hysterischstem
0;-0.0465;hysterische
0;-0.0465;hysterisches
0;-0.0465;hysterischer
0;-0.0465;hysterischeres
0;-0.0465;hysterischerer
0;-0.0465;hysterischste
0;-0.0465;hysterischen
0;-0.0465;hysterischem
0;-0.0465;hysterischeren
0;-0.0465;hysterischerem
0;-0.3198;haemisch
0;-0.3198;haemischstes
0;-0.3198;haemischster
0;-0.3198;haemischere
0;-0.3198;haemischsten
0;-0.3198;haemischstem
0;-0.3198;haemisches
0;-0.3198;haemischer
0;-0.3198;haemischem
0;-0.3198;haemischen
0;-0.3198;haemischste
0;-0.3198;haemischeren
0;-0.3198;haemischerem
0;-0.3198;haemischerer
0;-0.3198;haemische
0;-0.3198;haemischeres
0;-0.4387;haesslich
0;-0.4387;haessliche
0;-0.4387;haesslichem
0;-0.4387;haesslichen
0;-0.4387;haesslicher
0;-0.4387;haessliches
0;-0.4387;haesslichere
0;-0.4387;haesslicherem
0;-0.4387;haesslicheren
0;-0.4387;haesslicherer
0;-0.4387;haesslicheres
0;-0.4387;haesslichste
0;-0.4387;haesslichstem
0;-0.4387;haesslichsten
0;-0.4387;haesslichster
0;-0.4387;haesslichstes
0;-0.4387;haesslich
0;-0.4387;haessliche
0;-0.4387;haesslichem
0;-0.4387;haesslichen
0;-0.4387;haesslicher
0;-0.4387;haessliches
0;-0.4387;haesslichere
0;-0.4387;haesslicherem
0;-0.4387;haesslicheren
0;-0.4387;haesslicherer
0;-0.4387;haesslicheres
0;-0.4387;haesslichste
0;-0.4387;haesslichstem
0;-0.4387;haesslichsten
0;-0.4387;haesslichster
0;-0.4387;haesslichstes
0;-0.0525;hoehnisch
0;-0.0525;hoehnischsten
0;-0.0525;hoehnischste
0;-0.0525;hoehnischstem
0;-0.0525;hoehnische
0;-0.0525;hoehnischer
0;-0.0525;hoehnisches
0;-0.0525;hoehnischeren
0;-0.0525;hoehnischerem
0;-0.0525;hoehnischerer
0;-0.0525;hoehnischeres
0;-0.0525;hoehnischen
0;-0.0525;hoehnischere
0;-0.0525;hoehnischster
0;-0.0525;hoehnischstes
0;-0.0525;hoehnischem
0;-0.0048;idiotisch
0;-0.0048;idiotischsten
0;-0.0048;idiotischste
0;-0.0048;idiotischstem
0;-0.0048;idiotischer
0;-0.0048;idiotischen
0;-0.0048;idiotische
0;-0.0048;idiotischem
0;-0.0048;idiotischerem
0;-0.0048;idiotischere
0;-0.0048;idiotisches
0;-0.0048;idiotischeres
0;-0.0048;idiotischerer
0;-0.0048;idiotischstes
0;-0.0048;idiotischster
0;-0.0048;idiotischeren
0;-0.3479;illegal
0;-0.3479;illegaler
0;-0.3479;illegales
0;-0.3479;illegalsten
0;-0.3479;illegalstes
0;-0.3479;illegalster
0;-0.3479;illegaleres
0;-0.3479;illegalerer
0;-0.3479;illegalstem
0;-0.3479;illegaleren
0;-0.3479;illegalste
0;-0.3479;illegalerem
0;-0.3479;illegale
0;-0.3479;illegalere
0;-0.3479;illegalen
0;-0.3479;illegalem
0;-0.0048;illoyal
0;-0.0048;illoyalem
0;-0.0048;illoyalen
0;-0.0048;illoyalstes
0;-0.0048;illoyaleren
0;-0.0048;illoyalster
0;-0.0048;illoyalerem
0;-0.0048;illoyalsten
0;-0.0048;illoyalstem
0;-0.0048;illoyales
0;-0.0048;illoyale
0;-0.0048;illoyalere
0;-0.0048;illoyaler
0;-0.0048;illoyalerer
0;-0.0048;illoyaleres
0;-0.0048;illoyalste
0;-0.0048;immobil
0;-0.0048;immobile
0;-0.0048;immobilerer
0;-0.0048;immobileres
0;-0.0048;immobilere
0;-0.0048;immobilerem
0;-0.0048;immobileren
0;-0.0048;immobilen
0;-0.0048;immobiler
0;-0.0048;immobiles
0;-0.0048;immobilste
0;-0.0048;immobilstem
0;-0.0048;immobilsten
0;-0.0048;immobilster
0;-0.0048;immobilstes
0;-0.0048;immobilem
0;-0.4602;ineffizient
0;-0.4602;ineffizientere
0;-0.4602;ineffizienterem
0;-0.4602;ineffizienteren
0;-0.4602;ineffizienteres
0;-0.4602;ineffizienterer
0;-0.4602;ineffizienten
0;-0.4602;ineffizientestes
0;-0.4602;ineffizientester
0;-0.4602;ineffiziente
0;-0.4602;ineffizienteste
0;-0.4602;ineffizientem
0;-0.4602;ineffizientestem
0;-0.4602;ineffizientesten
0;-0.4602;ineffizientes
0;-0.4602;ineffizienter
0;-0.0048;infiltrieren
0;-0.0048;infiltrierest
0;-0.0048;infiltrieret
0;-0.0048;infiltriertest
0;-0.0048;infiltrierten
0;-0.0048;infiltrierte
0;-0.0048;infiltrierst
0;-0.0048;infiltriere
0;-0.0048;infiltriertet
0;-0.0048;infiltriert
0;-0.5935;inkompetent
0;-0.5935;inkompetentesten
0;-0.5935;inkompetentestem
0;-0.5935;inkompetentestes
0;-0.5935;inkompetenteste
0;-0.5935;inkompetentester
0;-0.5935;inkompetente
0;-0.5935;inkompetentem
0;-0.5935;inkompetenten
0;-0.5935;inkompetenter
0;-0.5935;inkompetentes
0;-0.5935;inkompetentere
0;-0.5935;inkompetenteren
0;-0.5935;inkompetenterem
0;-0.5935;inkompetenterer
0;-0.5935;inkompetenteres
0;-0.1844;inkonsequent
0;-0.1844;inkonsequenteres
0;-0.1844;inkonsequenterer
0;-0.1844;inkonsequentere
0;-0.1844;inkonsequentester
0;-0.1844;inkonsequenterem
0;-0.1844;inkonsequente
0;-0.1844;inkonsequentestes
0;-0.1844;inkonsequenteren
0;-0.1844;inkonsequentes
0;-0.1844;inkonsequenter
0;-0.1844;inkonsequentesten
0;-0.1844;inkonsequentem
0;-0.1844;inkonsequenten
0;-0.1844;inkonsequenteste
0;-0.1844;inkonsequentestem
0;-0.0048;inkonsistent
0;-0.0048;inkonsistenteres
0;-0.0048;inkonsistentere
0;-0.0048;inkonsistenterer
0;-0.0048;inkonsistentestem
0;-0.0048;inkonsistenterem
0;-0.0048;inkonsistenteren
0;-0.0048;inkonsistentesten
0;-0.0048;inkonsistentem
0;-0.0048;inkonsistenteste
0;-0.0048;inkonsistentestes
0;-0.0048;inkonsistentester
0;-0.0048;inkonsistente
0;-0.0048;inkonsistenter
0;-0.0048;inkonsistentes
0;-0.0048;inkonsistenten
0;-0.3167;inkorrekt
0;-0.3167;inkorrektestes
0;-0.3167;inkorrektester
0;-0.3167;inkorrektestem
0;-0.3167;inkorrekteste
0;-0.3167;inkorrektesten
0;-0.3167;inkorrekterer
0;-0.3167;inkorrekterem
0;-0.3167;inkorrekteren
0;-0.3167;inkorrekter
0;-0.3167;inkorrektere
0;-0.3167;inkorrektes
0;-0.3167;inkorrektem
0;-0.3167;inkorrekteres
0;-0.3167;inkorrekten
0;-0.3167;inkorrekte
0;-0.3352;instabil
0;-0.3352;instabiler
0;-0.3352;instabilen
0;-0.3352;instabilerem
0;-0.3352;instabilste
0;-0.3352;instabilem
0;-0.3352;instabiles
0;-0.3352;instabilstem
0;-0.3352;instabilsten
0;-0.3352;instabilstes
0;-0.3352;instabileren
0;-0.3352;instabilster
0;-0.3352;instabile
0;-0.3352;instabilere
0;-0.3352;instabilerer
0;-0.3352;instabileres
0;-0.0048;intervenieren
0;-0.0048;interveniere
0;-0.0048;intervenierst
0;-0.0048;interveniert
0;-0.0048;intervenierest
0;-0.0048;intervenieret
0;-0.0048;intervenierte
0;-0.0048;interveniertest
0;-0.0048;intervenierten
0;-0.0048;interveniertet
0;-0.3215;intolerant
0;-0.3215;intolerante
0;-0.3215;intoleranteste
0;-0.3215;intolerantester
0;-0.3215;intolerantes
0;-0.3215;intoleranteres
0;-0.3215;intolerantestes
0;-0.3215;intoleranterer
0;-0.3215;intolerantesten
0;-0.3215;intolerantestem
0;-0.3215;intoleranter
0;-0.3215;intolerantere
0;-0.3215;intoleranterem
0;-0.3215;intoleranten
0;-0.3215;intolerantem
0;-0.3215;intoleranteren
0;-0.3277;irrational
0;-0.3277;irrationalster
0;-0.3277;irrationalen
0;-0.3277;irrationalstes
0;-0.3277;irrationalsten
0;-0.3277;irrationaler
0;-0.3277;irrationales
0;-0.3277;irrationalstem
0;-0.3277;irrationalere
0;-0.3277;irrationaleren
0;-0.3277;irrationalerem
0;-0.3277;irrationale
0;-0.3277;irrationalste
0;-0.3277;irrationaleres
0;-0.3277;irrationalerer
0;-0.3277;irrationalem
0;-0.0048;irre
0;-0.0048;irrerem
0;-0.0048;irrere
0;-0.0048;irreren
0;-0.0048;irreres
0;-0.0048;irrerer
0;-0.0048;irres
0;-0.0048;irrestes
0;-0.0048;irre
0;-0.0048;irrester
0;-0.0048;irrer
0;-0.0048;irreste
0;-0.0048;irrestem
0;-0.0048;irrem
0;-0.0048;irresten
0;-0.0048;irren
0;-0.0048;irrsinnig
0;-0.0048;irrsinnigere
0;-0.0048;irrsinnigstes
0;-0.0048;irrsinnigeres
0;-0.0048;irrsinnigster
0;-0.0048;irrsinnigen
0;-0.0048;irrsinnigem
0;-0.0048;irrsinniges
0;-0.0048;irrsinnigstem
0;-0.0048;irrsinnigsten
0;-0.0048;irrsinnige
0;-0.0048;irrsinniger
0;-0.0048;irrsinnigerer
0;-0.0048;irrsinnigste
0;-0.0048;irrsinnigerem
0;-0.0048;irrsinnigeren
0;-0.0388;isolieren
0;-0.0388;isolierten
0;-0.0388;isolierst
0;-0.0388;isoliertest
0;-0.0388;isolierte
0;-0.0388;isolierest
0;-0.0388;isoliertet
0;-0.0388;isolieret
0;-0.0388;isoliere
0;-0.0388;isoliert
0;-0.0504;jammern
0;-0.0504;jammert
0;-0.0504;jammere
0;-0.0504;jammertet
0;-0.0504;jammertest
0;-0.0504;jammerten
0;-0.0504;gejammert
0;-0.0504;jammeren
0;-0.0504;jammerte
0;-0.0504;jammerst
0;-0.3089;jaehzornig
0;-0.3089;jaehzornigstes
0;-0.3089;jaehzornigeres
0;-0.3089;jaehzorniger
0;-0.3089;jaehzornigster
0;-0.3089;jaehzorniges
0;-0.3089;jaehzornigste
0;-0.3089;jaehzornigem
0;-0.3089;jaehzornige
0;-0.3089;jaehzornigen
0;-0.3089;jaehzornigerem
0;-0.3089;jaehzornigstem
0;-0.3089;jaehzornigsten
0;-0.3089;jaehzornigeren
0;-0.3089;jaehzornigerer
0;-0.3089;jaehzornigere
0;-0.171;kacken
0;-0.171;kacke
0;-0.171;kackst
0;-0.171;kackt
0;-0.171;kackest
0;-0.171;kacket
0;-0.171;kackte
0;-0.171;kacktest
0;-0.171;kackten
0;-0.171;kacktet
0;-0.171;gekackt
0;-0.0472;kahl
0;-0.0472;kahlste
0;-0.0472;kahleren
0;-0.0472;kahlerer
0;-0.0472;kahleres
0;-0.0472;kahlsten
0;-0.0472;kahler
0;-0.0472;kahlerem
0;-0.0472;kahlstem
0;-0.0472;kahlem
0;-0.0472;kahlen
0;-0.0472;kahle
0;-0.0472;kahlere
0;-0.0472;kahles
0;-0.0472;kahlstes
0;-0.0472;kahlster
0;-0.012;kalt
0;-0.012;kaelterer
0;-0.012;kaelteste
0;-0.012;kaelter
0;-0.012;kaelteres
0;-0.012;kaeltester
0;-0.012;kaeltestes
0;-0.012;kaelteren
0;-0.012;kaelterem
0;-0.012;kaltem
0;-0.012;kalten
0;-0.012;kaeltesten
0;-0.012;kaeltestem
0;-0.012;kaltes
0;-0.012;kaeltere
0;-0.012;kalte
0;-0.012;kalter
0;-0.0048;kaltherzig
0;-0.0048;kaltherziger
0;-0.0048;kaltherzige
0;-0.0048;kaltherziges
0;-0.0048;kaltherzigen
0;-0.0048;kaltherzigem
0;-0.0048;kaltherzigstes
0;-0.0048;kaltherzigste
0;-0.0048;kaltherzigerem
0;-0.0048;kaltherzigeren
0;-0.0048;kaltherzigstem
0;-0.0048;kaltherzigsten
0;-0.0048;kaltherzigster
0;-0.0048;kaltherzigeres
0;-0.0048;kaltherzigere
0;-0.0048;kaltherzigerer
0;-0.0048;kapitulieren
0;-0.0048;kapituliere
0;-0.0048;kapitulierst
0;-0.0048;kapituliert
0;-0.0048;kapitulierest
0;-0.0048;kapitulieret
0;-0.0048;kapitulierte
0;-0.0048;kapituliertest
0;-0.0048;kapitulierten
0;-0.0048;kapituliertet
0;-0.1513;kaputt
0;-0.1513;kaputtem
0;-0.1513;kaputten
0;-0.1513;kaputtestes
0;-0.1513;kaputtester
0;-0.1513;kaputteren
0;-0.1513;kaputtes
0;-0.1513;kaputter
0;-0.1513;kaputterem
0;-0.1513;kaputtesten
0;-0.1513;kaputterer
0;-0.1513;kaputtestem
0;-0.1513;kaputteres
0;-0.1513;kaputteste
0;-0.1513;kaputtere
0;-0.1513;kaputte
0;-0.4917;katastrophal
0;-0.4917;katastrophalere
0;-0.4917;katastrophales
0;-0.4917;katastrophale
0;-0.4917;katastrophalster
0;-0.4917;katastrophalerer
0;-0.4917;katastrophalstes
0;-0.4917;katastrophaler
0;-0.4917;katastrophaleres
0;-0.4917;katastrophalerem
0;-0.4917;katastrophaleren
0;-0.4917;katastrophalstem
0;-0.4917;katastrophalen
0;-0.4917;katastrophalsten
0;-0.4917;katastrophalem
0;-0.4917;katastrophalste
0;-0.0048;keimig
0;-0.0048;keimige
0;-0.0048;keimigem
0;-0.0048;keimigen
0;-0.0048;keimiger
0;-0.0048;keimiges
0;-0.0048;keimigere
0;-0.0048;keimigerem
0;-0.0048;keimigeren
0;-0.0048;keimigerer
0;-0.0048;keimigeres
0;-0.0048;keimigste
0;-0.0048;keimigstem
0;-0.0048;keimigsten
0;-0.0048;keimigster
0;-0.0048;keimigstes
0;-0.0048;kentern
0;-0.0048;kenterte
0;-0.0048;kentere
0;-0.0048;kenterst
0;-0.0048;kenteren
0;-0.0048;gekentert
0;-0.0048;kentertet
0;-0.0048;kentert
0;-0.0048;kenterten
0;-0.0048;kentertest
0;-0.1814;kippen
0;-0.1814;kippet
0;-0.1814;kippten
0;-0.1814;kipptest
0;-0.1814;kipptet
0;-0.1814;kippt
0;-0.1814;kippe
0;-0.1814;kippte
0;-0.1814;gekippt
0;-0.1814;kippst
0;-0.1814;kippest
0;-0.3565;klagen
0;-0.3565;klagt
0;-0.3565;klage
0;-0.3565;klagten
0;-0.3565;klagtest
0;-0.3565;klagst
0;-0.3565;klaget
0;-0.3565;klagest
0;-0.3565;klagte
0;-0.3565;klagtet
0;-0.3565;geklagt
0;-0.2715;klein
0;-0.2715;kleinerem
0;-0.2715;kleineren
0;-0.2715;kleiner
0;-0.2715;kleines
0;-0.2715;kleinen
0;-0.2715;kleine
0;-0.2715;kleinere
0;-0.2715;kleinem
0;-0.2715;kleinstes
0;-0.2715;kleinerer
0;-0.2715;kleinster
0;-0.2715;kleinstem
0;-0.2715;kleinsten
0;-0.2715;kleinste
0;-0.2715;kleineres
0;-0.0373;klobig
0;-0.0373;klobigere
0;-0.0373;klobigster
0;-0.0373;klobigstes
0;-0.0373;klobiges
0;-0.0373;klobigsten
0;-0.0373;klobigem
0;-0.0373;klobigeres
0;-0.0373;klobigen
0;-0.0373;klobigerer
0;-0.0373;klobigstem
0;-0.0373;klobiger
0;-0.0373;klobigeren
0;-0.0373;klobigerem
0;-0.0373;klobige
0;-0.0373;klobigste
0;-0.2036;knapp
0;-0.2036;knapperem
0;-0.2036;knapperen
0;-0.2036;knappere
0;-0.2036;knapperes
0;-0.2036;knapperer
0;-0.2036;knappem
0;-0.2036;knappste
0;-0.2036;knappstem
0;-0.2036;knappen
0;-0.2036;knappe
0;-0.2036;knappstes
0;-0.2036;knappes
0;-0.2036;knappster
0;-0.2036;knapper
0;-0.2036;knappsten
0;-0.0048;knurrig
0;-0.0048;knurrigster
0;-0.0048;knurrigstes
0;-0.0048;knurrigste
0;-0.0048;knurrigsten
0;-0.0048;knurrigstem
0;-0.0048;knurrige
0;-0.0048;knurrigere
0;-0.0048;knurrigerem
0;-0.0048;knurrigeren
0;-0.0048;knurrigem
0;-0.0048;knurrigen
0;-0.0048;knurrigerer
0;-0.0048;knurrigeres
0;-0.0048;knurriger
0;-0.0048;knurriges
0;-0.0048;kollabieren
0;-0.0048;kollabierten
0;-0.0048;kollabieret
0;-0.0048;kollabierest
0;-0.0048;kollabierst
0;-0.0048;kollabierte
0;-0.0048;kollabiere
0;-0.0048;kollabiertet
0;-0.0048;kollabiertest
0;-0.0048;kollabiert
0;-0.0048;kollidieren
0;-0.0048;kollidiertet
0;-0.0048;kollidiertest
0;-0.0048;kollidiert
0;-0.0048;kollidiere
0;-0.0048;kollidierten
0;-0.0048;kollidierest
0;-0.0048;kollidieret
0;-0.0048;kollidierte
0;-0.0048;kollidierst
0;-0.0384;kompliziert
0;-0.0384;komplizierteren
0;-0.0384;kompliziertester
0;-0.0384;komplizierterem
0;-0.0384;komplizierter
0;-0.0384;komplizierterer
0;-0.0384;kompliziertere
0;-0.0384;komplizierteres
0;-0.0384;kompliziertestem
0;-0.0384;kompliziertesten
0;-0.0384;kompliziertes
0;-0.0384;komplizierte
0;-0.0384;komplizierteste
0;-0.0384;kompliziertem
0;-0.0384;kompliziertestes
0;-0.0384;komplizierten
0;-0.0048;konfrontieren
0;-0.0048;konfrontiertet
0;-0.0048;konfrontiertest
0;-0.0048;konfrontierten
0;-0.0048;konfrontierte
0;-0.0048;konfrontierest
0;-0.0048;konfrontierst
0;-0.0048;konfrontieret
0;-0.0048;konfrontiere
0;-0.0048;konfrontiert
0;-0.0048;konkurrieren
0;-0.0048;konkurriere
0;-0.0048;konkurrierst
0;-0.0048;konkurriert
0;-0.0048;konkurrierrest
0;-0.0048;konkurrieret
0;-0.0048;konkurrierte
0;-0.0048;konkurriertest
0;-0.0048;konkurrierten
0;-0.0048;konkurriertet
0;-0.6272;kontraproduktiv
0;-0.6272;kontraproduktiveren
0;-0.6272;kontraproduktiverem
0;-0.6272;kontraproduktiverer
0;-0.6272;kontraproduktiveres
0;-0.6272;kontraproduktivste
0;-0.6272;kontraproduktivem
0;-0.6272;kontraproduktivstem
0;-0.6272;kontraproduktivsten
0;-0.6272;kontraproduktiven
0;-0.6272;kontraproduktivere
0;-0.6272;kontraproduktives
0;-0.6272;kontraproduktiver
0;-0.6272;kontraproduktivster
0;-0.6272;kontraproduktive
0;-0.6272;kontraproduktivstes
0;-0.3395;kontrovers
0;-0.3395;kontroverseste
0;-0.3395;kontroversen
0;-0.3395;kontroversere
0;-0.3395;kontroverseres
0;-0.3395;kontroverses
0;-0.3395;kontroverser
0;-0.3395;kontroverse
0;-0.3395;kontroverserer
0;-0.3395;kontroversestes
0;-0.3395;kontroversem
0;-0.3395;kontroversester
0;-0.3395;kontroversesten
0;-0.3395;kontroverseren
0;-0.3395;kontroversestem
0;-0.3395;kontroverserem
0;-0.4615;korrupt
0;-0.4615;korrupterer
0;-0.4615;korruptes
0;-0.4615;korrupter
0;-0.4615;korrupteste
0;-0.4615;korrupterem
0;-0.4615;korrupteren
0;-0.4615;korruptester
0;-0.4615;korruptestes
0;-0.4615;korruptesten
0;-0.4615;korrupteres
0;-0.4615;korruptestem
0;-0.4615;korruptere
0;-0.4615;korruptem
0;-0.4615;korrupte
0;-0.4615;korrupten
0;-0.0048;kostenintensiv
0;-0.0048;kostenintensiverem
0;-0.0048;kostenintensiveren
0;-0.0048;kostenintensiven
0;-0.0048;kostenintensivem
0;-0.0048;kostenintensivere
0;-0.0048;kostenintensivsten
0;-0.0048;kostenintensives
0;-0.0048;kostenintensive
0;-0.0048;kostenintensivstem
0;-0.0048;kostenintensivster
0;-0.0048;kostenintensivstes
0;-0.0048;kostenintensiver
0;-0.0048;kostenintensiveres
0;-0.0048;kostenintensiverer
0;-0.0048;kostenintensivste
0;-0.0048;kostspielig
0;-0.0048;kostspieligeres
0;-0.0048;kostspieligerer
0;-0.0048;kostspieligeren
0;-0.0048;kostspieligerem
0;-0.0048;kostspielige
0;-0.0048;kostspieliges
0;-0.0048;kostspieliger
0;-0.0048;kostspieligstes
0;-0.0048;kostspieligster
0;-0.0048;kostspieligste
0;-0.0048;kostspieligsten
0;-0.0048;kostspieligstem
0;-0.0048;kostspieligem
0;-0.0048;kostspieligen
0;-0.0048;kostspieligere
0;-0.0048;krachen
0;-0.0048;krachst
0;-0.0048;krachte
0;-0.0048;kracht
0;-0.0048;krache
0;-0.0048;krachten
0;-0.0048;krachest
0;-0.0048;krachtet
0;-0.0048;gekracht
0;-0.0048;krachtest
0;-0.0048;krachet
0;-0.3338;kraftlos
0;-0.3338;kraftlosesten
0;-0.3338;kraftlosestem
0;-0.3338;kraftlosestes
0;-0.3338;kraftloseres
0;-0.3338;kraftloserer
0;-0.3338;kraftlosester
0;-0.3338;kraftlosen
0;-0.3338;kraftloseren
0;-0.3338;kraftlosem
0;-0.3338;kraftloserem
0;-0.3338;kraftlose
0;-0.3338;kraftloser
0;-0.3338;kraftloses
0;-0.3338;kraftlosere
0;-0.3338;kraftloseste
0;-0.4694;krank
0;-0.4694;kraenkster
0;-0.4694;kranken
0;-0.4694;kraenkstes
0;-0.4694;kranker
0;-0.4694;kraenker
0;-0.4694;krankes
0;-0.4694;krankem
0;-0.4694;kraenkere
0;-0.4694;kraenkeren
0;-0.4694;kraenkste
0;-0.4694;kraenkstem
0;-0.4694;kraenksten
0;-0.4694;kraenkerer
0;-0.4694;kraenkeres
0;-0.4694;kraenkerem
0;-0.4694;kranke
0;-0.0048;kranken
0;-0.0048;kranktest
0;-0.0048;krank
0;-0.0048;kranktet
0;-0.0048;kranket
0;-0.0048;krankest
0;-0.0048;krankte
0;-0.0048;kranke
0;-0.0048;krankt
0;-0.0048;krankten
0;-0.0048;gekrankt
0;-0.1603;krass
0;-0.1603;krassere
0;-0.1603;krasse
0;-0.1603;krasseren
0;-0.1603;krasseres
0;-0.1603;krasserer
0;-0.1603;krassestes
0;-0.1603;krassem
0;-0.1603;krassester
0;-0.1603;krassen
0;-0.1603;krasserem
0;-0.1603;krasser
0;-0.1603;krasseste
0;-0.1603;krasses
0;-0.1603;krassestem
0;-0.1603;krassesten
0;-0.0048;kriechen
0;-0.0048;krieche
0;-0.0048;kriechst
0;-0.0048;kriecht
0;-0.0048;kriechest
0;-0.0048;kriechet
0;-0.0048;kroch
0;-0.0048;krochst
0;-0.0048;krochen
0;-0.0048;krocht
0;-0.0048;kroeche
0;-0.0048;kroechest
0;-0.0048;kroechst
0;-0.0048;kroechen
0;-0.0048;kroechet
0;-0.0048;kroecht
0;-0.0048;gekrochen
0;-0.0048;kriegerisch
0;-0.0048;kriegerische
0;-0.0048;kriegerischsten
0;-0.0048;kriegerischstem
0;-0.0048;kriegerischstes
0;-0.0048;kriegerischster
0;-0.0048;kriegerischeres
0;-0.0048;kriegerischerer
0;-0.0048;kriegerischerem
0;-0.0048;kriegerischere
0;-0.0048;kriegerischeren
0;-0.0048;kriegerischem
0;-0.0048;kriegerischen
0;-0.0048;kriegerischer
0;-0.0048;kriegerisches
0;-0.0048;kriegerischste
0;-0.4692;kriminell
0;-0.4692;kriminellen
0;-0.4692;kriminellere
0;-0.4692;kriminellem
0;-0.4692;kriminellerer
0;-0.4692;kriminellerem
0;-0.4692;kriminelleren
0;-0.4692;kriminellster
0;-0.4692;kriminellstes
0;-0.4692;kriminellstem
0;-0.4692;kriminellsten
0;-0.4692;kriminelle
0;-0.4692;kriminellste
0;-0.4692;kriminelleres
0;-0.4692;kriminelles
0;-0.4692;krimineller
0;-0.203;kritisch
0;-0.203;kritischerer
0;-0.203;kritischste
0;-0.203;kritischeres
0;-0.203;kritischsten
0;-0.203;kritischstem
0;-0.203;kritischster
0;-0.203;kritischerem
0;-0.203;kritischeren
0;-0.203;kritischer
0;-0.203;kritisches
0;-0.203;kritischstes
0;-0.203;kritischen
0;-0.203;kritischem
0;-0.203;kritischere
0;-0.203;kritische
0;-0.3466;kritisieren
0;-0.3466;kritisieret
0;-0.3466;kritisierest
0;-0.3466;kritisiertest
0;-0.3466;kritisierten
0;-0.3466;kritisierst
0;-0.3466;kritisiere
0;-0.3466;kritisiert
0;-0.3466;kritisierte
0;-0.3466;kritisiertet
0;-0.0048;krude
0;-0.0048;kruden
0;-0.0048;kruder
0;-0.0048;kruderes
0;-0.0048;krudes
0;-0.0048;kruderer
0;-0.0048;krudeste
0;-0.0048;krudester
0;-0.0048;krudest
0;-0.0048;kruderen
0;-0.0048;krudestes
0;-0.0048;kruderem
0;-0.0048;krudesten
0;-0.0048;krudere
0;-0.0048;krudestem
0;-0.0048;krudem
0;-0.0048;krude
0;-0.0426;krumm
0;-0.0426;krummeren
0;-0.0426;krummere
0;-0.0426;krummsten
0;-0.0426;krummen
0;-0.0426;krummem
0;-0.0426;krummster
0;-0.0426;krummstes
0;-0.0426;krummerem
0;-0.0426;krummer
0;-0.0426;krummerer
0;-0.0426;krummeres
0;-0.0426;krummstem
0;-0.0426;krummes
0;-0.0426;krumme
0;-0.0426;krummste
0;-0.0048;kraenkeln
0;-0.0048;kraenkelt
0;-0.0048;kraenkel
0;-0.0048;kraenkeltet
0;-0.0048;kraenkelten
0;-0.0048;kraenkelen
0;-0.0048;kraenkele
0;-0.0048;kraenkeltest
0;-0.0048;kraenkle
0;-0.0048;kraenkelte
0;-0.0048;kraenkelst
0;-0.0048;gekraenkelt
0;-0.0048;kraenken
0;-0.0048;kraenktest
0;-0.0048;kraenkte
0;-0.0048;kraenkt
0;-0.0048;kraenke
0;-0.0048;kraenkst
0;-0.0048;kraenkten
0;-0.0048;kraenket
0;-0.0048;gekraenkt
0;-0.0048;kraenktet
0;-0.0048;kraenkest
0;-0.3172;kraenklich
0;-0.3172;kraenklichen
0;-0.3172;kraenklichem
0;-0.3172;kraenkliches
0;-0.3172;kraenkliche
0;-0.3172;kraenklicher
0;-0.3172;kraenklichere
0;-0.3172;kraenklichstes
0;-0.3172;kraenklichster
0;-0.3172;kraenklicheres
0;-0.3172;kraenklichstem
0;-0.3172;kraenklicherer
0;-0.3172;kraenklichste
0;-0.3172;kraenklichsten
0;-0.3172;kraenklicheren
0;-0.3172;kraenklicherem
0;-0.0048;kurz
0;-0.0048;kurzem
0;-0.0048;kurzen
0;-0.0048;kurzer
0;-0.0048;kuerzeste
0;-0.0048;kuerzere
0;-0.0048;kuerzerer
0;-0.0048;kurze
0;-0.0048;kuerzeres
0;-0.0048;kuerzesten
0;-0.0048;kuerzer
0;-0.0048;kuerzestem
0;-0.0048;kuerzerem
0;-0.0048;kuerzeren
0;-0.0048;kurzes
0;-0.0048;kuerzester
0;-0.0048;kuerzestes
0;-0.4714;kurzsichtig
0;-0.4714;kurzsichtigster
0;-0.4714;kurzsichtigstes
0;-0.4714;kurzsichtigem
0;-0.4714;kurzsichtigerem
0;-0.4714;kurzsichtigeren
0;-0.4714;kurzsichtigen
0;-0.4714;kurzsichtigerer
0;-0.4714;kurzsichtigeres
0;-0.4714;kurzsichtiger
0;-0.4714;kurzsichtiges
0;-0.4714;kurzsichtigere
0;-0.4714;kurzsichtigste
0;-0.4714;kurzsichtigsten
0;-0.4714;kurzsichtige
0;-0.4714;kurzsichtigstem
0;-0.3467;kaempfen
0;-0.3467;kaempftest
0;-0.3467;kaempfe
0;-0.3467;kaempfest
0;-0.3467;kaempftet
0;-0.3467;gekaempft
0;-0.3467;kaempften
0;-0.3467;kaempfet
0;-0.3467;kaempft
0;-0.3467;kaempfte
0;-0.3467;kaempfst
0;-0.3208;kuemmerlich
0;-0.3208;kuemmerlichstes
0;-0.3208;kuemmerlichster
0;-0.3208;kuemmerlichstem
0;-0.3208;kuemmerlichsten
0;-0.3208;kuemmerlichste
0;-0.3208;kuemmerlicherem
0;-0.3208;kuemmerlicheren
0;-0.3208;kuemmerliche
0;-0.3208;kuemmerlichere
0;-0.3208;kuemmerlicher
0;-0.3208;kuemmerliches
0;-0.3208;kuemmerlichen
0;-0.3208;kuemmerlichem
0;-0.3208;kuemmerlicherer
0;-0.3208;kuemmerlicheres
0;-0.4947;kuendigen
0;-0.4947;kuendiget
0;-0.4947;kuendigest
0;-0.4947;kuendigtest
0;-0.4947;gekuendigt
0;-0.4947;kuendige
0;-0.4947;kuendigten
0;-0.4947;kuendigt
0;-0.4947;kuendigst
0;-0.4947;kuendigte
0;-0.4947;kuendigtet
0;-0.3439;kuerzen
0;-0.3439;kuerzest
0;-0.3439;kuerze
0;-0.3439;kuerzten
0;-0.3439;kuerzt
0;-0.3439;kuerzte
0;-0.3439;gekuerzt
0;-0.3439;kuerztet
0;-0.3439;kuerztest
0;-0.3439;kuerzet
0;-0.326;labil
0;-0.326;labilsten
0;-0.326;labilere
0;-0.326;labilstem
0;-0.326;labilster
0;-0.326;labilstes
0;-0.326;labiler
0;-0.326;labilerem
0;-0.326;labilste
0;-0.326;labileren
0;-0.326;labiles
0;-0.326;labilem
0;-0.326;labilen
0;-0.326;labile
0;-0.326;labilerer
0;-0.326;labileres
0;-0.3169;laienhaft
0;-0.3169;laienhafteren
0;-0.3169;laienhaftes
0;-0.3169;laienhaftesten
0;-0.3169;laienhafter
0;-0.3169;laienhafterem
0;-0.3169;laienhaftestem
0;-0.3169;laienhafteres
0;-0.3169;laienhafterer
0;-0.3169;laienhaftester
0;-0.3169;laienhafteste
0;-0.3169;laienhafte
0;-0.3169;laienhaftere
0;-0.3169;laienhaftestes
0;-0.3169;laienhaftem
0;-0.3169;laienhaften
0;-0.0048;lakonisch
0;-0.0048;lakonisches
0;-0.0048;lakonischstem
0;-0.0048;lakonischsten
0;-0.0048;lakonischer
0;-0.0048;lakonischere
0;-0.0048;lakonischeres
0;-0.0048;lakonischerer
0;-0.0048;lakonischeren
0;-0.0048;lakonischerem
0;-0.0048;lakonischstes
0;-0.0048;lakonische
0;-0.0048;lakonischem
0;-0.0048;lakonischster
0;-0.0048;lakonischen
0;-0.0048;lakonischste
0;-0.0048;langatmig
0;-0.0048;langatmiges
0;-0.0048;langatmige
0;-0.0048;langatmiger
0;-0.0048;langatmigerem
0;-0.0048;langatmigem
0;-0.0048;langatmigen
0;-0.0048;langatmigstem
0;-0.0048;langatmigeres
0;-0.0048;langatmigerer
0;-0.0048;langatmigsten
0;-0.0048;langatmigere
0;-0.0048;langatmigeren
0;-0.0048;langatmigste
0;-0.0048;langatmigstes
0;-0.0048;langatmigster
0;-0.0167;langsam
0;-0.0167;langsamsten
0;-0.0167;langsamste
0;-0.0167;langsamstem
0;-0.0167;langsamster
0;-0.0167;langsameren
0;-0.0167;langsame
0;-0.0167;langsamerem
0;-0.0167;langsamerer
0;-0.0167;langsames
0;-0.0167;langsamer
0;-0.0167;langsamem
0;-0.0167;langsamstes
0;-0.0167;langsameres
0;-0.0167;langsamere
0;-0.0167;langsamen
0;-0.0512;langweilen
0;-0.0512;langweile
0;-0.0512;gelangweilt
0;-0.0512;langweilten
0;-0.0512;langweilt
0;-0.0512;langweilte
0;-0.0512;langweilst
0;-0.0512;langweiltest
0;-0.0512;langweiltet
0;-0.0512;langweilet
0;-0.0512;langweilest
0;-0.0228;langweilig
0;-0.0228;langweiliges
0;-0.0228;langweiligster
0;-0.0228;langweiliger
0;-0.0228;langweiligerer
0;-0.0228;langweiligstes
0;-0.0228;langweilige
0;-0.0228;langweiligerem
0;-0.0228;langweiligeren
0;-0.0228;langweiligere
0;-0.0228;langweiligeres
0;-0.0228;langweiligstem
0;-0.0228;langweiligsten
0;-0.0228;langweiligen
0;-0.0228;langweiligem
0;-0.0228;langweiligste
0;-0.0048;lasch
0;-0.0048;laschstes
0;-0.0048;laschster
0;-0.0048;lasches
0;-0.0048;lascher
0;-0.0048;lascheste
0;-0.0048;laschester
0;-0.0048;laschestes
0;-0.0048;laschere
0;-0.0048;laschestem
0;-0.0048;laschesten
0;-0.0048;lasche
0;-0.0048;lascheres
0;-0.0048;laschen
0;-0.0048;laschste
0;-0.0048;lascherer
0;-0.0048;laschest
0;-0.0048;laschem
0;-0.0048;laschsten
0;-0.0048;lascherem
0;-0.0048;laschstem
0;-0.0048;lascheren
0;-0.0409;launisch
0;-0.0409;launischstes
0;-0.0409;launischeren
0;-0.0409;launischste
0;-0.0409;launischerem
0;-0.0409;launischster
0;-0.0409;launischerer
0;-0.0409;launischeres
0;-0.0409;launischsten
0;-0.0409;launischere
0;-0.0409;launischstem
0;-0.0409;launische
0;-0.0409;launischem
0;-0.0409;launischen
0;-0.0409;launischer
0;-0.0409;launisches
0;-0.0048;lebensfeindlich
0;-0.0048;lebensfeindlicherer
0;-0.0048;lebensfeindlichsten
0;-0.0048;lebensfeindlichstem
0;-0.0048;lebensfeindliche
0;-0.0048;lebensfeindlichster
0;-0.0048;lebensfeindlicheres
0;-0.0048;lebensfeindlichste
0;-0.0048;lebensfeindlicheren
0;-0.0048;lebensfeindlicherem
0;-0.0048;lebensfeindlichere
0;-0.0048;lebensfeindlichstes
0;-0.0048;lebensfeindlicher
0;-0.0048;lebensfeindliches
0;-0.0048;lebensfeindlichem
0;-0.0048;lebensfeindlichen
0;-0.0048;lebensgefaehrlich
0;-0.0048;lebensgefaehrlicheren
0;-0.0048;lebensgefaehrlicherem
0;-0.0048;lebensgefaehrlichste
0;-0.0048;lebensgefaehrlichere
0;-0.0048;lebensgefaehrlichen
0;-0.0048;lebensgefaehrlichstes
0;-0.0048;lebensgefaehrlichem
0;-0.0048;lebensgefaehrlicher
0;-0.0048;lebensgefaehrliches
0;-0.0048;lebensgefaehrlichstem
0;-0.0048;lebensgefaehrlichsten
0;-0.0048;lebensgefaehrliche
0;-0.0048;lebensgefaehrlicheres
0;-0.0048;lebensgefaehrlichster
0;-0.0048;lebensgefaehrlicherer
0;-0.049;leblos
0;-0.049;leblosestem
0;-0.049;lebloses
0;-0.049;lebloser
0;-0.049;leblosen
0;-0.049;leblosester
0;-0.049;leblosestes
0;-0.049;leblosesten
0;-0.049;lebloseren
0;-0.049;leblose
0;-0.049;lebloserem
0;-0.049;leblosere
0;-0.049;lebloserer
0;-0.049;lebloseres
0;-0.049;leblosem
0;-0.049;lebloseste
0;-0.025;leer
0;-0.025;leererem
0;-0.025;leere
0;-0.025;leereren
0;-0.025;leererer
0;-0.025;leereres
0;-0.025;leerstem
0;-0.025;leerem
0;-0.025;leeren
0;-0.025;leerstes
0;-0.025;leerster
0;-0.025;leerer
0;-0.025;leersten
0;-0.025;leeres
0;-0.025;leerste
0;-0.025;leerere
0;-0.0048;leichtglaeubig
0;-0.0048;leichtglaeubigere
0;-0.0048;leichtglaeubigeren
0;-0.0048;leichtglaeubigerem
0;-0.0048;leichtglaeubigerer
0;-0.0048;leichtglaeubigste
0;-0.0048;leichtglaeubigeres
0;-0.0048;leichtglaeubigstem
0;-0.0048;leichtglaeubigsten
0;-0.0048;leichtglaeubiger
0;-0.0048;leichtglaeubiges
0;-0.0048;leichtglaeubigen
0;-0.0048;leichtglaeubigstes
0;-0.0048;leichtglaeubigem
0;-0.0048;leichtglaeubige
0;-0.0048;leichtglaeubigster
0;-0.0048;leichtsinnig
0;-0.0048;leichtsinnige
0;-0.0048;leichtsinnigster
0;-0.0048;leichtsinnigstes
0;-0.0048;leichtsinnigeren
0;-0.0048;leichtsinnigerem
0;-0.0048;leichtsinnigerer
0;-0.0048;leichtsinnigste
0;-0.0048;leichtsinniges
0;-0.0048;leichtsinniger
0;-0.0048;leichtsinnigeres
0;-0.0048;leichtsinnigere
0;-0.0048;leichtsinnigem
0;-0.0048;leichtsinnigstem
0;-0.0048;leichtsinnigsten
0;-0.0048;leichtsinnigen
0;-0.1596;leiden
0;-0.1596;leide
0;-0.1596;leidest
0;-0.1596;leidet
0;-0.1596;litt
0;-0.1596;littest
0;-0.1596;litten
0;-0.1596;littet
0;-0.1596;litte
0;-0.1596;gelitten
0;-0.4787;nan
0;-0.0048;leistungsunfaehig
0;-0.0048;leistungsunfaehige
0;-0.0048;leistungsunfaehigem
0;-0.0048;leistungsunfaehigen
0;-0.0048;leistungsunfaehiger
0;-0.0048;leistungsunfaehiges
0;-0.0048;leistungsunfaehigere
0;-0.0048;leistungsunfaehigerem
0;-0.0048;leistungsunfaehigeren
0;-0.0048;leistungsunfaehigerer
0;-0.0048;leistungsunfaehigeres
0;-0.0048;leistungsunfaehigste
0;-0.0048;leistungsunfaehigstem
0;-0.0048;leistungsunfaehigsten
0;-0.0048;leistungsunfaehigster
0;-0.0048;leistungsunfaehigstes
0;-0.4862;leugnen
0;-0.4862;leugnetet
0;-0.4862;leugnest
0;-0.4862;leugnete
0;-0.4862;leugne
0;-0.4862;leugnetest
0;-0.4862;leugnet
0;-0.4862;leugneten
0;-0.4862;geleugnet
0;-0.4697;lieblos
0;-0.4697;liebloserem
0;-0.4697;lieblose
0;-0.4697;liebloseren
0;-0.4697;lieblosestem
0;-0.4697;lieblosesten
0;-0.4697;liebloses
0;-0.4697;lieblosester
0;-0.4697;lieblosestes
0;-0.4697;liebloser
0;-0.4697;lieblosem
0;-0.4697;lieblosen
0;-0.4697;lieblosere
0;-0.4697;liebloseste
0;-0.4697;liebloserer
0;-0.4697;liebloseres
0;-0.0048;liquidieren
0;-0.0048;liquidierten
0;-0.0048;liquidierest
0;-0.0048;liquidiere
0;-0.0048;liquidiert
0;-0.0048;liquidierte
0;-0.0048;liquidierst
0;-0.0048;liquidiertet
0;-0.0048;liquidiertest
0;-0.0048;liquidieret
0;-0.0048;loswerden
0;-0.0048;loswerde
0;-0.0048;loswirst
0;-0.0048;loswird
0;-0.0048;loswerdet
0;-0.0048;loswerdest
0;-0.0048;loswurde
0;-0.0048;loswurdest
0;-0.0048;loswurden
0;-0.0048;loswurdet
0;-0.0048;loswuerde
0;-0.0048;loswuerdest
0;-0.0048;loswuerden
0;-0.0048;loswuerdet
0;-0.0048;losgeworden
0;-0.0048;loszuwerden
0;-0.6435;laecherlich
0;-0.6435;laecherlichsten
0;-0.6435;laecherlichstem
0;-0.6435;laecherlicherem
0;-0.6435;laecherlicheren
0;-0.6435;laecherlichstes
0;-0.6435;laecherlichster
0;-0.6435;laecherliche
0;-0.6435;laecherlicherer
0;-0.6435;laecherlicheres
0;-0.6435;laecherlichste
0;-0.6435;laecherlicher
0;-0.6435;laecherliches
0;-0.6435;laecherlichem
0;-0.6435;laecherlichen
0;-0.6435;laecherlichere
0;-0.0366;laediert
0;-0.0366;laedierte
0;-0.0366;laediertere
0;-0.0366;laediertes
0;-0.0366;laediertem
0;-0.0366;laedierten
0;-0.0366;laedierteste
0;-0.0366;laedierter
0;-0.0366;laedierterem
0;-0.0366;laediertester
0;-0.0366;laedierteren
0;-0.0366;laediertestes
0;-0.0366;laedierteres
0;-0.0366;laedierterer
0;-0.0366;laediertesten
0;-0.0366;laediertestem
0;-0.0048;laehmen
0;-0.0048;laehmtest
0;-0.0048;laehmet
0;-0.0048;laehmt
0;-0.0048;laehmest
0;-0.0048;laehmten
0;-0.0048;laehmtet
0;-0.0048;laehmte
0;-0.0048;gelaehmt
0;-0.0048;laehmst
0;-0.0048;laehme
0;-0.0048;laeppisch
0;-0.0048;laeppischem
0;-0.0048;laeppischeren
0;-0.0048;laeppischerem
0;-0.0048;laeppischere
0;-0.0048;laeppischerer
0;-0.0048;laeppischeres
0;-0.0048;laeppischster
0;-0.0048;laeppischen
0;-0.0048;laeppischstes
0;-0.0048;laeppische
0;-0.0048;laeppischsten
0;-0.0048;laeppischste
0;-0.0048;laeppischstem
0;-0.0048;laeppischer
0;-0.0048;laeppisches
0;-0.1751;laestig
0;-0.1751;laestigen
0;-0.1751;laestigste
0;-0.1751;laestiger
0;-0.1751;laestigeren
0;-0.1751;laestigerem
0;-0.1751;laestiges
0;-0.1751;laestigsten
0;-0.1751;laestigstem
0;-0.1751;laestigster
0;-0.1751;laestigstes
0;-0.1751;laestigere
0;-0.1751;laestigeres
0;-0.1751;laestige
0;-0.1751;laestigerer
0;-0.1751;laestigem
0;-0.3654;loeschen
0;-0.3654;loeschet
0;-0.3654;loeschtest
0;-0.3654;loeschten
0;-0.3654;loescht
0;-0.3654;loeschte
0;-0.3654;loesche
0;-0.3654;loeschst
0;-0.3654;geloescht
0;-0.3654;loeschtet
0;-0.3654;loeschest
0;-0.4805;lueckenhaft
0;-0.4805;lueckenhafteste
0;-0.4805;lueckenhafte
0;-0.4805;lueckenhafteren
0;-0.4805;lueckenhafterem
0;-0.4805;lueckenhaftere
0;-0.4805;lueckenhaftester
0;-0.4805;lueckenhaftestes
0;-0.4805;lueckenhafterer
0;-0.4805;lueckenhafteres
0;-0.4805;lueckenhaftem
0;-0.4805;lueckenhaften
0;-0.4805;lueckenhaftes
0;-0.4805;lueckenhaftesten
0;-0.4805;lueckenhafter
0;-0.4805;lueckenhaftestem
0;-0.3351;machtlos
0;-0.3351;machtloserer
0;-0.3351;machtloserem
0;-0.3351;machtloseren
0;-0.3351;machtlosere
0;-0.3351;machtloses
0;-0.3351;machtloser
0;-0.3351;machtlosen
0;-0.3351;machtlosem
0;-0.3351;machtlosestem
0;-0.3351;machtlosesten
0;-0.3351;machtloseste
0;-0.3351;machtloseres
0;-0.3351;machtlosester
0;-0.3351;machtlosestes
0;-0.3351;machtlose
0;-0.0048;mager
0;-0.0048;magerere
0;-0.0048;magerer
0;-0.0048;magereren
0;-0.0048;magererer
0;-0.0048;magererem
0;-0.0048;magereres
0;-0.0048;magerstem
0;-0.0048;magersten
0;-0.0048;magerste
0;-0.0048;magerster
0;-0.0048;magerst
0;-0.0048;magerstes
0;-0.0048;magere
0;-0.0048;mageres
0;-0.0048;mageren
0;-0.0048;magerem
0;-0.0048;magern
0;-0.0048;magere
0;-0.0048;magerst
0;-0.0048;magert
0;-0.0048;magerest
0;-0.0048;mageret
0;-0.0048;magerte
0;-0.0048;magertest
0;-0.0048;magerten
0;-0.0048;magertet
0;-0.0048;gemagert
0;-0.0048;makelhaft
0;-0.0048;makelhafte
0;-0.0048;makelhaftem
0;-0.0048;makelhaften
0;-0.0048;makelhafter
0;-0.0048;makelhaftes
0;-0.0048;makelhaftere
0;-0.0048;makelhafterem
0;-0.0048;makelhafteren
0;-0.0048;makelhafterer
0;-0.0048;makelhafteres
0;-0.0048;makelhafteste
0;-0.0048;makelhaftestem
0;-0.0048;makelhaftesten
0;-0.0048;makelhaftester
0;-0.0048;makelhaftestes
0;-0.0048;mangelbehaftet
0;-0.0048;mangelbehaftete
0;-0.0048;mangelbehaftetem
0;-0.0048;mangelbehafteten
0;-0.0048;mangelbehafteter
0;-0.0048;mangelbehaftetes
0;-0.0048;mangelbehaftetere
0;-0.0048;mangelbehafteterem
0;-0.0048;mangelbehafteteren
0;-0.0048;mangelbehafteterer
0;-0.0048;mangelbehafteteres
0;-0.0048;mangelbehaftetste
0;-0.0048;mangelbehaftetstem
0;-0.0048;mangelbehaftetsten
0;-0.0048;mangelbehaftetster
0;-0.0048;mangelbehaftetstes
0;-0.3395;mangelhaft
0;-0.3395;mangelhaftere
0;-0.3395;mangelhafteres
0;-0.3395;mangelhafterer
0;-0.3395;mangelhaftestem
0;-0.3395;mangelhaftesten
0;-0.3395;mangelhafteren
0;-0.3395;mangelhaftes
0;-0.3395;mangelhafter
0;-0.3395;mangelhafterem
0;-0.3395;mangelhaftester
0;-0.3395;mangelhaftestes
0;-0.3395;mangelhaften
0;-0.3395;mangelhafte
0;-0.3395;mangelhaftem
0;-0.3395;mangelhafteste
0;-0.0048;mangeln
0;-0.0048;mangelst
0;-0.0048;mangelen
0;-0.0048;mangele
0;-0.0048;mangelten
0;-0.0048;mangeltest
0;-0.0048;mangelte
0;-0.0048;mangeltet
0;-0.0048;mangle
0;-0.0048;mangelt
0;-0.0048;mangel
0;-0.0048;gemangelt
0;-0.0048;manipulieren
0;-0.0048;manipuliere
0;-0.0048;manipulierst
0;-0.0048;manipuliert
0;-0.0048;manipulierest
0;-0.0048;manipulieret
0;-0.0048;manipulierte
0;-0.0048;manipuliertest
0;-0.0048;manipulierten
0;-0.0048;manipuliertet
0;-0.0048;matt
0;-0.0048;matteres
0;-0.0048;matterer
0;-0.0048;matterem
0;-0.0048;matter
0;-0.0048;mattes
0;-0.0048;matteren
0;-0.0048;mattestem
0;-0.0048;mattesten
0;-0.0048;matte
0;-0.0048;mattester
0;-0.0048;matteste
0;-0.0048;mattestes
0;-0.0048;mattere
0;-0.0048;matten
0;-0.0048;mattem
0;-0.1914;mau
0;-0.1914;maue
0;-0.1914;mauem
0;-0.1914;mauen
0;-0.1914;mauer
0;-0.1914;maues
0;-0.1914;mauster
0;-0.1914;mauestem
0;-0.1914;mauesten
0;-0.1914;mauere
0;-0.1914;mauste
0;-0.1965;masslos
0;-0.1965;massloseres
0;-0.1965;masslosere
0;-0.1965;massloses
0;-0.1965;massloser
0;-0.1965;masslosestes
0;-0.1965;masslosester
0;-0.1965;massloseste
0;-0.1965;masslosestem
0;-0.1965;masslosesten
0;-0.1965;massloserer
0;-0.1965;masslose
0;-0.1965;massloseren
0;-0.1965;masslosem
0;-0.1965;massloserem
0;-0.1965;masslosen
0;-0.031;meckern
0;-0.031;meckerte
0;-0.031;meckere
0;-0.031;meckerst
0;-0.031;meckeren
0;-0.031;meckertet
0;-0.031;gemeckert
0;-0.031;meckertest
0;-0.031;meckerten
0;-0.031;meckert
0;-0.332;meiden
0;-0.332;meide
0;-0.332;meidest
0;-0.332;meidet
0;-0.332;mied
0;-0.332;miedest
0;-0.332;miedst
0;-0.332;mieden
0;-0.332;miedet
0;-0.332;miede
0;-0.332;gemieden
0;-0.0048;melancholisch
0;-0.0048;melancholischste
0;-0.0048;melancholischstes
0;-0.0048;melancholischster
0;-0.0048;melancholischer
0;-0.0048;melancholischem
0;-0.0048;melancholischen
0;-0.0048;melancholischeren
0;-0.0048;melancholischstem
0;-0.0048;melancholischere
0;-0.0048;melancholisches
0;-0.0048;melancholischerer
0;-0.0048;melancholischeres
0;-0.0048;melancholischsten
0;-0.0048;melancholische
0;-0.0048;melancholischerem
0;-0.0048;melodramatisch
0;-0.0048;melodramatischeres
0;-0.0048;melodramatischer
0;-0.0048;melodramatischerer
0;-0.0048;melodramatisches
0;-0.0048;melodramatischere
0;-0.0048;melodramatischen
0;-0.0048;melodramatischstem
0;-0.0048;melodramatischsten
0;-0.0048;melodramatischster
0;-0.0048;melodramatischstes
0;-0.0048;melodramatische
0;-0.0048;melodramatischste
0;-0.0048;melodramatischem
0;-0.0048;melodramatischerem
0;-0.0048;melodramatischeren
0;-0.3144;menschenunwuerdig
0;-0.3144;menschenunwuerdigerer
0;-0.3144;menschenunwuerdigeres
0;-0.3144;menschenunwuerdigste
0;-0.3144;menschenunwuerdigstes
0;-0.3144;menschenunwuerdigsten
0;-0.3144;menschenunwuerdigen
0;-0.3144;menschenunwuerdigstem
0;-0.3144;menschenunwuerdigem
0;-0.3144;menschenunwuerdigster
0;-0.3144;menschenunwuerdiger
0;-0.3144;menschenunwuerdigeren
0;-0.3144;menschenunwuerdigere
0;-0.3144;menschenunwuerdigerem
0;-0.3144;menschenunwuerdiges
0;-0.3144;menschenunwuerdige
0;-0.0431;merkwuerdig
0;-0.0431;merkwuerdige
0;-0.0431;merkwuerdigere
0;-0.0431;merkwuerdigstem
0;-0.0431;merkwuerdiger
0;-0.0431;merkwuerdigeren
0;-0.0431;merkwuerdigerem
0;-0.0431;merkwuerdiges
0;-0.0431;merkwuerdigste
0;-0.0431;merkwuerdigen
0;-0.0431;merkwuerdigem
0;-0.0431;merkwuerdigerer
0;-0.0431;merkwuerdigeres
0;-0.0431;merkwuerdigsten
0;-0.0431;merkwuerdigstes
0;-0.0431;merkwuerdigster
0;-0.0048;mies
0;-0.0048;mieseste
0;-0.0048;miesere
0;-0.0048;mieses
0;-0.0048;mieserem
0;-0.0048;miesen
0;-0.0048;miesem
0;-0.0048;mieser
0;-0.0048;miese
0;-0.0048;miesestes
0;-0.0048;miesester
0;-0.0048;mieseren
0;-0.0048;miesesten
0;-0.0048;miesestem
0;-0.0048;mieserer
0;-0.0048;mieseres
0;-0.0048;miesepetrig
0;-0.0048;miesepetrigster
0;-0.0048;miesepetrigere
0;-0.0048;miesepetriges
0;-0.0048;miesepetrigstes
0;-0.0048;miesepetriger
0;-0.0048;miesepetrigste
0;-0.0048;miesepetrigeres
0;-0.0048;miesepetrigerer
0;-0.0048;miesepetrigsten
0;-0.0048;miesepetrigeren
0;-0.0048;miesepetrigem
0;-0.0048;miesepetrigerem
0;-0.0048;miesepetrigen
0;-0.0048;miesepetrigstem
0;-0.0048;miesepetrige
0;-0.057;mindern
0;-0.057;minderen
0;-0.057;mindertet
0;-0.057;gemindert
0;-0.057;minderst
0;-0.057;minderten
0;-0.057;minderte
0;-0.057;mindertest
0;-0.057;mindert
0;-0.057;mindere
0;-0.613;minderwertig
0;-0.613;minderwertiges
0;-0.613;minderwertigster
0;-0.613;minderwertiger
0;-0.613;minderwertigstes
0;-0.613;minderwertigstem
0;-0.613;minderwertigsten
0;-0.613;minderwertige
0;-0.613;minderwertigen
0;-0.613;minderwertigem
0;-0.613;minderwertigerer
0;-0.613;minderwertigeren
0;-0.613;minderwertigerem
0;-0.613;minderwertigere
0;-0.613;minderwertigste
0;-0.613;minderwertigeres
0;-0.2004;miserabel
0;-0.2004;miserablen
0;-0.2004;miserabler
0;-0.2004;miserables
0;-0.2004;miserablerem
0;-0.2004;miserableren
0;-0.2004;miserablere
0;-0.2004;miserable
0;-0.2004;miserabelster
0;-0.2004;miserableres
0;-0.2004;miserabelste
0;-0.2004;miserabelstes
0;-0.2004;miserablerer
0;-0.2004;miserabelsten
0;-0.2004;miserabelstem
0;-0.2004;miserablem
0;-0.0048;missachten
0;-0.0048;missachte
0;-0.0048;missachtest
0;-0.0048;missachtet
0;-0.0048;missachtete
0;-0.0048;missachtetest
0;-0.0048;missachteten
0;-0.0048;missachtetet
0;-0.0048;missachten
0;-0.0048;missachte
0;-0.0048;missachtest
0;-0.0048;missachtet
0;-0.0048;missachtete
0;-0.0048;missachtetest
0;-0.0048;missachteten
0;-0.0048;missachtetet
0;-0.0048;missbrauchen
0;-0.0048;missbrauche
0;-0.0048;missbrauchst
0;-0.0048;missbraucht
0;-0.0048;missbrauchest
0;-0.0048;missbrauchet
0;-0.0048;missbrauchte
0;-0.0048;missbrauchtest
0;-0.0048;missbrauchten
0;-0.0048;missbrauchtet
0;-0.0048;missbrauchen
0;-0.0048;missbrauche
0;-0.0048;missbrauchst
0;-0.0048;missbraucht
0;-0.0048;missbrauchet
0;-0.0048;missbrauchest
0;-0.0048;missbrauchte
0;-0.0048;missbrauchtest
0;-0.0048;missbrauchten
0;-0.0048;missbrauchtet
0;-0.0048;missfallen
0;-0.0048;missfalle
0;-0.0048;missfaellst
0;-0.0048;missfaellt
0;-0.0048;missfallt
0;-0.0048;missfallest
0;-0.0048;missfallet
0;-0.0048;missfiel
0;-0.0048;missfielst
0;-0.0048;missfielen
0;-0.0048;missfielt
0;-0.0048;missfiele
0;-0.0048;missfielest
0;-0.0048;missfielet
0;-0.0048;missfallen
0;-0.0048;missfalle
0;-0.0048;missfaellst
0;-0.0048;missfaellt
0;-0.0048;missfallt
0;-0.0048;missfallest
0;-0.0048;missfallet
0;-0.0048;missfiel
0;-0.0048;missfielst
0;-0.0048;missfielen
0;-0.0048;missfielt
0;-0.0048;missfiele
0;-0.0048;missfielest
0;-0.0048;missfielet
0;-0.297;missgelaunt
0;-0.297;missgelaunteren
0;-0.297;missgelaunterem
0;-0.297;missgelaunterer
0;-0.297;missgelaunteres
0;-0.297;missgelaunten
0;-0.297;missgelauntem
0;-0.297;missgelauntes
0;-0.297;missgelaunter
0;-0.297;missgelaunte
0;-0.297;missgelaunteste
0;-0.297;missgelauntester
0;-0.297;missgelauntestem
0;-0.297;missgelauntesten
0;-0.297;missgelauntestes
0;-0.297;missgelauntere
0;-0.0048;missgluecken
0;-0.0048;missgluecke
0;-0.0048;missglueckst
0;-0.0048;missglueckt
0;-0.0048;missglueckest
0;-0.0048;missgluecket
0;-0.0048;missglueckte
0;-0.0048;missgluecktest
0;-0.0048;missglueckten
0;-0.0048;missgluecktet
0;-0.0048;missgluecken
0;-0.0048;missgluecke
0;-0.0048;missglueckst
0;-0.0048;missglueckt
0;-0.0048;missglueckest
0;-0.0048;missgluecket
0;-0.0048;missglueckte
0;-0.0048;missgluecktest
0;-0.0048;missglueckten
0;-0.0048;missgluecktet
0;-0.0048;misslingen
0;-0.0048;misslinge
0;-0.0048;misslingst
0;-0.0048;misslingt
0;-0.0048;misslingest
0;-0.0048;misslinget
0;-0.0048;misslang
0;-0.0048;misslangst
0;-0.0048;misslangen
0;-0.0048;misslangt
0;-0.0048;mislaenge
0;-0.0048;misslaengest
0;-0.0048;misslaengst
0;-0.0048;misslaengen
0;-0.0048;misslaenget
0;-0.0048;misslaengt
0;-0.0048;misslungen
0;-0.0048;misslingen
0;-0.0048;misslinge
0;-0.0048;misslingst
0;-0.0048;misslingt
0;-0.0048;misslingest
0;-0.0048;misslinget
0;-0.0048;misslang
0;-0.0048;misslangst
0;-0.0048;misslangen
0;-0.0048;misslangt
0;-0.0048;misslaenge
0;-0.0048;misslaengest
0;-0.0048;misslaengst
0;-0.0048;misslaengen
0;-0.0048;misslaenget
0;-0.0048;misslaengt
0;-0.0048;misslungen
0;-0.3166;missmutig
0;-0.3166;missmutige
0;-0.3166;missmutigem
0;-0.3166;missmutigen
0;-0.3166;missmutiger
0;-0.3166;missmutiges
0;-0.3166;missmutigere
0;-0.3166;missmutigerem
0;-0.3166;missmutigeren
0;-0.3166;missmutigerer
0;-0.3166;missmutigeres
0;-0.3166;missmutigste
0;-0.3166;missmutigstem
0;-0.3166;missmutigsten
0;-0.3166;missmutigster
0;-0.3166;missmutigstes
0;-0.3166;missmutig
0;-0.3166;missmutige
0;-0.3166;missmutigem
0;-0.3166;missmutigen
0;-0.3166;missmutiger
0;-0.3166;missmutiges
0;-0.3166;missmutigere
0;-0.3166;missmutigerem
0;-0.3166;missmutigeren
0;-0.3166;missmutigerer
0;-0.3166;missmutigeres
0;-0.3166;missmutigste
0;-0.3166;missmutigstem
0;-0.3166;missmutigsten
0;-0.3166;missmutigster
0;-0.3166;missmutigstes
0;-0.0048;missraten
0;-0.0048;missratenes
0;-0.0048;missratensten
0;-0.0048;missratenstem
0;-0.0048;missratenere
0;-0.0048;missratener
0;-0.0048;missrateneres
0;-0.0048;missrateneren
0;-0.0048;missratenerer
0;-0.0048;missratene
0;-0.0048;missratenerem
0;-0.0048;missratenste
0;-0.0048;missratenstes
0;-0.0048;missratenem
0;-0.0048;missratenster
0;-0.0048;missratenen
0;-0.3333;misstrauisch
0;-0.3333;misstrauische
0;-0.3333;misstrauischem
0;-0.3333;misstrauischen
0;-0.3333;misstrauischer
0;-0.3333;misstrauisches
0;-0.3333;misstrauischere
0;-0.3333;misstrauischerem
0;-0.3333;misstrauischeren
0;-0.3333;misstrauischerer
0;-0.3333;misstrauischeres
0;-0.3333;misstrauischste
0;-0.3333;misstrauischstem
0;-0.3333;misstrauischsten
0;-0.3333;misstrauischster
0;-0.3333;misstrauischstes
0;-0.3202;missverstehen
0;-0.3202;missverstehe
0;-0.3202;missverstehst
0;-0.3202;missversteht
0;-0.3202;missverstehest
0;-0.3202;missverstehet
0;-0.3202;missverstand
0;-0.3202;missverstandest
0;-0.3202;missverstandst
0;-0.3202;missverstanden
0;-0.3202;missverstandet
0;-0.3202;missverstaende
0;-0.3202;missverstuende
0;-0.3202;missverstaendest
0;-0.3202;missverstuendest
0;-0.3202;missverstaenden
0;-0.3202;missverstuenden
0;-0.3202;missverstaendet
0;-0.3202;missverstuendet
0;-0.1723;misten
0;-0.1723;miste
0;-0.1723;mistest
0;-0.1723;mistet
0;-0.1723;mistete
0;-0.1723;mistetest
0;-0.1723;misteten
0;-0.1723;mistetet
0;-0.1723;gemistet
0;-0.0048;mittellos
0;-0.0048;mittelloserer
0;-0.0048;mittelloserem
0;-0.0048;mittelloseren
0;-0.0048;mittellosester
0;-0.0048;mittellosestes
0;-0.0048;mittellosestem
0;-0.0048;mittellosesten
0;-0.0048;mittelloseres
0;-0.0048;mittelloser
0;-0.0048;mittelloses
0;-0.0048;mittellose
0;-0.0048;mittellosere
0;-0.0048;mittellosen
0;-0.0048;mittelloseste
0;-0.0048;mittellosem
0;-0.1871;mittelmaessig
0;-0.1871;mittelmaessigstem
0;-0.1871;mittelmaessigsten
0;-0.1871;mittelmaessigem
0;-0.1871;mittelmaessigerem
0;-0.1871;mittelmaessigeren
0;-0.1871;mittelmaessigeres
0;-0.1871;mittelmaessigen
0;-0.1871;mittelmaessigerer
0;-0.1871;mittelmaessige
0;-0.1871;mittelmaessigste
0;-0.1871;mittelmaessiges
0;-0.1871;mittelmaessiger
0;-0.1871;mittelmaessigere
0;-0.1871;mittelmaessigster
0;-0.1871;mittelmaessigstes
0;-0.0533;monoton
0;-0.0533;monotonerer
0;-0.0533;monotoneres
0;-0.0533;monotonstem
0;-0.0533;monotonere
0;-0.0533;monotonsten
0;-0.0533;monotone
0;-0.0533;monotonerem
0;-0.0533;monotonstes
0;-0.0533;monotoneren
0;-0.0533;monotonster
0;-0.0533;monotoner
0;-0.0533;monotones
0;-0.0533;monotonste
0;-0.0533;monotonem
0;-0.0533;monotonen
0;-0.0048;morbid
0;-0.0048;morbiden
0;-0.0048;morbidem
0;-0.0048;morbide
0;-0.0048;morbideste
0;-0.0048;morbidestem
0;-0.0048;morbidesten
0;-0.0048;morbider
0;-0.0048;morbides
0;-0.0048;morbidestes
0;-0.0048;morbidester
0;-0.0048;morbidere
0;-0.0048;morbiderer
0;-0.0048;morbideren
0;-0.0048;morbiderem
0;-0.0048;morbideres
0;-0.0048;morden
0;-0.0048;morde
0;-0.0048;gemordet
0;-0.0048;mordtest
0;-0.0048;mordete
0;-0.0048;mordtet
0;-0.0048;mordetet
0;-0.0048;mordten
0;-0.0048;mordet
0;-0.0048;mordeten
0;-0.0048;mordetest
0;-0.0048;mordte
0;-0.0048;mordest
0;-0.0496;murren
0;-0.0496;murrtest
0;-0.0496;murrtet
0;-0.0496;murre
0;-0.0496;murrte
0;-0.0496;murrt
0;-0.0496;murrst
0;-0.0496;murrest
0;-0.0496;gemurrt
0;-0.0496;murrten
0;-0.0496;murret
0;-0.0048;mutlos
0;-0.0048;mutlosem
0;-0.0048;mutloserem
0;-0.0048;mutlosen
0;-0.0048;mutloseren
0;-0.0048;mutloseres
0;-0.0048;mutloserer
0;-0.0048;mutlosere
0;-0.0048;mutloseste
0;-0.0048;mutlosestes
0;-0.0048;mutlosestem
0;-0.0048;mutlosesten
0;-0.0048;mutlosester
0;-0.0048;mutlose
0;-0.0048;mutloser
0;-0.0048;mutloses
0;-0.0384;moerderisch
0;-0.0384;moerderischere
0;-0.0384;moerderischstem
0;-0.0384;moerderischsten
0;-0.0384;moerderischeren
0;-0.0384;moerderischerem
0;-0.0384;moerderischster
0;-0.0384;moerderischstes
0;-0.0384;moerderischste
0;-0.0384;moerderische
0;-0.0384;moerderischen
0;-0.0384;moerderischeres
0;-0.0384;moerderisches
0;-0.0384;moerderischer
0;-0.0384;moerderischem
0;-0.0384;moerderischerer
0;-0.0048;muede
0;-0.0048;muederer
0;-0.0048;muederem
0;-0.0048;muederen
0;-0.0048;muedes
0;-0.0048;muedeste
0;-0.0048;mueder
0;-0.0048;muedere
0;-0.0048;mueden
0;-0.0048;muedem
0;-0.0048;muedestem
0;-0.0048;muedesten
0;-0.0048;muedester
0;-0.0048;muedestes
0;-0.0048;muederes
0;-0.3336;muehsam
0;-0.3336;muehsamere
0;-0.3336;muehsames
0;-0.3336;muehsamer
0;-0.3336;muehsamerem
0;-0.3336;muehsamstem
0;-0.3336;muehsameren
0;-0.3336;muehsamsten
0;-0.3336;muehsameres
0;-0.3336;muehsamerer
0;-0.3336;muehsamstes
0;-0.3336;muehsamster
0;-0.3336;muehsamem
0;-0.3336;muehsamen
0;-0.3336;muehsamste
0;-0.3336;muehsame
0;-0.4658;muerrisch
0;-0.4658;muerrischere
0;-0.4658;muerrischerem
0;-0.4658;muerrischeren
0;-0.4658;muerrischerer
0;-0.4658;muerrischeres
0;-0.4658;muerrischen
0;-0.4658;muerrischem
0;-0.4658;muerrischstem
0;-0.4658;muerrischsten
0;-0.4658;muerrisches
0;-0.4658;muerrische
0;-0.4658;muerrischster
0;-0.4658;muerrischstes
0;-0.4658;muerrischer
0;-0.4658;muerrischste
0;-0.0048;nachlassen
0;-0.0048;nachlasse
0;-0.0048;nachlaesst
0;-0.0048;nachlaesst
0;-0.0048;nachlasst
0;-0.0048;nachlasst
0;-0.0048;nachlassest
0;-0.0048;nachlasset
0;-0.0048;nachliess
0;-0.0048;nachliessest
0;-0.0048;nachliesst
0;-0.0048;nachliessen
0;-0.0048;nachliesset
0;-0.0048;nachgelassen
0;-0.3307;nachlaessig
0;-0.3307;nachlaessige
0;-0.3307;nachlaessigste
0;-0.3307;nachlaessigere
0;-0.3307;nachlaessigerer
0;-0.3307;nachlaessigeres
0;-0.3307;nachlaessigsten
0;-0.3307;nachlaessiges
0;-0.3307;nachlaessiger
0;-0.3307;nachlaessigstes
0;-0.3307;nachlaessigster
0;-0.3307;nachlaessigen
0;-0.3307;nachlaessigem
0;-0.3307;nachlaessigerem
0;-0.3307;nachlaessigeren
0;-0.3307;nachlaessigstem
0;-0.3357;nachteilig
0;-0.3357;nachteiligster
0;-0.3357;nachteiligstes
0;-0.3357;nachteiliger
0;-0.3357;nachteiligerem
0;-0.3357;nachteiligen
0;-0.3357;nachteiligem
0;-0.3357;nachteiligstem
0;-0.3357;nachteiligsten
0;-0.3357;nachteiliges
0;-0.3357;nachteiligere
0;-0.3357;nachteilige
0;-0.3357;nachteiligeren
0;-0.3357;nachteiligste
0;-0.3357;nachteiligerer
0;-0.3357;nachteiligeres
0;-0.0675;naiv
0;-0.0675;naivsten
0;-0.0675;naivstem
0;-0.0675;naivster
0;-0.0675;naiveres
0;-0.0675;naivstes
0;-0.0675;naiverer
0;-0.0675;naivere
0;-0.0675;naiveren
0;-0.0675;naiverem
0;-0.0675;naive
0;-0.0675;naives
0;-0.0675;naiver
0;-0.0675;naivste
0;-0.0675;naivem
0;-0.0675;naiven
0;-0.4949;negativ
0;-0.4949;negativste
0;-0.4949;negativere
0;-0.4949;negativer
0;-0.4949;negatives
0;-0.4949;negativem
0;-0.4949;negativen
0;-0.4949;negativerem
0;-0.4949;negativeren
0;-0.4949;negativstes
0;-0.4949;negativster
0;-0.4949;negativerer
0;-0.4949;negative
0;-0.4949;negativeres
0;-0.4949;negativsten
0;-0.4949;negativstem
0;-0.0048;neidisch
0;-0.0048;neidischerem
0;-0.0048;neidischeren
0;-0.0048;neidischstes
0;-0.0048;neidischeres
0;-0.0048;neidischere
0;-0.0048;neidischste
0;-0.0048;neidischerer
0;-0.0048;neidische
0;-0.0048;neidischen
0;-0.0048;neidischem
0;-0.0048;neidischster
0;-0.0048;neidisches
0;-0.0048;neidischer
0;-0.0048;neidischstem
0;-0.0048;neidischsten
0;-0.1374;nerven
0;-0.1374;nerve
0;-0.1374;nervst
0;-0.1374;nervt
0;-0.1374;nervest
0;-0.1374;nervet
0;-0.1374;nervte
0;-0.1374;nervtest
0;-0.1374;nervten
0;-0.1374;nervtet
0;-0.1374;genervt
0;-0.0376;nervenaufreibend
0;-0.0376;nervenaufreibende
0;-0.0376;nervenaufreibendstes
0;-0.0376;nervenaufreibenden
0;-0.0376;nervenaufreibendem
0;-0.0376;nervenaufreibender
0;-0.0376;nervenaufreibendes
0;-0.0376;nervenaufreibendere
0;-0.0376;nervenaufreibenderem
0;-0.0376;nervenaufreibenderen
0;-0.0376;nervenaufreibenderes
0;-0.0376;nervenaufreibendster
0;-0.0376;nervenaufreibendsten
0;-0.0376;nervenaufreibenderer
0;-0.0376;nervenaufreibendste
0;-0.0376;nervenaufreibendstem
0;-0.0048;nervig
0;-0.0048;nervigerem
0;-0.0048;nervigeren
0;-0.0048;nervigste
0;-0.0048;nerviger
0;-0.0048;nerviges
0;-0.0048;nervigem
0;-0.0048;nervigen
0;-0.0048;nervigstes
0;-0.0048;nervigster
0;-0.0048;nervigsten
0;-0.0048;nervigstem
0;-0.0048;nervigere
0;-0.0048;nervige
0;-0.0048;nervigeres
0;-0.0048;nervigerer
0;-0.0042;nervoes
0;-0.0042;nervoeseste
0;-0.0042;nervoeseren
0;-0.0042;nervoeserem
0;-0.0042;nervoesem
0;-0.0042;nervoesen
0;-0.0042;nervoesere
0;-0.0042;nervoeses
0;-0.0042;nervoeser
0;-0.0042;nervoesesten
0;-0.0042;nervoesestem
0;-0.0042;nervoeseres
0;-0.0042;nervoesestes
0;-0.0042;nervoeserer
0;-0.0042;nervoese
0;-0.0042;nervoesester
0;-0.1892;neutralisieren
0;-0.1892;neutralisiert
0;-0.1892;neutralisiertest
0;-0.1892;neutralisiertet
0;-0.1892;neutralisierte
0;-0.1892;neutralisierten
0;-0.1892;neutralisierst
0;-0.1892;neutralisieret
0;-0.1892;neutralisierest
0;-0.1892;neutralisiere
0;-0.4708;niedergeschlagen
0;-0.4708;niedergeschlagener
0;-0.4708;niedergeschlagenerer
0;-0.4708;niedergeschlageneres
0;-0.4708;niedergeschlagenerem
0;-0.4708;niedergeschlageneren
0;-0.4708;niedergeschlagenere
0;-0.4708;niedergeschlagene
0;-0.4708;niedergeschlagenem
0;-0.4708;niedergeschlagenen
0;-0.4708;niedergeschlagenes
0;-0.4708;niedergeschlagenste
0;-0.4708;niedergeschlagenster
0;-0.4708;niedergeschlagenstes
0;-0.4708;niedergeschlagensten
0;-0.4708;niedergeschlagenstem
0;-0.0048;niedergleitend
0;-0.0048;niedergleitende
0;-0.0048;niedergleitendem
0;-0.0048;niedergleitenden
0;-0.0048;niedergleitender
0;-0.0048;niedergleitendes
0;-0.0048;niedergleitendere
0;-0.0048;niedergleitenderem
0;-0.0048;niedergleitenderen
0;-0.0048;niedergleitenderer
0;-0.0048;niedergleitenderes
0;-0.0048;niedergleitendste
0;-0.0048;niedergleitendstem
0;-0.0048;niedergleitendsten
0;-0.0048;niedergleitendster
0;-0.0048;niedergleitendstes
0;-0.1871;niederschlagen
0;-0.1871;niederschlage
0;-0.1871;niederschlaegst
0;-0.1871;niederschlaegt
0;-0.1871;niederschlagt
0;-0.1871;niederschlagest
0;-0.1871;niederschlaget
0;-0.1871;niederschlug
0;-0.1871;niederschlugst
0;-0.1871;niederschlugen
0;-0.1871;niederschlugt
0;-0.1871;niederschluege
0;-0.1871;niederschluegest
0;-0.1871;niederschluegst
0;-0.1871;niederschluegen
0;-0.1871;niederschlueget
0;-0.1871;niederschluegt
0;-0.1871;niedergeschlagen
0;-0.0436;niederschmetternd
0;-0.0436;niederschmetternde
0;-0.0436;niederschmetterndem
0;-0.0436;niederschmetternden
0;-0.0436;niederschmetternder
0;-0.0436;niederschmetterndes
0;-0.0436;niederschmetterndere
0;-0.0436;niederschmetternderem
0;-0.0436;niederschmetternderen
0;-0.0436;niederschmetternderer
0;-0.0436;niederschmetternderes
0;-0.0436;niederschmetterndste
0;-0.0436;niederschmetterndstem
0;-0.0436;niederschmetterndsten
0;-0.0436;niederschmetterndster
0;-0.0436;niederschmetterndstes
0;-0.45;niedertraechtig
0;-0.45;niedertraechtiger
0;-0.45;niedertraechtiges
0;-0.45;niedertraechtigere
0;-0.45;niedertraechtigem
0;-0.45;niedertraechtigen
0;-0.45;niedertraechtigster
0;-0.45;niedertraechtigstes
0;-0.45;niedertraechtigeres
0;-0.45;niedertraechtigerer
0;-0.45;niedertraechtigsten
0;-0.45;niedertraechtige
0;-0.45;niedertraechtigerem
0;-0.45;niedertraechtigste
0;-0.45;niedertraechtigstem
0;-0.45;niedertraechtigeren
0;-0.3623;niedrig
0;-0.3623;niedrige
0;-0.3623;niedrigster
0;-0.3623;niedrigeren
0;-0.3623;niedrigstes
0;-0.3623;niedrigerem
0;-0.3623;niedrigstem
0;-0.3623;niedrigsten
0;-0.3623;niedriger
0;-0.3623;niedriges
0;-0.3623;niedrigste
0;-0.3623;niedrigere
0;-0.3623;niedrigen
0;-0.3623;niedrigem
0;-0.3623;niedrigeres
0;-0.3623;niedrigerer
0;-0.485;nutzlos
0;-0.485;nutzlosester
0;-0.485;nutzlosestes
0;-0.485;nutzlose
0;-0.485;nutzloseren
0;-0.485;nutzloserem
0;-0.485;nutzlosere
0;-0.485;nutzloserer
0;-0.485;nutzloses
0;-0.485;nutzloser
0;-0.485;nutzloseres
0;-0.485;nutzlosen
0;-0.485;nutzlosem
0;-0.485;nutzloseste
0;-0.485;nutzlosestem
0;-0.485;nutzlosesten
0;-0.0443;naerrisch
0;-0.0443;naerrischem
0;-0.0443;naerrischste
0;-0.0443;naerrischsten
0;-0.0443;naerrischen
0;-0.0443;naerrischstem
0;-0.0443;naerrischerer
0;-0.0443;naerrischerem
0;-0.0443;naerrischeren
0;-0.0443;naerrische
0;-0.0443;naerrischere
0;-0.0443;naerrischeres
0;-0.0443;naerrischstes
0;-0.0443;naerrischer
0;-0.0443;naerrischster
0;-0.0443;naerrisches
0;-0.1789;noergeln
0;-0.1789;noergeltet
0;-0.1789;noergel
0;-0.1789;noergelen
0;-0.1789;noergelt
0;-0.1789;noergele
0;-0.1789;noergelten
0;-0.1789;noergle
0;-0.1789;noergelte
0;-0.1789;noergeltest
0;-0.1789;noergelst
0;-0.1789;genoergelt
0;-0.0048;noetigen
0;-0.0048;noetigtet
0;-0.0048;noetiget
0;-0.0048;noetige
0;-0.0048;noetigt
0;-0.0048;noetigtest
0;-0.0048;noetigest
0;-0.0048;genoetigt
0;-0.0048;noetigten
0;-0.0048;noetigte
0;-0.0048;noetigst
0;-0.1794;oberflaechlich
0;-0.1794;oberflaechliche
0;-0.1794;oberflaechlichem
0;-0.1794;oberflaechlichen
0;-0.1794;oberflaechlicher
0;-0.1794;oberflaechliches
0;-0.1794;oberflaechlichere
0;-0.1794;oberflaechlicherem
0;-0.1794;oberflaechlicheren
0;-0.1794;oberflaechlicherer
0;-0.1794;oberflaechlicheres
0;-0.1794;oberflaechlichste
0;-0.1794;oberflaechlichstem
0;-0.1794;oberflaechlichsten
0;-0.1794;oberflaechlichster
0;-0.1794;oberflaechlichstes
0;-0.0048;ominoes
0;-0.0048;ominoesestem
0;-0.0048;ominoesesten
0;-0.0048;ominoesem
0;-0.0048;ominoesen
0;-0.0048;ominoesere
0;-0.0048;ominoeser
0;-0.0048;ominoeses
0;-0.0048;ominoeseste
0;-0.0048;ominoeserem
0;-0.0048;ominoeseren
0;-0.0048;ominoesestes
0;-0.0048;ominoese
0;-0.0048;ominoeserer
0;-0.0048;ominoeseres
0;-0.0048;ominoesester
0;-0.171;ordnungswidrig
0;-0.171;ordnungswidrigste
0;-0.171;ordnungswidrige
0;-0.171;ordnungswidrigeres
0;-0.171;ordnungswidrigerer
0;-0.171;ordnungswidrigere
0;-0.171;ordnungswidriger
0;-0.171;ordnungswidrigster
0;-0.171;ordnungswidriges
0;-0.171;ordnungswidrigstes
0;-0.171;ordnungswidrigem
0;-0.171;ordnungswidrigen
0;-0.171;ordnungswidrigeren
0;-0.171;ordnungswidrigstem
0;-0.171;ordnungswidrigsten
0;-0.171;ordnungswidrigerem
0;-0.0048;panisch
0;-0.0048;panischsten
0;-0.0048;panische
0;-0.0048;panischerer
0;-0.0048;panischeres
0;-0.0048;panischste
0;-0.0048;panischstem
0;-0.0048;panischerem
0;-0.0048;panischeren
0;-0.0048;panischster
0;-0.0048;panischere
0;-0.0048;panischstes
0;-0.0048;panischen
0;-0.0048;panischem
0;-0.0048;panischer
0;-0.0048;panisches
0;-0.0048;peinlich
0;-0.0048;peinliche
0;-0.0048;peinlichsten
0;-0.0048;peinlichstem
0;-0.0048;peinlichste
0;-0.0048;peinlichstes
0;-0.0048;peinlichster
0;-0.0048;peinlichen
0;-0.0048;peinlicherem
0;-0.0048;peinlichem
0;-0.0048;peinlicheren
0;-0.0048;peinlicheres
0;-0.0048;peinlicherer
0;-0.0048;peinlicher
0;-0.0048;peinlichere
0;-0.0048;peinliches
0;-0.3359;pessimistisch
0;-0.3359;pessimistische
0;-0.3359;pessimistischem
0;-0.3359;pessimistischen
0;-0.3359;pessimistischer
0;-0.3359;pessimistisches
0;-0.3359;pessimistischere
0;-0.3359;pessimistischerem
0;-0.3359;pessimistischeren
0;-0.3359;pessimistischerer
0;-0.3359;pessimistischeres
0;-0.3359;pessimistischste
0;-0.3359;pessimistischstem
0;-0.3359;pessimistischsten
0;-0.3359;pessimistischster
0;-0.3359;pessimistischstes
0;-0.0048;pflichtwidrig
0;-0.0048;pflichtwidrigstes
0;-0.0048;pflichtwidrigster
0;-0.0048;pflichtwidrigere
0;-0.0048;pflichtwidrigeres
0;-0.0048;pflichtwidrigstem
0;-0.0048;pflichtwidrigerer
0;-0.0048;pflichtwidrigste
0;-0.0048;pflichtwidrige
0;-0.0048;pflichtwidrigeren
0;-0.0048;pflichtwidrigsten
0;-0.0048;pflichtwidriger
0;-0.0048;pflichtwidrigerem
0;-0.0048;pflichtwidrigem
0;-0.0048;pflichtwidrigen
0;-0.0048;pflichtwidriges
0;-0.0048;pikiert
0;-0.0048;pikiertester
0;-0.0048;pikiertestes
0;-0.0048;pikierte
0;-0.0048;pikiertere
0;-0.0048;pikierten
0;-0.0048;pikiertem
0;-0.0048;pikiertes
0;-0.0048;pikierter
0;-0.0048;pikierteren
0;-0.0048;pikierterem
0;-0.0048;pikierteste
0;-0.0048;pikiertestem
0;-0.0048;pikiertesten
0;-0.0048;pikierterer
0;-0.0048;pikierteres
0;-0.1869;planlos
0;-0.1869;planloseres
0;-0.1869;planlose
0;-0.1869;planloserer
0;-0.1869;planlosem
0;-0.1869;planloses
0;-0.1869;planloser
0;-0.1869;planlosen
0;-0.1869;planloseren
0;-0.1869;planlosester
0;-0.1869;planloserem
0;-0.1869;planlosestes
0;-0.1869;planloseste
0;-0.1869;planlosestem
0;-0.1869;planlosesten
0;-0.1869;planlosere
0;-0.3272;prekaer
0;-0.3272;prekaerstem
0;-0.3272;prekaererer
0;-0.3272;prekaereres
0;-0.3272;prekaeren
0;-0.3272;prekaerere
0;-0.3272;prekaerem
0;-0.3272;prekaerer
0;-0.3272;prekaererem
0;-0.3272;prekaereren
0;-0.3272;prekaeres
0;-0.3272;prekaere
0;-0.3272;prekaersten
0;-0.3272;prekaerste
0;-0.3272;prekaerstes
0;-0.3272;prekaerster
0;-0.7475;primitiv
0;-0.7475;primitive
0;-0.7475;primitivem
0;-0.7475;primitiven
0;-0.7475;primitiver
0;-0.7475;primitives
0;-0.7475;primitivere
0;-0.7475;primitiverem
0;-0.7475;primitiveren
0;-0.7475;primitiverer
0;-0.7475;primitiveres
0;-0.7475;primitivste
0;-0.7475;primitivstem
0;-0.7475;primitivsten
0;-0.7475;primitivster
0;-0.7475;primitivstes
0;-0.3524;problematisch
0;-0.3524;problematische
0;-0.3524;problematischem
0;-0.3524;problematischen
0;-0.3524;problematischer
0;-0.3524;problematisches
0;-0.3524;problematischere
0;-0.3524;problematischerem
0;-0.3524;problematischeren
0;-0.3524;problematischerer
0;-0.3524;problematischeres
0;-0.3524;problematischste
0;-0.3524;problematischstem
0;-0.3524;problematischsten
0;-0.3524;problematischster
0;-0.3524;problematischstes
0;-0.0048;profan
0;-0.0048;profansten
0;-0.0048;profaner
0;-0.0048;profanstes
0;-0.0048;profane
0;-0.0048;profanster
0;-0.0048;profanes
0;-0.0048;profaneren
0;-0.0048;profanerem
0;-0.0048;profanste
0;-0.0048;profanere
0;-0.0048;profanerer
0;-0.0048;profaneres
0;-0.0048;profanem
0;-0.0048;profanen
0;-0.0048;profanstem
0;-0.0048;protestieren
0;-0.0048;protestieret
0;-0.0048;protestiertet
0;-0.0048;protestiere
0;-0.0048;protestierte
0;-0.0048;protestierst
0;-0.0048;protestiert
0;-0.0048;protestierten
0;-0.0048;protestierest
0;-0.0048;protestiertest
0;-0.0048;provisorisch
0;-0.0048;provisorische
0;-0.0048;provisorischem
0;-0.0048;provisorischen
0;-0.0048;provisorischer
0;-0.0048;provisorisches
0;-0.0048;provisorischere
0;-0.0048;provisorischerem
0;-0.0048;provisorischeren
0;-0.0048;provisorischerer
0;-0.0048;provisorischeres
0;-0.0048;provisorischste
0;-0.0048;provisorischstem
0;-0.0048;provisorischsten
0;-0.0048;provisorischster
0;-0.0048;provisorischstes
0;-0.3369;provozieren
0;-0.3369;provozierest
0;-0.3369;provozieret
0;-0.3369;provoziertest
0;-0.3369;provoziertet
0;-0.3369;provozierte
0;-0.3369;provozierst
0;-0.3369;provoziere
0;-0.3369;provoziert
0;-0.3369;provozierten
0;-0.0507;pruegeln
0;-0.0507;gepruegelt
0;-0.0507;pruegelen
0;-0.0507;pruegelte
0;-0.0507;pruegelten
0;-0.0507;pruegele
0;-0.0507;pruegeltest
0;-0.0507;pruegelt
0;-0.0507;pruegel
0;-0.0507;pruegle
0;-0.0507;pruegeltet
0;-0.0507;pruegelst
0;-0.0048;qualvoll
0;-0.0048;qualvollstem
0;-0.0048;qualvollsten
0;-0.0048;qualvollstes
0;-0.0048;qualvollster
0;-0.0048;qualvollere
0;-0.0048;qualvolleres
0;-0.0048;qualvollerer
0;-0.0048;qualvolle
0;-0.0048;qualvollen
0;-0.0048;qualvollem
0;-0.0048;qualvollste
0;-0.0048;qualvoller
0;-0.0048;qualvolleren
0;-0.0048;qualvollerem
0;-0.0048;qualvolles
0;-0.1929;quaelen
0;-0.1929;quaelest
0;-0.1929;gequaelt
0;-0.1929;quaeltest
0;-0.1929;quaelet
0;-0.1929;quaelte
0;-0.1929;quaelten
0;-0.1929;quaelst
0;-0.1929;quaele
0;-0.1929;quaeltet
0;-0.1929;quaelt
0;-0.0402;rabiat
0;-0.0402;rabiaterem
0;-0.0402;rabiateren
0;-0.0402;rabiaterer
0;-0.0402;rabiatestes
0;-0.0402;rabiates
0;-0.0402;rabiatester
0;-0.0402;rabiater
0;-0.0402;rabiatem
0;-0.0402;rabiateste
0;-0.0402;rabiateres
0;-0.0402;rabiaten
0;-0.0402;rabiatere
0;-0.0402;rabiatestem
0;-0.0402;rabiatesten
0;-0.0402;rabiate
0;-0.487;radikal
0;-0.487;radikale
0;-0.487;radikalem
0;-0.487;radikalen
0;-0.487;radikaler
0;-0.487;radikales
0;-0.487;radikalere
0;-0.487;radikalerem
0;-0.487;radikaleren
0;-0.487;radikalerer
0;-0.487;radikaleres
0;-0.487;radikalste
0;-0.487;radikalstem
0;-0.487;radikalsten
0;-0.487;radikalster
0;-0.487;radikalstes
0;-0.0048;rammen
0;-0.0048;rammte
0;-0.0048;ramme
0;-0.0048;rammten
0;-0.0048;rammt
0;-0.0048;gerammt
0;-0.0048;rammtest
0;-0.0048;rammest
0;-0.0048;rammst
0;-0.0048;rammet
0;-0.0048;rammtet
0;-0.0048;ramponieren
0;-0.0048;ramponierest
0;-0.0048;ramponiertest
0;-0.0048;ramponiere
0;-0.0048;ramponiert
0;-0.0048;ramponiertet
0;-0.0048;ramponierst
0;-0.0048;ramponieret
0;-0.0048;ramponierte
0;-0.0048;ramponierten
0;-0.0048;rasend
0;-0.0048;rasenderen
0;-0.0048;rasenderem
0;-0.0048;rasendem
0;-0.0048;rasendste
0;-0.0048;rasendes
0;-0.0048;rasende
0;-0.0048;rasender
0;-0.0048;rasenderer
0;-0.0048;rasenderes
0;-0.0048;rasenden
0;-0.0048;rasendster
0;-0.0048;rasendstes
0;-0.0048;rasendere
0;-0.0048;rasendstem
0;-0.0048;rasendsten
0;-0.0286;rauh
0;-0.0286;rauhste
0;-0.0286;rauhe
0;-0.0286;rauhstem
0;-0.0286;rauhere
0;-0.0286;rauhsten
0;-0.0286;rauhes
0;-0.0286;rauhestem
0;-0.0286;rauhesten
0;-0.0286;rauhst
0;-0.0286;rauheste
0;-0.0286;rauhester
0;-0.0286;rauheres
0;-0.0286;rauherer
0;-0.0286;rauhestes
0;-0.0286;rauheren
0;-0.0286;rauher
0;-0.0286;rauhstes
0;-0.0286;rauherem
0;-0.0286;rauhster
0;-0.0286;rauhem
0;-0.0286;rauhen
0;-0.1863;rausgeschmissen
0;-0.1863;rausgeschmissene
0;-0.1863;rausgeschmissenem
0;-0.1863;rausgeschmissenen
0;-0.1863;rausgeschmissener
0;-0.1863;rausgeschmissenes
0;-0.1863;rausgeschmissenere
0;-0.1863;rausgeschmissenerem
0;-0.1863;rausgeschmisseneren
0;-0.1863;rausgeschmissenerer
0;-0.1863;rausgeschmisseneres
0;-0.1863;rausgeschmissenste
0;-0.1863;rausgeschmissenstem
0;-0.1863;rausgeschmissensten
0;-0.1863;rausgeschmissenster
0;-0.1863;rausgeschmissenstes
0;-0.1706;rebellisch
0;-0.1706;rebellischere
0;-0.1706;rebellischster
0;-0.1706;rebellischerer
0;-0.1706;rebellisches
0;-0.1706;rebellischer
0;-0.1706;rebellischerem
0;-0.1706;rebellischeren
0;-0.1706;rebellischstes
0;-0.1706;rebellischstem
0;-0.1706;rebellischsten
0;-0.1706;rebellischem
0;-0.1706;rebellischeres
0;-0.1706;rebellischen
0;-0.1706;rebellische
0;-0.1706;rebellischste
0;-0.0048;rechthaberisch
0;-0.0048;rechthaberischere
0;-0.0048;rechthaberischem
0;-0.0048;rechthaberischen
0;-0.0048;rechthaberische
0;-0.0048;rechthaberischer
0;-0.0048;rechthaberisches
0;-0.0048;rechthaberischerem
0;-0.0048;rechthaberischeren
0;-0.0048;rechthaberischste
0;-0.0048;rechthaberischster
0;-0.0048;rechthaberischstem
0;-0.0048;rechthaberischsten
0;-0.0048;rechthaberischerer
0;-0.0048;rechthaberischstes
0;-0.0048;rechthaberischeres
0;-0.3406;rechtswidrig
0;-0.3406;rechtswidrigere
0;-0.3406;rechtswidrigerem
0;-0.3406;rechtswidrigstem
0;-0.3406;rechtswidrigsten
0;-0.3406;rechtswidrigeren
0;-0.3406;rechtswidrigen
0;-0.3406;rechtswidrigem
0;-0.3406;rechtswidrigerer
0;-0.3406;rechtswidrigste
0;-0.3406;rechtswidrige
0;-0.3406;rechtswidriger
0;-0.3406;rechtswidriges
0;-0.3406;rechtswidrigeres
0;-0.3406;rechtswidrigstes
0;-0.3406;rechtswidrigster
0;-0.0048;reduzieren
0;-0.0048;reduzierest
0;-0.0048;reduziere
0;-0.0048;reduziert
0;-0.0048;reduzierst
0;-0.0048;reduzierte
0;-0.0048;reduziertet
0;-0.0048;reduzierten
0;-0.0048;reduzieret
0;-0.0048;reduziertest
0;-0.0048;renitent
0;-0.0048;renitenten
0;-0.0048;renitenterem
0;-0.0048;renitenteren
0;-0.0048;renitentem
0;-0.0048;renitenterer
0;-0.0048;renitenteste
0;-0.0048;renitente
0;-0.0048;renitentestem
0;-0.0048;renitentesten
0;-0.0048;renitentestes
0;-0.0048;renitentere
0;-0.0048;renitentester
0;-0.0048;renitentes
0;-0.0048;renitenter
0;-0.0048;renitenteres
0;-0.0048;repetiv
0;-0.0048;repetive
0;-0.0048;repetivem
0;-0.0048;repetiven
0;-0.0048;repetiver
0;-0.0048;repetives
0;-0.0048;repetivere
0;-0.0048;repetiverem
0;-0.0048;repetiveren
0;-0.0048;repetiverer
0;-0.0048;repetiveres
0;-0.0048;repetivste
0;-0.0048;repetivstem
0;-0.0048;repetivsten
0;-0.0048;repetivster
0;-0.0048;repetivstes
0;-0.0482;riskant
0;-0.0482;riskantestem
0;-0.0482;riskantesten
0;-0.0482;riskanteren
0;-0.0482;riskantes
0;-0.0482;riskantestes
0;-0.0482;riskanter
0;-0.0482;riskanterem
0;-0.0482;riskantester
0;-0.0482;riskanteste
0;-0.0482;riskanten
0;-0.0482;riskantem
0;-0.0482;riskante
0;-0.0482;riskanterer
0;-0.0482;riskanteres
0;-0.0482;riskantere
0;-0.3328;riskieren
0;-0.3328;riskierest
0;-0.3328;riskierten
0;-0.3328;riskierte
0;-0.3328;riskierst
0;-0.3328;riskiertest
0;-0.3328;riskiere
0;-0.3328;riskiert
0;-0.3328;riskieret
0;-0.3328;riskiertet
0;-0.0048;rosten
0;-0.0048;roste
0;-0.0048;rostest
0;-0.0048;gerostet
0;-0.0048;rosteten
0;-0.0048;rostet
0;-0.0048;rostetet
0;-0.0048;rostete
0;-0.0048;rostetest
0;-0.037;ruchlos
0;-0.037;ruchloseres
0;-0.037;ruchloserer
0;-0.037;ruchlosere
0;-0.037;ruchlosem
0;-0.037;ruchlosen
0;-0.037;ruchlosester
0;-0.037;ruchlosestes
0;-0.037;ruchloserem
0;-0.037;ruchloser
0;-0.037;ruchloses
0;-0.037;ruchloseren
0;-0.037;ruchlose
0;-0.037;ruchloseste
0;-0.037;ruchlosestem
0;-0.037;ruchlosesten
0;-0.0387;ruckeln
0;-0.0387;ruckele
0;-0.0387;ruckle
0;-0.0387;ruckelst
0;-0.0387;ruckelt
0;-0.0387;rucklest
0;-0.0387;rucklet
0;-0.0387;ruckelte
0;-0.0387;ruckeltest
0;-0.0387;ruckelten
0;-0.0387;ruckeltet
0;-0.0387;geruckelt
0;-0.0048;ruinoes
0;-0.0048;ruinoesem
0;-0.0048;ruinoesere
0;-0.0048;ruinoesen
0;-0.0048;ruinoeseste
0;-0.0048;ruinoeserem
0;-0.0048;ruinoeseren
0;-0.0048;ruinoeserer
0;-0.0048;ruinoese
0;-0.0048;ruinoesesten
0;-0.0048;ruinoeser
0;-0.0048;ruinoeses
0;-0.0048;ruinoesestem
0;-0.0048;ruinoesester
0;-0.0048;ruinoesestes
0;-0.0048;ruinoeseres
0;-0.0048;ruppig
0;-0.0048;ruppigere
0;-0.0048;ruppigste
0;-0.0048;ruppigstes
0;-0.0048;ruppigem
0;-0.0048;ruppigeren
0;-0.0048;ruppigerem
0;-0.0048;ruppigster
0;-0.0048;ruppigen
0;-0.0048;ruppiges
0;-0.0048;ruppigstem
0;-0.0048;ruppigsten
0;-0.0048;ruppige
0;-0.0048;ruppiger
0;-0.0048;ruppigeres
0;-0.0048;ruppigerer
0;-0.0048;rutschen
0;-0.0048;rutscht
0;-0.0048;rutschet
0;-0.0048;rutsche
0;-0.0048;rutschten
0;-0.0048;rutschte
0;-0.0048;rutschtest
0;-0.0048;rutschst
0;-0.0048;rutschtet
0;-0.0048;rutschest
0;-0.0048;gerutscht
0;-0.3489;raechen
0;-0.3489;raechtet
0;-0.3489;raechtest
0;-0.3489;raeche
0;-0.3489;raech
0;-0.3489;raechten
0;-0.3489;raechst
0;-0.3489;raechet
0;-0.3489;raechte
0;-0.3489;geraecht
0;-0.3489;raechest
0;-0.0544;ruecklaeufig
0;-0.0544;ruecklaeufige
0;-0.0544;ruecklaeufigem
0;-0.0544;ruecklaeufigen
0;-0.0544;ruecklaeufiger
0;-0.0544;ruecklaeufiges
0;-0.0544;ruecklaeufigere
0;-0.0544;ruecklaeufigerem
0;-0.0544;ruecklaeufigeren
0;-0.0544;ruecklaeufigerer
0;-0.0544;ruecklaeufigeres
0;-0.0544;ruecklaeufigste
0;-0.0544;ruecklaeufigstem
0;-0.0544;ruecklaeufigsten
0;-0.0544;ruecklaeufigster
0;-0.0544;ruecklaeufigstes
0;-0.4754;ruecksichtslos
0;-0.4754;ruecksichtslosen
0;-0.4754;ruecksichtslosem
0;-0.4754;ruecksichtslosestes
0;-0.4754;ruecksichtslose
0;-0.4754;ruecksichtslosester
0;-0.4754;ruecksichtsloserer
0;-0.4754;ruecksichtsloseres
0;-0.4754;ruecksichtslosestem
0;-0.4754;ruecksichtslosesten
0;-0.4754;ruecksichtsloserem
0;-0.4754;ruecksichtsloseste
0;-0.4754;ruecksichtsloseren
0;-0.4754;ruecksichtslosere
0;-0.4754;ruecksichtsloses
0;-0.4754;ruecksichtsloser
0;-0.0048;rueckstaendig
0;-0.0048;rueckstaendiger
0;-0.0048;rueckstaendigerer
0;-0.0048;rueckstaendiges
0;-0.0048;rueckstaendigsten
0;-0.0048;rueckstaendigerem
0;-0.0048;rueckstaendigere
0;-0.0048;rueckstaendigeren
0;-0.0048;rueckstaendigstem
0;-0.0048;rueckstaendige
0;-0.0048;rueckstaendigster
0;-0.0048;rueckstaendigste
0;-0.0048;rueckstaendigen
0;-0.0048;rueckstaendigeres
0;-0.0048;rueckstaendigstes
0;-0.0048;rueckstaendigem
0;-0.3496;nan
0;-0.0048;ruede
0;-0.0048;ruedestes
0;-0.0048;ruedester
0;-0.0048;ruedestem
0;-0.0048;ruedesten
0;-0.0048;rued
0;-0.0048;rueder
0;-0.0048;ruedere
0;-0.0048;ruedes
0;-0.0048;ruedeste
0;-0.0048;ruederem
0;-0.0048;ruederen
0;-0.0048;ruederes
0;-0.0048;ruederer
0;-0.0048;ruedem
0;-0.0048;rueden
0;-0.0048;sabotieren
0;-0.0048;sabotiert
0;-0.0048;sabotiertest
0;-0.0048;sabotiertet
0;-0.0048;sabotieret
0;-0.0048;sabotierten
0;-0.0048;sabotierst
0;-0.0048;sabotierte
0;-0.0048;sabotierest
0;-0.0048;sabotiere
0;-0.0048;sauer
0;-0.0048;sauerstem
0;-0.0048;sauerste
0;-0.0048;sauersten
0;-0.0048;saurere
0;-0.0048;sauren
0;-0.0048;saurem
0;-0.0048;sauerster
0;-0.0048;saurerer
0;-0.0048;sauerstes
0;-0.0048;saureres
0;-0.0048;saurer
0;-0.0048;saurerem
0;-0.0048;saures
0;-0.0048;saure
0;-0.0048;saureren
0;-0.0048;nan
0;-0.0048;schadhaft
0;-0.0048;schadhaftem
0;-0.0048;schadhafteste
0;-0.0048;schadhaften
0;-0.0048;schadhaftere
0;-0.0048;schadhafteren
0;-0.0048;schadhafte
0;-0.0048;schadhafteres
0;-0.0048;schadhafter
0;-0.0048;schadhafterer
0;-0.0048;schadhafterem
0;-0.0048;schadhaftestem
0;-0.0048;schadhaftesten
0;-0.0048;schadhaftestes
0;-0.0048;schadhaftester
0;-0.0048;schadhaftes
0;-0.0048;schal
0;-0.0048;schale
0;-0.0048;schalstem
0;-0.0048;schalsten
0;-0.0048;schaler
0;-0.0048;schalere
0;-0.0048;schales
0;-0.0048;schaleren
0;-0.0048;schalerem
0;-0.0048;schalen
0;-0.0048;schalster
0;-0.0048;schalem
0;-0.0048;schalerer
0;-0.0048;schalste
0;-0.0048;schalstes
0;-0.0048;schaleres
0;-0.3332;schamlos
0;-0.3332;schamloser
0;-0.3332;schamloserem
0;-0.3332;schamlosestes
0;-0.3332;schamloseren
0;-0.3332;schamloses
0;-0.3332;schamloseres
0;-0.3332;schamlosere
0;-0.3332;schamloserer
0;-0.3332;schamlosesten
0;-0.3332;schamlosestem
0;-0.3332;schamlosen
0;-0.3332;schamlosem
0;-0.3332;schamlosester
0;-0.3332;schamlose
0;-0.3332;schamloseste
0;-0.0048;schauerlich
0;-0.0048;schauerlichsten
0;-0.0048;schauerlicher
0;-0.0048;schauerlicheres
0;-0.0048;schauerliches
0;-0.0048;schauerlichstem
0;-0.0048;schauerlicherer
0;-0.0048;schauerliche
0;-0.0048;schauerlicherem
0;-0.0048;schauerlicheren
0;-0.0048;schauerlichem
0;-0.0048;schauerlichster
0;-0.0048;schauerlichen
0;-0.0048;schauerlichstes
0;-0.0048;schauerlichste
0;-0.0048;schauerlichere
0;-0.0048;schaurig
0;-0.0048;schaurigstes
0;-0.0048;schaurigster
0;-0.0048;schauriges
0;-0.0048;schauriger
0;-0.0048;schaurige
0;-0.0048;schaurigeres
0;-0.0048;schaurigerer
0;-0.0048;schaurigerem
0;-0.0048;schaurigste
0;-0.0048;schaurigeren
0;-0.0048;schaurigere
0;-0.0048;schaurigsten
0;-0.0048;schaurigem
0;-0.0048;schaurigen
0;-0.0048;schaurigstem
0;-0.0557;scheiden
0;-0.0557;scheide
0;-0.0557;scheidest
0;-0.0557;scheidet
0;-0.0557;schied
0;-0.0557;schiedest
0;-0.0557;schiedst
0;-0.0557;schieden
0;-0.0557;schiedet
0;-0.0557;geschieden
0;-0.1838;nan
0;-0.0226;nan
0;-0.3381;nan
0;-0.2945;nan
0;-0.3143;schelten
0;-0.3143;schelte
0;-0.3143;schilst
0;-0.3143;schilt
0;-0.3143;scheltet
0;-0.3143;scheltest
0;-0.3143;schalt
0;-0.3143;schaltest
0;-0.3143;schaltst
0;-0.3143;schalten
0;-0.3143;schaltet
0;-0.3143;schoelte
0;-0.3143;schoeltest
0;-0.3143;schoelten
0;-0.3143;schoeltet
0;-0.3143;gescholten
0;-0.0048;scheusslich
0;-0.0048;scheussliche
0;-0.0048;scheusslichem
0;-0.0048;scheusslichen
0;-0.0048;scheusslicher
0;-0.0048;scheussliches
0;-0.0048;scheusslichere
0;-0.0048;scheusslicherem
0;-0.0048;scheusslicheren
0;-0.0048;scheusslicherer
0;-0.0048;scheusslicheres
0;-0.0048;scheusslichste
0;-0.0048;scheusslichstem
0;-0.0048;scheusslichsten
0;-0.0048;scheusslichster
0;-0.0048;scheusslichstes
0;-0.1834;scheusslich
0;-0.1834;scheusslicher
0;-0.1834;scheusslicheres
0;-0.1834;scheussliches
0;-0.1834;scheusslichem
0;-0.1834;scheusslicherer
0;-0.1834;scheusslichen
0;-0.1834;scheusslichster
0;-0.1834;scheussliche
0;-0.1834;scheusslichsten
0;-0.1834;scheusslichstem
0;-0.1834;scheusslichere
0;-0.1834;scheusslicheren
0;-0.1834;scheusslicherem
0;-0.1834;scheusslichstes
0;-0.1834;scheusslichste
0;-0.304;schimmelig
0;-0.304;schimmelige
0;-0.304;schimmeligem
0;-0.304;schimmeligen
0;-0.304;schimmeliger
0;-0.304;schimmeliges
0;-0.304;schimmeligere
0;-0.304;schimmeligerem
0;-0.304;schimmeligeren
0;-0.304;schimmeligerer
0;-0.304;schimmeligeres
0;-0.304;schimmeligste
0;-0.304;schimmeligstem
0;-0.304;schimmeligsten
0;-0.304;schimmeligster
0;-0.304;schimmeligstes
0;-0.304;schimmlig
0;-0.304;schimmlige
0;-0.304;schimmligem
0;-0.304;schimmligen
0;-0.304;schimmliger
0;-0.304;schimmliges
0;-0.304;schimmligere
0;-0.304;schimmligerem
0;-0.304;schimmligeren
0;-0.304;schimmligerer
0;-0.304;schimmligeres
0;-0.304;schimmligste
0;-0.304;schimmligstem
0;-0.304;schimmligsten
0;-0.304;schimmligster
0;-0.304;schimmligstes
0;-0.0048;schimpfend
0;-0.0048;schimpfende
0;-0.0048;schimpfendem
0;-0.0048;schimpfenden
0;-0.0048;schimpfender
0;-0.0048;schimpfendes
0;-0.0048;schimpfendere
0;-0.0048;schimpfenderem
0;-0.0048;schimpfenderen
0;-0.0048;schimpfenderer
0;-0.0048;schimpfenderes
0;-0.0048;schimpfendste
0;-0.0048;schimpfendstem
0;-0.0048;schimpfendsten
0;-0.0048;schimpfendster
0;-0.0048;schimpfendstes
0;-0.0472;schlaff
0;-0.0472;schlaffem
0;-0.0472;schlaffen
0;-0.0472;schlaffste
0;-0.0472;schlaffes
0;-0.0472;schlaffer
0;-0.0472;schlaffstem
0;-0.0472;schlaffsten
0;-0.0472;schlaffe
0;-0.0472;schlafferer
0;-0.0472;schlafferem
0;-0.0472;schlafferen
0;-0.0472;schlaffstes
0;-0.0472;schlaffere
0;-0.0472;schlafferes
0;-0.0472;schlaffster
0;-0.0306;schlagen
0;-0.0306;schlage
0;-0.0306;schlaegst
0;-0.0306;schlaegt
0;-0.0306;schlagt
0;-0.0306;schlagest
0;-0.0306;schlaget
0;-0.0306;schlug
0;-0.0306;schlugst
0;-0.0306;schlugen
0;-0.0306;schlugt
0;-0.0306;schluege
0;-0.0306;schluegest
0;-0.0306;schluegst
0;-0.0306;schluegen
0;-0.0306;schlueget
0;-0.0306;schluegt
0;-0.0306;geschlagen
0;-0.0048;schlapp
0;-0.0048;schlappstes
0;-0.0048;schlappster
0;-0.0048;schlappere
0;-0.0048;schlappsten
0;-0.0048;schlappstem
0;-0.0048;schlappe
0;-0.0048;schlapperen
0;-0.0048;schlapperem
0;-0.0048;schlappste
0;-0.0048;schlappem
0;-0.0048;schlappen
0;-0.0048;schlapperer
0;-0.0048;schlapperes
0;-0.0048;schlapper
0;-0.0048;schlappes
0;-0.7706;schlecht
0;-0.7706;schlechtem
0;-0.7706;schlechten
0;-0.7706;schlechteste
0;-0.7706;schlechtes
0;-0.7706;schlechte
0;-0.7706;schlechter
0;-0.7706;schlechteren
0;-0.7706;schlechterem
0;-0.7706;schlechtesten
0;-0.7706;schlechtestem
0;-0.7706;schlechtere
0;-0.7706;schlechtester
0;-0.7706;schlechteres
0;-0.7706;schlechterer
0;-0.7706;schlechtestes
0;-0.0048;schleppend
0;-0.0048;schleppendster
0;-0.0048;schleppende
0;-0.0048;schleppendstes
0;-0.0048;schleppenderes
0;-0.0048;schleppenderer
0;-0.0048;schleppendstem
0;-0.0048;schleppendsten
0;-0.0048;schleppenderem
0;-0.0048;schleppenderen
0;-0.0048;schleppendste
0;-0.0048;schleppendere
0;-0.0048;schleppendes
0;-0.0048;schleppender
0;-0.0048;schleppendem
0;-0.0048;schleppenden
0;-0.623;schlicht
0;-0.623;schlichtes
0;-0.623;schlichtere
0;-0.623;schlichtem
0;-0.623;schlichten
0;-0.623;schlichterem
0;-0.623;schlichter
0;-0.623;schlichtesten
0;-0.623;schlichteres
0;-0.623;schlichte
0;-0.623;schlichterer
0;-0.623;schlichtestem
0;-0.623;schlichteren
0;-0.623;schlichtester
0;-0.623;schlichteste
0;-0.623;schlichtestes
0;-0.211;schliessen
0;-0.211;schliesse
0;-0.211;schliesst
0;-0.211;schliessest
0;-0.211;schliesset
0;-0.211;schloss
0;-0.211;schloss
0;-0.211;schlossest
0;-0.211;schlosst
0;-0.211;schlosst
0;-0.211;schlossen
0;-0.211;schloesse
0;-0.211;schloessest
0;-0.211;schloessen
0;-0.211;schloesset
0;-0.211;geschlossen
0;-0.1705;schlimm
0;-0.1705;schlimmste
0;-0.1705;schlimmstem
0;-0.1705;schlimmsten
0;-0.1705;schlimmer
0;-0.1705;schlimmes
0;-0.1705;schlimmerer
0;-0.1705;schlimmeren
0;-0.1705;schlimmerem
0;-0.1705;schlimmere
0;-0.1705;schlimmeres
0;-0.1705;schlimme
0;-0.1705;schlimmen
0;-0.1705;schlimmster
0;-0.1705;schlimmem
0;-0.1705;schlimmstes
0;-0.6494;nan
0;-0.0048;schlotterig
0;-0.0048;schlotterige
0;-0.0048;schlotterigem
0;-0.0048;schlotterigen
0;-0.0048;schlotteriger
0;-0.0048;schlotteriges
0;-0.0048;schlotterigere
0;-0.0048;schlotterigerem
0;-0.0048;schlotterigeren
0;-0.0048;schlotterigerer
0;-0.0048;schlotterigeres
0;-0.0048;schlotterigste
0;-0.0048;schlotterigstem
0;-0.0048;schlotterigsten
0;-0.0048;schlotterigster
0;-0.0048;schlotterigstes
0;-0.0048;schlottern
0;-0.0048;schlotterten
0;-0.0048;schlotterst
0;-0.0048;schlotterte
0;-0.0048;schlotteren
0;-0.0048;schlottert
0;-0.0048;geschlottert
0;-0.0048;schlottertest
0;-0.0048;schlottere
0;-0.0048;schlottertet
0;-0.3251;schmerzen
0;-0.3251;schmerzten
0;-0.3251;schmerztet
0;-0.3251;schmerzet
0;-0.3251;schmerztest
0;-0.3251;schmerzte
0;-0.3251;geschmerzt
0;-0.3251;schmerzt
0;-0.3251;schmerze
0;-0.3251;schmerzest
0;-0.0048;schmerzerfuellt
0;-0.0048;schmerzerfuelltem
0;-0.0048;schmerzerfuellterer
0;-0.0048;schmerzerfuellten
0;-0.0048;schmerzerfuelltes
0;-0.0048;schmerzerfuellter
0;-0.0048;schmerzerfuellteres
0;-0.0048;schmerzerfuelltesten
0;-0.0048;schmerzerfuellterem
0;-0.0048;schmerzerfuellteren
0;-0.0048;schmerzerfuellteste
0;-0.0048;schmerzerfuelltestem
0;-0.0048;schmerzerfuelltester
0;-0.0048;schmerzerfuelltestes
0;-0.0048;schmerzerfuelltere
0;-0.0048;schmerzerfuellte
0;-0.3182;schmerzhaft
0;-0.3182;schmerzhaftestes
0;-0.3182;schmerzhaftester
0;-0.3182;schmerzhaftere
0;-0.3182;schmerzhaftesten
0;-0.3182;schmerzhafte
0;-0.3182;schmerzhafterem
0;-0.3182;schmerzhaften
0;-0.3182;schmerzhafteren
0;-0.3182;schmerzhaftes
0;-0.3182;schmerzhafter
0;-0.3182;schmerzhafteste
0;-0.3182;schmerzhaftestem
0;-0.3182;schmerzhafterer
0;-0.3182;schmerzhaftem
0;-0.3182;schmerzhafteres
0;-0.0516;schmerzlich
0;-0.0516;schmerzlicheren
0;-0.0516;schmerzlichstem
0;-0.0516;schmerzlichem
0;-0.0516;schmerzlichen
0;-0.0516;schmerzlicherer
0;-0.0516;schmerzlicheres
0;-0.0516;schmerzlichsten
0;-0.0516;schmerzlicher
0;-0.0516;schmerzliches
0;-0.0516;schmerzlichstes
0;-0.0516;schmerzlichster
0;-0.0516;schmerzlichste
0;-0.0516;schmerzliche
0;-0.0516;schmerzlicherem
0;-0.0516;schmerzlichere
0;-0.0428;schmerzvoll
0;-0.0428;schmerzvolle
0;-0.0428;schmerzvollstem
0;-0.0428;schmerzvollsten
0;-0.0428;schmerzvollste
0;-0.0428;schmerzvollster
0;-0.0428;schmerzvollerem
0;-0.0428;schmerzvolleren
0;-0.0428;schmerzvollstes
0;-0.0428;schmerzvolleres
0;-0.0428;schmerzvoller
0;-0.0428;schmerzvolles
0;-0.0428;schmerzvollem
0;-0.0428;schmerzvollen
0;-0.0428;schmerzvollere
0;-0.0428;schmerzvollerer
0;-0.0048;schmuggeln
0;-0.0048;schmuggeltest
0;-0.0048;schmuggelte
0;-0.0048;schmuggle
0;-0.0048;schmuggelst
0;-0.0048;schmuggeltet
0;-0.0048;schmuggelen
0;-0.0048;schmuggel
0;-0.0048;schmuggelt
0;-0.0048;schmuggelten
0;-0.0048;schmuggele
0;-0.0048;geschmuggelt
0;-0.2984;schmutzig
0;-0.2984;schmutzigeren
0;-0.2984;schmutzigstes
0;-0.2984;schmutzigster
0;-0.2984;schmutzigerem
0;-0.2984;schmutzigerer
0;-0.2984;schmutzigeres
0;-0.2984;schmutzigen
0;-0.2984;schmutzigem
0;-0.2984;schmutziges
0;-0.2984;schmutzige
0;-0.2984;schmutzigste
0;-0.2984;schmutziger
0;-0.2984;schmutzigstem
0;-0.2984;schmutzigsten
0;-0.2984;schmutzigere
0;-0.0396;schocken
0;-0.0396;schockest
0;-0.0396;schockst
0;-0.0396;schockte
0;-0.0396;schocket
0;-0.0396;schocktet
0;-0.0396;schocktest
0;-0.0396;schockten
0;-0.0396;schocke
0;-0.0396;schockt
0;-0.0396;geschockt
0;-0.1933;schockierend
0;-0.1933;schockierende
0;-0.1933;schockierendem
0;-0.1933;schockierenden
0;-0.1933;schockierender
0;-0.1933;schockierendes
0;-0.1933;schockierendere
0;-0.1933;schockierenderem
0;-0.1933;schockierenderen
0;-0.1933;schockierenderer
0;-0.1933;schockierenderes
0;-0.1933;schockierendste
0;-0.1933;schockierendstem
0;-0.1933;schockierendsten
0;-0.1933;schockierendster
0;-0.1933;schockierendstes
0;-0.461;schonungslos
0;-0.461;schonungsloseste
0;-0.461;schonungslosere
0;-0.461;schonungsloser
0;-0.461;schonungsloserem
0;-0.461;schonungsloseren
0;-0.461;schonungslosestem
0;-0.461;schonungslosesten
0;-0.461;schonungsloses
0;-0.461;schonungsloserer
0;-0.461;schonungslosester
0;-0.461;schonungslose
0;-0.461;schonungsloseres
0;-0.461;schonungslosem
0;-0.461;schonungslosestes
0;-0.461;schonungslosen
0;-0.0242;schrecklich
0;-0.0242;schrecklicheres
0;-0.0242;schreckliche
0;-0.0242;schreckliches
0;-0.0242;schrecklicher
0;-0.0242;schrecklichere
0;-0.0242;schrecklichstem
0;-0.0242;schrecklichsten
0;-0.0242;schrecklichster
0;-0.0242;schrecklichste
0;-0.0242;schrecklichstes
0;-0.0242;schrecklicheren
0;-0.0242;schrecklicherem
0;-0.0242;schrecklichem
0;-0.0242;schrecklicherer
0;-0.0242;schrecklichen
0;-0.0048;schrumpfen
0;-0.0048;schrumpfst
0;-0.0048;schrumpfte
0;-0.0048;schrumpfest
0;-0.0048;schrumpft
0;-0.0048;schrumpften
0;-0.0048;schrumpftest
0;-0.0048;schrumpftet
0;-0.0048;schrumpfe
0;-0.0048;schrumpfet
0;-0.0048;geschrumpft
0;-0.1756;schubsen
0;-0.1756;schubsten
0;-0.1756;schubset
0;-0.1756;geschubst
0;-0.1756;schubse
0;-0.1756;schubst
0;-0.1756;schubstet
0;-0.1756;schubstest
0;-0.1756;schubste
0;-0.1756;schubsest
0;-0.0048;schuftig
0;-0.0048;schuftiger
0;-0.0048;schuftigstes
0;-0.0048;schuftiges
0;-0.0048;schuftige
0;-0.0048;schuftigen
0;-0.0048;schuftigere
0;-0.0048;schuftigste
0;-0.0048;schuftigem
0;-0.0048;schuftigsten
0;-0.0048;schuftigstem
0;-0.0048;schuftigerem
0;-0.0048;schuftigeren
0;-0.0048;schuftigster
0;-0.0048;schuftigerer
0;-0.0048;schuftigeres
0;-0.0048;schulden
0;-0.0048;schuldet
0;-0.0048;schuldeten
0;-0.0048;schuldten
0;-0.0048;geschuldet
0;-0.0048;schuldetest
0;-0.0048;schuldtest
0;-0.0048;schuldtet
0;-0.0048;schuldete
0;-0.0048;schulde
0;-0.0048;schuldte
0;-0.0048;schuldetet
0;-0.0048;schuldest
0;-0.3346;schuldhaft
0;-0.3346;schuldhaftester
0;-0.3346;schuldhafteste
0;-0.3346;schuldhaftestem
0;-0.3346;schuldhaftesten
0;-0.3346;schuldhaftestes
0;-0.3346;schuldhafteren
0;-0.3346;schuldhafterem
0;-0.3346;schuldhafterer
0;-0.3346;schuldhafteres
0;-0.3346;schuldhaften
0;-0.3346;schuldhaftem
0;-0.3346;schuldhaftere
0;-0.3346;schuldhaftes
0;-0.3346;schuldhafter
0;-0.3346;schuldhafte
0;-0.7968;schuldig
0;-0.7968;schuldigster
0;-0.7968;schuldigstes
0;-0.7968;schuldigste
0;-0.7968;schuldiges
0;-0.7968;schuldiger
0;-0.7968;schuldigen
0;-0.7968;schuldigeren
0;-0.7968;schuldigerem
0;-0.7968;schuldige
0;-0.7968;schuldigem
0;-0.7968;schuldigeres
0;-0.7968;schuldigerer
0;-0.7968;schuldigstem
0;-0.7968;schuldigsten
0;-0.7968;schuldigere
0;-0.9206;schwach
0;-0.9206;schwaechstem
0;-0.9206;schwaechsten
0;-0.9206;schwaechster
0;-0.9206;schwaechstes
0;-0.9206;schwachem
0;-0.9206;schwaecherem
0;-0.9206;schwacher
0;-0.9206;schwaches
0;-0.9206;schwaechere
0;-0.9206;schwaecheren
0;-0.9206;schwachen
0;-0.9206;schwache
0;-0.9206;schwaecherer
0;-0.9206;schwaecheres
0;-0.9206;schwaecher
0;-0.9206;schwaechste
0;-0.0048;schwer
0;-0.0048;schwerstes
0;-0.0048;schwerster
0;-0.0048;schwere
0;-0.0048;schwerste
0;-0.0048;schwerstem
0;-0.0048;schwersten
0;-0.0048;schweren
0;-0.0048;schwerem
0;-0.0048;schwerere
0;-0.0048;schwereres
0;-0.0048;schwererer
0;-0.0048;schwerer
0;-0.0048;schwererem
0;-0.0048;schwereren
0;-0.0048;schweres
0;-0.0048;schwerfaellig
0;-0.0048;schwerfaellige
0;-0.0048;schwerfaelligere
0;-0.0048;schwerfaelligste
0;-0.0048;schwerfaelligerer
0;-0.0048;schwerfaelligeres
0;-0.0048;schwerfaelligem
0;-0.0048;schwerfaelligen
0;-0.0048;schwerfaelligerem
0;-0.0048;schwerfaelliges
0;-0.0048;schwerfaelliger
0;-0.0048;schwerfaelligeren
0;-0.0048;schwerfaelligsten
0;-0.0048;schwerfaelligstem
0;-0.0048;schwerfaelligster
0;-0.0048;schwerfaelligstes
0;-0.0048;schwerwiegend
0;-0.0048;schwerwiegenderem
0;-0.0048;schwerwiegenderen
0;-0.0048;schwerwiegendstem
0;-0.0048;schwerwiegendsten
0;-0.0048;schwerwiegenderer
0;-0.0048;schwerwiegendere
0;-0.0048;schwerwiegenderes
0;-0.0048;schwerwiegendstes
0;-0.0048;schwerwiegende
0;-0.0048;schwerwiegendster
0;-0.0048;schwerwiegenden
0;-0.0048;schwerwiegendem
0;-0.0048;schwerwiegendste
0;-0.0048;schwerwiegender
0;-0.0048;schwerwiegendes
0;-0.0245;schwierig
0;-0.0245;schwierigen
0;-0.0245;schwierigem
0;-0.0245;schwierigstem
0;-0.0245;schwierigsten
0;-0.0245;schwierigerer
0;-0.0245;schwierigerem
0;-0.0245;schwierigeren
0;-0.0245;schwierige
0;-0.0245;schwierigster
0;-0.0245;schwierigste
0;-0.0245;schwierigere
0;-0.0245;schwierigstes
0;-0.0245;schwierigeres
0;-0.0245;schwieriges
0;-0.0245;schwieriger
0;-0.0048;schwinden
0;-0.0048;schwinde
0;-0.0048;schwindest
0;-0.0048;schwindet
0;-0.0048;schwand
0;-0.0048;schwandest
0;-0.0048;schwandst
0;-0.0048;schwanden
0;-0.0048;schwandet
0;-0.0048;schwaende
0;-0.0048;schwaendest
0;-0.0048;schwaenden
0;-0.0048;schwaendet
0;-0.0048;geschwunden
0;-0.0512;schwindlig
0;-0.0512;schwindligste
0;-0.0512;schwindlige
0;-0.0512;schwindliges
0;-0.0512;schwindligeren
0;-0.0512;schwindligen
0;-0.0512;schwindligem
0;-0.0512;schwindligerer
0;-0.0512;schwindligere
0;-0.0512;schwindligeres
0;-0.0512;schwindliger
0;-0.0512;schwindligstem
0;-0.0512;schwindligsten
0;-0.0512;schwindligerem
0;-0.0512;schwindligster
0;-0.0512;schwindligst
0;-0.0512;schwindligstes
0;-0.3372;schwaechen
0;-0.3372;schwaechest
0;-0.3372;schwaechten
0;-0.3372;schwaechet
0;-0.3372;schwaechtest
0;-0.3372;schwaechtet
0;-0.3372;schwaecht
0;-0.3372;schwaechst
0;-0.3372;schwaechte
0;-0.3372;schwaeche
0;-0.3372;geschwaecht
0;-0.3167;schwaechlich
0;-0.3167;schwaechlichsten
0;-0.3167;schwaechlicheren
0;-0.3167;schwaechlicherem
0;-0.3167;schwaechlichstem
0;-0.3167;schwaechlicherer
0;-0.3167;schwaechlicheres
0;-0.3167;schwaechliche
0;-0.3167;schwaechlichere
0;-0.3167;schwaechlichster
0;-0.3167;schwaechlichstes
0;-0.3167;schwaechlichem
0;-0.3167;schwaechlichen
0;-0.3167;schwaechlichste
0;-0.3167;schwaechlicher
0;-0.3167;schwaechliches
0;-0.0421;schaebig
0;-0.0421;schaebigere
0;-0.0421;schaebigeren
0;-0.0421;schaebigster
0;-0.0421;schaebigstes
0;-0.0421;schaebigerem
0;-0.0421;schaebigerer
0;-0.0421;schaebige
0;-0.0421;schaebigeres
0;-0.0421;schaebiges
0;-0.0421;schaebiger
0;-0.0421;schaebigsten
0;-0.0421;schaebigstem
0;-0.0421;schaebigem
0;-0.0421;schaebigen
0;-0.0421;schaebigste
0;-0.1779;schaedigend
0;-0.1779;schaedigende
0;-0.1779;schaedigendem
0;-0.1779;schaedigenden
0;-0.1779;schaedigender
0;-0.1779;schaedigendes
0;-0.1779;schaedigendere
0;-0.3284;schaedigen
0;-0.3284;schaedige
0;-0.3284;schaedigst
0;-0.3284;schaedigt
0;-0.3284;schaedigest
0;-0.3284;schaediget
0;-0.3284;schaedigte
0;-0.3284;schaedigtest
0;-0.3284;schaedigten
0;-0.3284;schaedigtet
0;-0.3284;geschaedigt
0;-0.9269;schaedlich
0;-0.9269;schaedlicher
0;-0.9269;schaedlicheren
0;-0.9269;schaedlichem
0;-0.9269;schaedlichen
0;-0.9269;schaedlicheres
0;-0.9269;schaedlicherer
0;-0.9269;schaedliches
0;-0.9269;schaedlichere
0;-0.9269;schaedlichster
0;-0.9269;schaedlichstes
0;-0.9269;schaedliche
0;-0.9269;schaedlichsten
0;-0.9269;schaedlicherem
0;-0.9269;schaedlichstem
0;-0.9269;schaedlichste
0;-0.893;schaemen
0;-0.893;schaemt
0;-0.893;geschaemt
0;-0.893;schaemtest
0;-0.893;schaemest
0;-0.893;schaemten
0;-0.893;schaemet
0;-0.893;schaemst
0;-0.893;schaeme
0;-0.893;schaemte
0;-0.893;schaemtet
0;-0.1742;seicht
0;-0.1742;seichteste
0;-0.1742;seichteres
0;-0.1742;seichterer
0;-0.1742;seichteren
0;-0.1742;seichten
0;-0.1742;seichtere
0;-0.1742;seichtem
0;-0.1742;seichterem
0;-0.1742;seichtestem
0;-0.1742;seichtesten
0;-0.1742;seichtes
0;-0.1742;seichter
0;-0.1742;seichte
0;-0.1742;seichtester
0;-0.1742;seichtestes
0;-0.0048;seltsam
0;-0.0048;seltsame
0;-0.0048;seltsamerem
0;-0.0048;seltsameren
0;-0.0048;seltsamstem
0;-0.0048;seltsamsten
0;-0.0048;seltsamerer
0;-0.0048;seltsames
0;-0.0048;seltsamer
0;-0.0048;seltsamste
0;-0.0048;seltsamen
0;-0.0048;seltsamem
0;-0.0048;seltsamster
0;-0.0048;seltsamere
0;-0.0048;seltsameres
0;-0.0048;seltsamstes
0;-0.0596;senken
0;-0.0596;senke
0;-0.0596;senket
0;-0.0596;senkest
0;-0.0596;senktet
0;-0.0596;senktest
0;-0.0596;senkt
0;-0.0596;senkte
0;-0.0596;gesenkt
0;-0.0596;senkten
0;-0.0596;senkst
0;-0.2064;sinken
0;-0.2064;sinke
0;-0.2064;sinkst
0;-0.2064;sinkt
0;-0.2064;sinkest
0;-0.2064;sinket
0;-0.2064;sank
0;-0.2064;sankst
0;-0.2064;sanken
0;-0.2064;sankt
0;-0.2064;saenke
0;-0.2064;saenkest
0;-0.2064;saenkst
0;-0.2064;saenken
0;-0.2064;saenket
0;-0.2064;saenkt
0;-0.2064;gesunken
0;-0.6331;sinnlos
0;-0.6331;sinnloseste
0;-0.6331;sinnlosere
0;-0.6331;sinnloserem
0;-0.6331;sinnloses
0;-0.6331;sinnloser
0;-0.6331;sinnlose
0;-0.6331;sinnlosen
0;-0.6331;sinnlosem
0;-0.6331;sinnlosestes
0;-0.6331;sinnlosester
0;-0.6331;sinnlosestem
0;-0.6331;sinnlosesten
0;-0.6331;sinnloseren
0;-0.6331;sinnloseres
0;-0.6331;sinnloserer
0;-0.0048;skandaloes
0;-0.0048;skandaloese
0;-0.0048;skandaloesestem
0;-0.0048;skandaloeserem
0;-0.0048;skandaloeseren
0;-0.0048;skandaloeses
0;-0.0048;skandaloesesten
0;-0.0048;skandaloeser
0;-0.0048;skandaloesere
0;-0.0048;skandaloesestes
0;-0.0048;skandaloesester
0;-0.0048;skandaloesen
0;-0.0048;skandaloesem
0;-0.0048;skandaloeseres
0;-0.0048;skandaloeserer
0;-0.0048;skandaloeseste
0;-0.1985;skeptisch
0;-0.1985;skeptischem
0;-0.1985;skeptischen
0;-0.1985;skeptisches
0;-0.1985;skeptischer
0;-0.1985;skeptischstes
0;-0.1985;skeptischster
0;-0.1985;skeptischeren
0;-0.1985;skeptischstem
0;-0.1985;skeptischsten
0;-0.1985;skeptischerem
0;-0.1985;skeptischere
0;-0.1985;skeptischerer
0;-0.1985;skeptischeres
0;-0.1985;skeptische
0;-0.1985;skeptischste
0;-0.1814;skrupellos
0;-0.1814;skrupellosestem
0;-0.1814;skrupellosesten
0;-0.1814;skrupelloser
0;-0.1814;skrupellosester
0;-0.1814;skrupellose
0;-0.1814;skrupelloses
0;-0.1814;skrupelloserer
0;-0.1814;skrupelloseres
0;-0.1814;skrupelloserem
0;-0.1814;skrupelloseren
0;-0.1814;skrupelloseste
0;-0.1814;skrupellosere
0;-0.1814;skrupellosem
0;-0.1814;skrupellosestes
0;-0.1814;skrupellosen
0;-0.0048;sorgen
0;-0.0048;sorgte
0;-0.0048;sorgst
0;-0.0048;sorgten
0;-0.0048;sorgt
0;-0.0048;gesorgt
0;-0.0048;sorgtet
0;-0.0048;sorgtest
0;-0.0048;sorget
0;-0.0048;sorgest
0;-0.0048;sorge
0;-0.0048;sorgenschwer
0;-0.0048;sorgenschwere
0;-0.0048;sorgenschwereren
0;-0.0048;sorgenschwerster
0;-0.0048;sorgenschwerstes
0;-0.0048;sorgenschwersten
0;-0.0048;sorgenschwererem
0;-0.0048;sorgenschwerere
0;-0.0048;sorgenschwerer
0;-0.0048;sorgenschwerste
0;-0.0048;sorgenschweres
0;-0.0048;sorgenschwerem
0;-0.0048;sorgenschweren
0;-0.0048;sorgenschwerstem
0;-0.0048;sorgenschwererer
0;-0.0048;sorgenschwereres
0;-0.0048;sprengen
0;-0.0048;sprengt
0;-0.0048;sprengest
0;-0.0048;sprenget
0;-0.0048;sprengten
0;-0.0048;sprengst
0;-0.0048;sprengte
0;-0.0048;sprengtet
0;-0.0048;sprengtest
0;-0.0048;sprenge
0;-0.0048;gesprengt
0;-0.038;sproede
0;-0.038;sproedes
0;-0.038;sproederem
0;-0.038;sproedere
0;-0.038;sproederes
0;-0.038;sproederer
0;-0.038;sproedestem
0;-0.038;sproedesten
0;-0.038;sproederen
0;-0.038;sproedester
0;-0.038;sproedeste
0;-0.038;sproedestes
0;-0.038;sproede
0;-0.038;sproedem
0;-0.038;sproeden
0;-0.038;sproeder
0;-0.0048;stagnieren
0;-0.0048;stagniere
0;-0.0048;stagnierst
0;-0.0048;stagniert
0;-0.0048;stagnierest
0;-0.0048;stagnieret
0;-0.0048;stagnierte
0;-0.0048;stagniertest
0;-0.0048;stagnierten
0;-0.0048;stagniertet
0;-0.0048;starr
0;-0.0048;starre
0;-0.0048;starrerer
0;-0.0048;starreres
0;-0.0048;starrere
0;-0.0048;starrerem
0;-0.0048;starreren
0;-0.0048;starrsten
0;-0.0048;starrste
0;-0.0048;starrstem
0;-0.0048;starrstes
0;-0.0048;starrster
0;-0.0048;starres
0;-0.0048;starrer
0;-0.0048;starrem
0;-0.0048;starren
0;-0.0048;statisch
0;-0.0048;statischere
0;-0.0048;statische
0;-0.0048;statischem
0;-0.0048;statischsten
0;-0.0048;statischste
0;-0.0048;statischstem
0;-0.0048;statischen
0;-0.0048;statischster
0;-0.0048;statischstes
0;-0.0048;statischer
0;-0.0048;statisches
0;-0.0048;statischeres
0;-0.0048;statischerer
0;-0.0048;statischerem
0;-0.0048;statischeren
0;-0.4944;stehlen
0;-0.4944;stehle
0;-0.4944;stiehlst
0;-0.4944;stiehlt
0;-0.4944;stehlt
0;-0.4944;stehlest
0;-0.4944;stehlet
0;-0.4944;stahl
0;-0.4944;stahlst
0;-0.4944;stahlen
0;-0.4944;stahlt
0;-0.4944;staehle
0;-0.4944;stoehle
0;-0.4944;staehlest
0;-0.4944;staehlst
0;-0.4944;stoehlest
0;-0.4944;stoehlst
0;-0.4944;staehlen
0;-0.4944;stoehlen
0;-0.4944;staehlet
0;-0.4944;staehlt
0;-0.4944;stoehlet
0;-0.4944;stoehlt
0;-0.4944;gestohlen
0;-0.0048;stilllegen
0;-0.0048;stilllegte
0;-0.0048;stilllegst
0;-0.0048;stillleget
0;-0.0048;stilllegten
0;-0.0048;stilllegest
0;-0.0048;stillgelegt
0;-0.0048;stilllegt
0;-0.0048;stilllege
0;-0.0048;stilllegtet
0;-0.0048;stilllegtest
0;-0.0048;stillstehen
0;-0.0048;stillstehe
0;-0.0048;stillstehst
0;-0.0048;stillsteht
0;-0.0048;stillstehest
0;-0.0048;stillstehet
0;-0.0048;stillstand
0;-0.0048;stillstandest
0;-0.0048;stillstandst
0;-0.0048;stillstanden
0;-0.0048;stillstandet
0;-0.0048;stillstaende
0;-0.0048;stillstuende
0;-0.0048;stillstaendest
0;-0.0048;stillstuendest
0;-0.0048;stillstaenden
0;-0.0048;stillstuenden
0;-0.0048;stillstaendet
0;-0.0048;stillstuendet
0;-0.1634;stinken
0;-0.1634;stinke
0;-0.1634;stinkst
0;-0.1634;stinkt
0;-0.1634;stinkest
0;-0.1634;stinket
0;-0.1634;stank
0;-0.1634;stankst
0;-0.1634;stanken
0;-0.1634;stankt
0;-0.1634;staenke
0;-0.1634;staenkest
0;-0.1634;staenkst
0;-0.1634;staenken
0;-0.1634;staenket
0;-0.1634;staenkt
0;-0.0048;stocken
0;-0.0048;stocktest
0;-0.0048;stocktet
0;-0.0048;stockest
0;-0.0048;stockte
0;-0.0048;stockst
0;-0.0048;stocket
0;-0.0048;stockten
0;-0.0048;stockt
0;-0.0048;stocke
0;-0.0048;gestockt
0;-0.0048;stornieren
0;-0.0048;storniertet
0;-0.0048;storniere
0;-0.0048;stornierten
0;-0.0048;storniert
0;-0.0048;storniertest
0;-0.0048;stornierst
0;-0.0048;stornierte
0;-0.0048;stornieret
0;-0.0048;stornierest
0;-0.0435;stottern
0;-0.0435;stottertest
0;-0.0435;gestottert
0;-0.0435;stotterten
0;-0.0435;stotterst
0;-0.0435;stotteren
0;-0.0435;stottertet
0;-0.0435;stotterte
0;-0.0435;stottere
0;-0.0435;stottert
0;-0.3563;stossen
0;-0.3563;stosse
0;-0.3563;stoesst
0;-0.3563;stosst
0;-0.3563;stossest
0;-0.3563;stosset
0;-0.3563;stiess
0;-0.3563;stiessest
0;-0.3563;stiesst
0;-0.3563;stiessen
0;-0.3563;stiesset
0;-0.3563;gestossen
0;-0.3468;strafbar
0;-0.3468;strafbarster
0;-0.3468;strafbarere
0;-0.3468;strafbarstes
0;-0.3468;strafbarste
0;-0.3468;strafbarstem
0;-0.3468;strafbarsten
0;-0.3468;strafbare
0;-0.3468;strafbarerem
0;-0.3468;strafbareren
0;-0.3468;strafbaren
0;-0.3468;strafbarem
0;-0.3468;strafbarerer
0;-0.3468;strafbarer
0;-0.3468;strafbareres
0;-0.3468;strafbares
0;-0.044;streiken
0;-0.044;streikten
0;-0.044;streikst
0;-0.044;streiket
0;-0.044;streikte
0;-0.044;streikest
0;-0.044;streiktet
0;-0.044;streiktest
0;-0.044;streikt
0;-0.044;streike
0;-0.044;gestreikt
0;-0.0302;streiten
0;-0.0302;streite
0;-0.0302;streitest
0;-0.0302;streitet
0;-0.0302;stritt
0;-0.0302;strittest
0;-0.0302;stritten
0;-0.0302;strittet
0;-0.0302;stritte
0;-0.0302;gestritten
0;-0.3571;streng
0;-0.3571;strenge
0;-0.3571;strengem
0;-0.3571;strengen
0;-0.3571;strenger
0;-0.3571;strenges
0;-0.3571;strengere
0;-0.3571;strengerem
0;-0.3571;strengeren
0;-0.3571;strengerer
0;-0.3571;strengeres
0;-0.3571;strengste
0;-0.3571;strengstem
0;-0.3571;strengsten
0;-0.3571;strengster
0;-0.3571;strengstes
0;-0.3249;strittig
0;-0.3249;strittige
0;-0.3249;strittigem
0;-0.3249;strittigen
0;-0.3249;strittiger
0;-0.3249;strittiges
0;-0.3249;strittigere
0;-0.3249;strittigerem
0;-0.3249;strittigeren
0;-0.3249;strittigerer
0;-0.3249;strittigeres
0;-0.3249;strittigste
0;-0.3249;strittigstem
0;-0.3249;strittigsten
0;-0.3249;strittigster
0;-0.3249;strittigstes
0;-0.0048;stumpfsinnig
0;-0.0048;stumpfsinnigstem
0;-0.0048;stumpfsinnigsten
0;-0.0048;stumpfsinniges
0;-0.0048;stumpfsinniger
0;-0.0048;stumpfsinnige
0;-0.0048;stumpfsinnigerem
0;-0.0048;stumpfsinnigeren
0;-0.0048;stumpfsinnigeres
0;-0.0048;stumpfsinnigerer
0;-0.0048;stumpfsinnigem
0;-0.0048;stumpfsinnigste
0;-0.0048;stumpfsinnigster
0;-0.0048;stumpfsinnigere
0;-0.0048;stumpfsinnigen
0;-0.0048;stumpfsinnigstes
0;-0.0048;stupide
0;-0.0048;stupidesten
0;-0.0048;stupidester
0;-0.0048;stupidestes
0;-0.0048;stupidestem
0;-0.0048;stupideerem
0;-0.0048;stupideen
0;-0.0048;stupideeren
0;-0.0048;stupideem
0;-0.0048;stupideere
0;-0.0048;stupideer
0;-0.0048;stupideerer
0;-0.0048;stupideeres
0;-0.0048;stupidee
0;-0.0048;stupideste
0;-0.0048;stupidees
0;-0.1837;stur
0;-0.1837;stursten
0;-0.1837;sturster
0;-0.1837;sturstes
0;-0.1837;sture
0;-0.1837;sturstem
0;-0.1837;stureres
0;-0.1837;sturer
0;-0.1837;sturerer
0;-0.1837;sturere
0;-0.1837;sturste
0;-0.1837;stures
0;-0.1837;sturerem
0;-0.1837;sturem
0;-0.1837;sturen
0;-0.1837;stureren
0;-0.333;stoeren
0;-0.333;stoerten
0;-0.333;gestoert
0;-0.333;stoertet
0;-0.333;stoert
0;-0.333;stoerst
0;-0.333;stoerte
0;-0.333;stoere
0;-0.333;stoeret
0;-0.333;stoerest
0;-0.333;stoertest
0;-0.0048;stuemperhaft
0;-0.0048;stuemperhafteren
0;-0.0048;stuemperhafterer
0;-0.0048;stuemperhaftestem
0;-0.0048;stuemperhaftesten
0;-0.0048;stuemperhafteres
0;-0.0048;stuemperhafter
0;-0.0048;stuemperhaftes
0;-0.0048;stuemperhaftem
0;-0.0048;stuemperhaften
0;-0.0048;stuemperhaftere
0;-0.0048;stuemperhafterem
0;-0.0048;stuemperhafte
0;-0.0048;stuemperhaftestes
0;-0.0048;stuemperhaftester
0;-0.0048;stuemperhafteste
0;-0.0048;stuermisch
0;-0.0048;stuermischsten
0;-0.0048;stuermischer
0;-0.0048;stuermisches
0;-0.0048;stuermischstem
0;-0.0048;stuermischeres
0;-0.0048;stuermischste
0;-0.0048;stuermischstes
0;-0.0048;stuermischerer
0;-0.0048;stuermische
0;-0.0048;stuermischem
0;-0.0048;stuermischerem
0;-0.0048;stuermischeren
0;-0.0048;stuermischster
0;-0.0048;stuermischen
0;-0.0048;stuermischere
0;-0.1975;stuerzen
0;-0.1975;stuerze
0;-0.1975;stuerzt
0;-0.1975;stuerzet
0;-0.1975;gestuerzt
0;-0.1975;stuerzest
0;-0.1975;stuerztet
0;-0.1975;stuerzte
0;-0.1975;stuerztest
0;-0.1975;stuerzten
0;-0.0048;suboptimal
0;-0.0048;suboptimale
0;-0.0048;suboptimalem
0;-0.0048;suboptimalen
0;-0.0048;suboptimaler
0;-0.0048;suboptimales
0;-0.0048;suboptimalere
0;-0.0048;suboptimalerem
0;-0.0048;suboptimaleren
0;-0.0048;suboptimalerer
0;-0.0048;suboptimaleres
0;-0.0048;suboptimalste
0;-0.0048;suboptimalstem
0;-0.0048;suboptimalsten
0;-0.0048;suboptimalster
0;-0.0048;suboptimalstes
0;-0.3234;tadeln
0;-0.3234;tadele
0;-0.3234;tadle
0;-0.3234;tadelst
0;-0.3234;tadelt
0;-0.3234;tadlest
0;-0.3234;tadlet
0;-0.3234;tadelte
0;-0.3234;tadeltest
0;-0.3234;tadelten
0;-0.3234;tadeltet
0;-0.3234;getadelt
0;-0.0048;tadelnswert
0;-0.0048;tadelnswerte
0;-0.0048;tadelnswertem
0;-0.0048;tadelnswerten
0;-0.0048;tadelnswerter
0;-0.0048;tadelnswertes
0;-0.0048;tatenlos
0;-0.0048;tatenloseste
0;-0.0048;tatenlose
0;-0.0048;tatenlosestes
0;-0.0048;tatenloseres
0;-0.0048;tatenlosester
0;-0.0048;tatenloserer
0;-0.0048;tatenlosestem
0;-0.0048;tatenlosesten
0;-0.0048;tatenlosere
0;-0.0048;tatenloser
0;-0.0048;tatenloses
0;-0.0048;tatenlosen
0;-0.0048;tatenloserem
0;-0.0048;tatenlosem
0;-0.0048;tatenloseren
0;-0.0048;terrorisieren
0;-0.0048;terrorisierst
0;-0.0048;terrorisierest
0;-0.0048;terrorisierte
0;-0.0048;terrorisierten
0;-0.0048;terrorisiere
0;-0.0048;terrorisiert
0;-0.0048;terrorisiertet
0;-0.0048;terrorisieret
0;-0.0048;terrorisiertest
0;-0.2716;teuer
0;-0.2716;teuren
0;-0.2716;teurem
0;-0.2716;teure
0;-0.2716;teurerer
0;-0.2716;teuerstes
0;-0.2716;teureres
0;-0.2716;teureren
0;-0.2716;teures
0;-0.2716;teurer
0;-0.2716;teurerem
0;-0.2716;teurere
0;-0.2716;teuerste
0;-0.2716;teuerster
0;-0.2716;teuersten
0;-0.2716;teuerstem
0;-0.1677;teuflisch
0;-0.1677;teuflische
0;-0.1677;teuflischem
0;-0.1677;teuflischen
0;-0.1677;teuflischer
0;-0.1677;teuflisches
0;-0.1677;teuflischere
0;-0.1677;teuflischerem
0;-0.1677;teuflischeren
0;-0.1677;teuflischerer
0;-0.1677;teuflischeres
0;-0.1677;teuflischste
0;-0.1677;teuflischstem
0;-0.1677;teuflischsten
0;-0.1677;teuflischster
0;-0.1677;teuflischstes
0;-0.1683;tot
0;-0.1683;tote
0;-0.1683;totem
0;-0.1683;toten
0;-0.1683;toter
0;-0.1683;totes
0;-0.0048;totalitaer
0;-0.0048;totalitaere
0;-0.0048;totalitaerem
0;-0.0048;totalitaeren
0;-0.0048;totalitaerer
0;-0.0048;totalitaeres
0;-0.0048;totalitaerere
0;-0.0048;totalitaererem
0;-0.0048;totalitaereren
0;-0.0048;totalitaererer
0;-0.0048;totalitaereres
0;-0.0048;totalitaerste
0;-0.0048;totalitaerstem
0;-0.0048;totalitaersten
0;-0.0048;totalitaerster
0;-0.0048;totalitaerstes
0;-0.1847;tragisch
0;-0.1847;tragische
0;-0.1847;tragischem
0;-0.1847;tragischen
0;-0.1847;tragischer
0;-0.1847;tragisches
0;-0.1847;tragischere
0;-0.1847;tragischerem
0;-0.1847;tragischeren
0;-0.1847;tragischerer
0;-0.1847;tragischeres
0;-0.1847;tragischste
0;-0.1847;tragischstem
0;-0.1847;tragischsten
0;-0.1847;tragischster
0;-0.1847;tragischstes
0;-0.1945;trauern
0;-0.1945;trauertet
0;-0.1945;trauerte
0;-0.1945;trauer
0;-0.1945;trauerst
0;-0.1945;trauertest
0;-0.1945;getrauert
0;-0.1945;trauerten
0;-0.1945;traueren
0;-0.1945;trauere
0;-0.1945;trauert
0;-0.0048;traumatisch
0;-0.0048;traumatischste
0;-0.0048;traumatische
0;-0.0048;traumatischeres
0;-0.0048;traumatischerer
0;-0.0048;traumatischeren
0;-0.0048;traumatischerem
0;-0.0048;traumatischster
0;-0.0048;traumatisches
0;-0.0048;traumatischer
0;-0.0048;traumatischstes
0;-0.0048;traumatischen
0;-0.0048;traumatischem
0;-0.0048;traumatischsten
0;-0.0048;traumatischere
0;-0.0048;traumatischstem
0;-0.0048;traumatisieren
0;-0.0048;traumatisiere
0;-0.0048;traumatisierst
0;-0.0048;traumatisiert
0;-0.0048;traumatisierest
0;-0.0048;traumatisiret
0;-0.0048;traumatisierte
0;-0.0048;traumatisiertest
0;-0.0048;traumatisierten
0;-0.0048;traumatisiertet
0;-0.1266;traurig
0;-0.1266;traurige
0;-0.1266;traurigem
0;-0.1266;traurigen
0;-0.1266;trauriger
0;-0.1266;trauriges
0;-0.1266;traurigere
0;-0.1266;traurigerem
0;-0.1266;traurigeren
0;-0.1266;traurigerer
0;-0.1266;traurigeres
0;-0.1266;traurigste
0;-0.1266;traurigstem
0;-0.1266;traurigsten
0;-0.1266;traurigster
0;-0.1266;traurigstes
0;-0.5033;trennen
0;-0.5033;trennst
0;-0.5033;trennten
0;-0.5033;trennte
0;-0.5033;trenntest
0;-0.5033;trennt
0;-0.5033;trenne
0;-0.5033;trennet
0;-0.5033;trennest
0;-0.5033;trenntet
0;-0.5033;getrennt
0;-0.0424;trist
0;-0.0424;tristeren
0;-0.0424;tristerem
0;-0.0424;tristestes
0;-0.0424;tristeres
0;-0.0424;tristerer
0;-0.0424;tristesten
0;-0.0424;tristestem
0;-0.0424;tristester
0;-0.0424;tristeste
0;-0.0424;tristere
0;-0.0424;triste
0;-0.0424;tristen
0;-0.0424;tristem
0;-0.0424;tristes
0;-0.0424;trister
0;-0.0467;trostlos
0;-0.0467;trostlosester
0;-0.0467;trostlosestes
0;-0.0467;trostlosere
0;-0.0467;trostloseren
0;-0.0467;trostloser
0;-0.0467;trostlosesten
0;-0.0467;trostloses
0;-0.0467;trostloserem
0;-0.0467;trostlosestem
0;-0.0467;trostloseres
0;-0.0467;trostloserer
0;-0.0467;trostlosem
0;-0.0467;trostloseste
0;-0.0467;trostlosen
0;-0.0467;trostlose
0;-0.0048;trottelig
0;-0.0048;trotteligeren
0;-0.0048;trotteligste
0;-0.0048;trotteligerem
0;-0.0048;trotteliger
0;-0.0048;trotteligsten
0;-0.0048;trotteligstes
0;-0.0048;trotteligster
0;-0.0048;trotteliges
0;-0.0048;trotteligstem
0;-0.0048;trotteligere
0;-0.0048;trottelige
0;-0.0048;trotteligem
0;-0.0048;trotteligen
0;-0.0048;trotteligeres
0;-0.0048;trotteligerer
0;-0.0048;trotten
0;-0.0048;trotette
0;-0.0048;trottet
0;-0.0048;getrottet
0;-0.0048;trotettet
0;-0.0048;trotettest
0;-0.0048;trotte
0;-0.0048;trottest
0;-0.0048;trotetten
0;-0.0048;trotteten
0;-0.0048;trottetet
0;-0.0048;trottetest
0;-0.0048;trottete
0;-0.0048;trotzen
0;-0.0048;trotztest
0;-0.0048;trotzten
0;-0.0048;trotzt
0;-0.0048;trotzte
0;-0.0048;trotzest
0;-0.0048;getrotzt
0;-0.0048;trotze
0;-0.0048;trotzet
0;-0.0048;trotztet
0;-0.3272;traege
0;-0.3272;traegestem
0;-0.3272;traegesten
0;-0.3272;traegeste
0;-0.3272;traegem
0;-0.3272;traegen
0;-0.3272;traegerem
0;-0.3272;traegeren
0;-0.3272;traeger
0;-0.3272;traegerer
0;-0.3272;traegeres
0;-0.3272;traeges
0;-0.3272;traegestes
0;-0.3272;traegest
0;-0.3272;traegester
0;-0.3272;traegere
0;-0.0048;trueb
0;-0.0048;truebste
0;-0.0048;truebere
0;-0.0048;truebsten
0;-0.0048;trueben
0;-0.0048;truebstem
0;-0.0048;truebem
0;-0.0048;trueberer
0;-0.0048;trueberes
0;-0.0048;truebster
0;-0.0048;truebes
0;-0.0048;truebstes
0;-0.0048;trueberem
0;-0.0048;trueberen
0;-0.0048;trueber
0;-0.0048;truebe
0;-0.1874;truegerisch
0;-0.1874;truegerischere
0;-0.1874;truegerische
0;-0.1874;truegerischstem
0;-0.1874;truegerischsten
0;-0.1874;truegerischen
0;-0.1874;truegerischem
0;-0.1874;truegerischer
0;-0.1874;truegerisches
0;-0.1874;truegerischstes
0;-0.1874;truegerischster
0;-0.1874;truegerischerer
0;-0.1874;truegerischste
0;-0.1874;truegerischeres
0;-0.1874;truegerischeren
0;-0.1874;truegerischerem
0;-0.0048;turbulent
0;-0.0048;turbulenten
0;-0.0048;turbulenterer
0;-0.0048;turbulenteres
0;-0.0048;turbulenteren
0;-0.0048;turbulenterem
0;-0.0048;turbulentem
0;-0.0048;turbulentesten
0;-0.0048;turbulentere
0;-0.0048;turbulenteste
0;-0.0048;turbulentestem
0;-0.0048;turbulentester
0;-0.0048;turbulentestes
0;-0.0048;turbulente
0;-0.0048;turbulentes
0;-0.0048;turbulenter
0;-0.0048;tyrannisch
0;-0.0048;tyrannischstes
0;-0.0048;tyrannischerem
0;-0.0048;tyrannischeren
0;-0.0048;tyrannischster
0;-0.0048;tyrannischerer
0;-0.0048;tyrannischeres
0;-0.0048;tyrannischen
0;-0.0048;tyrannischem
0;-0.0048;tyrannische
0;-0.0048;tyrannischere
0;-0.0048;tyrannisches
0;-0.0048;tyrannischer
0;-0.0048;tyrannischsten
0;-0.0048;tyrannischste
0;-0.0048;tyrannischstem
0;-0.6192;taeuschen
0;-0.6192;taeuschtet
0;-0.6192;taeuschtest
0;-0.6192;taeuschet
0;-0.6192;taeuscht
0;-0.6192;taeusche
0;-0.6192;getaeuscht
0;-0.6192;taeuschst
0;-0.6192;taeuschten
0;-0.6192;taeuschte
0;-0.6192;taeuschest
0;-0.3487;toedlich
0;-0.3487;toedlichere
0;-0.3487;toedlichsten
0;-0.3487;toedlichem
0;-0.3487;toedlichen
0;-0.3487;toedlichstem
0;-0.3487;toedlichstes
0;-0.3487;toedlichster
0;-0.3487;toedliches
0;-0.3487;toedlichste
0;-0.3487;toedlicher
0;-0.3487;toedlicheres
0;-0.3487;toedlicherer
0;-0.3487;toedlicheren
0;-0.3487;toedlicherem
0;-0.3487;toedliche
0;-0.471;toericht
0;-0.471;toerichterem
0;-0.471;toerichtsten
0;-0.471;toerichteren
0;-0.471;toerichtstes
0;-0.471;toerichtster
0;-0.471;toerichter
0;-0.471;toerichtes
0;-0.471;toerichtste
0;-0.471;toerichtere
0;-0.471;toerichterer
0;-0.471;toerichteres
0;-0.471;toerichte
0;-0.471;toerichtem
0;-0.471;toerichten
0;-0.471;toerichtstem
0;-0.5203;toeten
0;-0.5203;toetetet
0;-0.5203;getoetet
0;-0.5203;toete
0;-0.5203;toetet
0;-0.5203;toetete
0;-0.5203;toetest
0;-0.5203;toeten
0;-0.5203;toetetest
0;-0.5203;toettet
0;-0.5203;toeteten
0;-0.0048;umgetauscht
0;-0.0048;umgetauschte
0;-0.0048;umgetauschtem
0;-0.0048;umgetauschten
0;-0.0048;umgetauschter
0;-0.0048;umgetauschtes
0;-0.0048;umstritten
0;-0.0048;umstrittenerer
0;-0.0048;umstritteneres
0;-0.0048;umstrittenstes
0;-0.0048;umstrittenster
0;-0.0048;umstrittensten
0;-0.0048;umstrittene
0;-0.0048;umstrittenstem
0;-0.0048;umstrittener
0;-0.0048;umstrittenes
0;-0.0048;umstrittenen
0;-0.0048;umstrittenem
0;-0.0048;umstrittenere
0;-0.0048;umstritteneren
0;-0.0048;umstrittenste
0;-0.0048;umstrittenerem
0;-0.3487;umstaendlich
0;-0.3487;umstaendliche
0;-0.3487;umstaendlichstes
0;-0.3487;umstaendlichster
0;-0.3487;umstaendlicher
0;-0.3487;umstaendliches
0;-0.3487;umstaendlichen
0;-0.3487;umstaendlichem
0;-0.3487;umstaendlichstem
0;-0.3487;umstaendlichsten
0;-0.3487;umstaendlichste
0;-0.3487;umstaendlicherem
0;-0.3487;umstaendlicheren
0;-0.3487;umstaendlicheres
0;-0.3487;umstaendlichere
0;-0.3487;umstaendlicherer
0;-0.0048;umtauschen
0;-0.0048;umtauschtest
0;-0.0048;umtausche
0;-0.0048;umtauscht
0;-0.0048;umtauschten
0;-0.0048;umtauschet
0;-0.0048;umtauschte
0;-0.0048;umtauschst
0;-0.0048;umgetauscht
0;-0.0048;umtauschtet
0;-0.0048;umtauschest
0;-0.0048;umweltschaedlich
0;-0.0048;umweltschaedlichem
0;-0.0048;umweltschaedlichen
0;-0.0048;umweltschaedlichstem
0;-0.0048;umweltschaedlichsten
0;-0.0048;umweltschaedlicheres
0;-0.0048;umweltschaedlicherer
0;-0.0048;umweltschaedlicher
0;-0.0048;umweltschaedlicheren
0;-0.0048;umweltschaedlichster
0;-0.0048;umweltschaedlicherem
0;-0.0048;umweltschaedliches
0;-0.0048;umweltschaedlichstes
0;-0.0048;umweltschaedliche
0;-0.0048;umweltschaedlichere
0;-0.0048;umweltschaedlichste
0;-0.4488;unachtsam
0;-0.4488;unachtsamster
0;-0.4488;unachtsamstes
0;-0.4488;unachtsamer
0;-0.4488;unachtsames
0;-0.4488;unachtsamsten
0;-0.4488;unachtsamem
0;-0.4488;unachtsamen
0;-0.4488;unachtsameres
0;-0.4488;unachtsamerer
0;-0.4488;unachtsamstem
0;-0.4488;unachtsame
0;-0.4488;unachtsamere
0;-0.4488;unachtsamerem
0;-0.4488;unachtsameren
0;-0.4488;unachtsamste
0;-0.4883;unangemessen
0;-0.4883;unangemessenstes
0;-0.4883;unangemessener
0;-0.4883;unangemessenes
0;-0.4883;unangemessenster
0;-0.4883;unangemessene
0;-0.4883;unangemessenerer
0;-0.4883;unangemessenerem
0;-0.4883;unangemessenste
0;-0.4883;unangemesseneren
0;-0.4883;unangemessenere
0;-0.4883;unangemesseneres
0;-0.4883;unangemessensten
0;-0.4883;unangemessenstem
0;-0.4883;unangemessenem
0;-0.4883;unangemessenen
0;-0.4691;unangenehm
0;-0.4691;unangenehmstes
0;-0.4691;unangenehmem
0;-0.4691;unangenehmster
0;-0.4691;unangenehmen
0;-0.4691;unangenehmste
0;-0.4691;unangenehmere
0;-0.4691;unangenehmsten
0;-0.4691;unangenehmer
0;-0.4691;unangenehmes
0;-0.4691;unangenehmstem
0;-0.4691;unangenehme
0;-0.4691;unangenehmerem
0;-0.4691;unangenehmeren
0;-0.4691;unangenehmerer
0;-0.4691;unangenehmeres
0;-0.0441;unanstaendig
0;-0.0441;unanstaendigeren
0;-0.0441;unanstaendigerem
0;-0.0441;unanstaendigen
0;-0.0441;unanstaendigem
0;-0.0441;unanstaendigerer
0;-0.0441;unanstaendiges
0;-0.0441;unanstaendiger
0;-0.0441;unanstaendigeres
0;-0.0441;unanstaendigstes
0;-0.0441;unanstaendige
0;-0.0441;unanstaendigste
0;-0.0441;unanstaendigere
0;-0.0441;unanstaendigsten
0;-0.0441;unanstaendigstem
0;-0.0441;unanstaendigster
0;-0.4656;unattraktiv
0;-0.4656;unattraktive
0;-0.4656;unattraktivem
0;-0.4656;unattraktiven
0;-0.4656;unattraktiver
0;-0.4656;unattraktives
0;-0.4656;unattraktivere
0;-0.4656;unattraktiverem
0;-0.4656;unattraktiveren
0;-0.4656;unattraktiverer
0;-0.4656;unattraktiveres
0;-0.4656;unattraktivste
0;-0.4656;unattraktivstem
0;-0.4656;unattraktivsten
0;-0.4656;unattraktivster
0;-0.4656;unattraktivstes
0;-0.0048;unaufgefordert
0;-0.0048;unaufgefordertster
0;-0.0048;unaufgefordertere
0;-0.0048;unaufgefordertem
0;-0.0048;unaufgefordertstes
0;-0.0048;unaufgeforderten
0;-0.0048;unaufgeforderteren
0;-0.0048;unaufgeforderterem
0;-0.0048;unaufgeforderterer
0;-0.0048;unaufgeforderteres
0;-0.0048;unaufgeforderte
0;-0.0048;unaufgeforderter
0;-0.0048;unaufgefordertste
0;-0.0048;unaufgefordertes
0;-0.0048;unaufgefordertsten
0;-0.0048;unaufgefordertstem
0;-0.0048;unaufhoerlich
0;-0.0048;unaufhoerliche
0;-0.0048;unaufhoerlichsten
0;-0.0048;unaufhoerlicher
0;-0.0048;unaufhoerliches
0;-0.0048;unaufhoerlichstem
0;-0.0048;unaufhoerlichem
0;-0.0048;unaufhoerlichster
0;-0.0048;unaufhoerlichen
0;-0.0048;unaufhoerlichere
0;-0.0048;unaufhoerlichstes
0;-0.0048;unaufhoerlicheres
0;-0.0048;unaufhoerlicheren
0;-0.0048;unaufhoerlicherem
0;-0.0048;unaufhoerlicherer
0;-0.0048;unaufhoerlichste
0;-0.3091;unaufrichtig
0;-0.3091;unaufrichtiges
0;-0.3091;unaufrichtiger
0;-0.3091;unaufrichtigere
0;-0.3091;unaufrichtigstem
0;-0.3091;unaufrichtigsten
0;-0.3091;unaufrichtigster
0;-0.3091;unaufrichtigstes
0;-0.3091;unaufrichtigem
0;-0.3091;unaufrichtigen
0;-0.3091;unaufrichtigste
0;-0.3091;unaufrichtige
0;-0.3091;unaufrichtigeres
0;-0.3091;unaufrichtigerer
0;-0.3091;unaufrichtigerem
0;-0.3091;unaufrichtigeren
0;-0.3257;unbarmherzig
0;-0.3257;unbarmherzigstes
0;-0.3257;unbarmherzigster
0;-0.3257;unbarmherzigsten
0;-0.3257;unbarmherzigere
0;-0.3257;unbarmherzigeren
0;-0.3257;unbarmherziger
0;-0.3257;unbarmherziges
0;-0.3257;unbarmherzigerem
0;-0.3257;unbarmherzigste
0;-0.3257;unbarmherzigen
0;-0.3257;unbarmherzigeres
0;-0.3257;unbarmherzigem
0;-0.3257;unbarmherzigerer
0;-0.3257;unbarmherzigstem
0;-0.3257;unbarmherzige
0;-0.051;unbedacht
0;-0.051;unbedachteren
0;-0.051;unbedachtes
0;-0.051;unbedachte
0;-0.051;unbedachter
0;-0.051;unbedachterem
0;-0.051;unbedachtester
0;-0.051;unbedachtestes
0;-0.051;unbedachtesten
0;-0.051;unbedachteste
0;-0.051;unbedachtestem
0;-0.051;unbedachtem
0;-0.051;unbedachten
0;-0.051;unbedachterer
0;-0.051;unbedachtere
0;-0.051;unbedachteres
0;-0.6134;unbedeutend
0;-0.6134;unbedeutende
0;-0.6134;unbedeutendste
0;-0.6134;unbedeutenden
0;-0.6134;unbedeutenderem
0;-0.6134;unbedeutendster
0;-0.6134;unbedeutenderen
0;-0.6134;unbedeutendstes
0;-0.6134;unbedeutender
0;-0.6134;unbedeutendstem
0;-0.6134;unbedeutendsten
0;-0.6134;unbedeutendes
0;-0.6134;unbedeutenderer
0;-0.6134;unbedeutendere
0;-0.6134;unbedeutenderes
0;-0.6134;unbedeutendem
0;-0.3343;unbefriedigend
0;-0.3343;unbefriedigenderen
0;-0.3343;unbefriedigendstem
0;-0.3343;unbefriedigendsten
0;-0.3343;unbefriedigenderem
0;-0.3343;unbefriedigenden
0;-0.3343;unbefriedigenderer
0;-0.3343;unbefriedigende
0;-0.3343;unbefriedigendem
0;-0.3343;unbefriedigender
0;-0.3343;unbefriedigendes
0;-0.3343;unbefriedigendstes
0;-0.3343;unbefriedigenderes
0;-0.3343;unbefriedigendster
0;-0.3343;unbefriedigendere
0;-0.3343;unbefriedigendste
0;-0.319;unbefriedigt
0;-0.319;unbefriedigteren
0;-0.319;unbefriedigtster
0;-0.319;unbefriedigtstes
0;-0.319;unbefriedigte
0;-0.319;unbefriedigtere
0;-0.319;unbefriedigtsten
0;-0.319;unbefriedigterem
0;-0.319;unbefriedigtem
0;-0.319;unbefriedigten
0;-0.319;unbefriedigter
0;-0.319;unbefriedigtes
0;-0.319;unbefriedigtstem
0;-0.319;unbefriedigteres
0;-0.319;unbefriedigterer
0;-0.319;unbefriedigtste
0;-0.0048;unbefugt
0;-0.0048;unbefugtestes
0;-0.0048;unbefugtester
0;-0.0048;unbefugtere
0;-0.0048;unbefugtestem
0;-0.0048;unbefugtesten
0;-0.0048;unbefugteres
0;-0.0048;unbefugte
0;-0.0048;unbefugterer
0;-0.0048;unbefugteren
0;-0.0048;unbefugtem
0;-0.0048;unbefugten
0;-0.0048;unbefugterem
0;-0.0048;unbefugtes
0;-0.0048;unbefugteste
0;-0.0048;unbefugter
0;-0.4923;unbegruendet
0;-0.4923;unbegruendetstes
0;-0.4923;unbegruendetster
0;-0.4923;unbegruendeterem
0;-0.4923;unbegruendetsten
0;-0.4923;unbegruendetstem
0;-0.4923;unbegruendeterer
0;-0.4923;unbegruendeteres
0;-0.4923;unbegruendeteren
0;-0.4923;unbegruendetes
0;-0.4923;unbegruendetere
0;-0.4923;unbegruendetste
0;-0.4923;unbegruendete
0;-0.4923;unbegruendeter
0;-0.4923;unbegruendeten
0;-0.4923;unbegruendetem
0;-0.3266;unbeliebt
0;-0.3266;unbeliebterer
0;-0.3266;unbeliebteste
0;-0.3266;unbeliebtester
0;-0.3266;unbeliebteres
0;-0.3266;unbeliebtestes
0;-0.3266;unbeliebtes
0;-0.3266;unbeliebter
0;-0.3266;unbeliebtestem
0;-0.3266;unbeliebtesten
0;-0.3266;unbeliebten
0;-0.3266;unbeliebtem
0;-0.3266;unbeliebterem
0;-0.3266;unbeliebteren
0;-0.3266;unbeliebte
0;-0.3266;unbeliebtere
0;-0.0237;unbequem
0;-0.0237;unbequemeres
0;-0.0237;unbequemerer
0;-0.0237;unbequemem
0;-0.0237;unbequemen
0;-0.0237;unbequemes
0;-0.0237;unbequemer
0;-0.0237;unbequemstes
0;-0.0237;unbequemster
0;-0.0237;unbequemsten
0;-0.0237;unbequemstem
0;-0.0237;unbequemerem
0;-0.0237;unbequemste
0;-0.0237;unbequemeren
0;-0.0237;unbequeme
0;-0.0237;unbequemere
0;-0.3393;unberechtigt
0;-0.3393;unberechtigtere
0;-0.3393;unberechtigteren
0;-0.3393;unberechtigtes
0;-0.3393;unberechtigter
0;-0.3393;unberechtigtstem
0;-0.3393;unberechtigterem
0;-0.3393;unberechtigte
0;-0.3393;unberechtigtsten
0;-0.3393;unberechtigteres
0;-0.3393;unberechtigterer
0;-0.3393;unberechtigtste
0;-0.3393;unberechtigtster
0;-0.3393;unberechtigten
0;-0.3393;unberechtigtstes
0;-0.3393;unberechtigtem
0;-0.3322;unbestimmt
0;-0.3322;unbestimmte
0;-0.3322;unbestimmtestem
0;-0.3322;unbestimmtesten
0;-0.3322;unbestimmteres
0;-0.3322;unbestimmtester
0;-0.3322;unbestimmterer
0;-0.3322;unbestimmtestes
0;-0.3322;unbestimmterem
0;-0.3322;unbestimmteren
0;-0.3322;unbestimmtere
0;-0.3322;unbestimmtes
0;-0.3322;unbestimmter
0;-0.3322;unbestimmteste
0;-0.3322;unbestimmten
0;-0.3322;unbestimmtem
0;-0.3113;unbewiesen
0;-0.3113;unbewieseneres
0;-0.3113;unbewiesener
0;-0.3113;unbewiesenes
0;-0.3113;unbewiesenstem
0;-0.3113;unbewiesensten
0;-0.3113;unbewiesene
0;-0.3113;unbewiesenere
0;-0.3113;unbewiesenste
0;-0.3113;unbewiesenerem
0;-0.3113;unbewieseneren
0;-0.3113;unbewiesenster
0;-0.3113;unbewiesenem
0;-0.3113;unbewiesenstes
0;-0.3113;unbewiesenerer
0;-0.3113;unbewiesenen
0;-0.0048;unbotmaessig
0;-0.0048;unbotmaessiges
0;-0.0048;unbotmaessiger
0;-0.0048;unbotmaessigerer
0;-0.0048;unbotmaessigeres
0;-0.0048;unbotmaessigen
0;-0.0048;unbotmaessigem
0;-0.0048;unbotmaessigsten
0;-0.0048;unbotmaessigstem
0;-0.0048;unbotmaessige
0;-0.0048;unbotmaessigstes
0;-0.0048;unbotmaessigste
0;-0.0048;unbotmaessigster
0;-0.0048;unbotmaessigere
0;-0.0048;unbotmaessigeren
0;-0.0048;unbotmaessigerem
0;-0.4727;unbrauchbar
0;-0.4727;unbrauchbare
0;-0.4727;unbrauchbarem
0;-0.4727;unbrauchbaren
0;-0.4727;unbrauchbarer
0;-0.4727;unbrauchbares
0;-0.4727;unbrauchbarere
0;-0.4727;unbrauchbarerem
0;-0.4727;unbrauchbareren
0;-0.4727;unbrauchbarerer
0;-0.4727;unbrauchbareres
0;-0.4727;unbrauchbarste
0;-0.4727;unbrauchbarstem
0;-0.4727;unbrauchbarsten
0;-0.4727;unbrauchbarster
0;-0.4727;unbrauchbarstes
0;-0.3156;undankbar
0;-0.3156;undankbareren
0;-0.3156;undankbarerem
0;-0.3156;undankbarerer
0;-0.3156;undankbareres
0;-0.3156;undankbarste
0;-0.3156;undankbarere
0;-0.3156;undankbarstes
0;-0.3156;undankbarem
0;-0.3156;undankbarster
0;-0.3156;undankbaren
0;-0.3156;undankbarsten
0;-0.3156;undankbare
0;-0.3156;undankbarer
0;-0.3156;undankbares
0;-0.3156;undankbarstem
0;-0.3259;undemokratisch
0;-0.3259;undemokratischen
0;-0.3259;undemokratischem
0;-0.3259;undemokratische
0;-0.3259;undemokratischeres
0;-0.3259;undemokratischstem
0;-0.3259;undemokratischsten
0;-0.3259;undemokratischste
0;-0.3259;undemokratischster
0;-0.3259;undemokratischerer
0;-0.3259;undemokratischere
0;-0.3259;undemokratischeren
0;-0.3259;undemokratischstes
0;-0.3259;undemokratischerem
0;-0.3259;undemokratischer
0;-0.3259;undemokratisches
0;-0.0048;undiplomatisch
0;-0.0048;undiplomatischstem
0;-0.0048;undiplomatischerem
0;-0.0048;undiplomatischsten
0;-0.0048;undiplomatischstes
0;-0.0048;undiplomatischster
0;-0.0048;undiplomatische
0;-0.0048;undiplomatischere
0;-0.0048;undiplomatischste
0;-0.0048;undiplomatisches
0;-0.0048;undiplomatischeren
0;-0.0048;undiplomatischer
0;-0.0048;undiplomatischem
0;-0.0048;undiplomatischerer
0;-0.0048;undiplomatischen
0;-0.0048;undiplomatischeres
0;-0.0048;undiszipliniert
0;-0.0048;undisziplinierterem
0;-0.0048;undisziplinierteren
0;-0.0048;undisziplinierten
0;-0.0048;undiszipliniertere
0;-0.0048;undiszipliniertestes
0;-0.0048;undiszipliniertem
0;-0.0048;undiszipliniertester
0;-0.0048;undisziplinierterer
0;-0.0048;undisziplinierteres
0;-0.0048;undisziplinierteste
0;-0.0048;undiszipliniertesten
0;-0.0048;undisziplinierte
0;-0.0048;undisziplinierter
0;-0.0048;undiszipliniertes
0;-0.0048;undiszipliniertestem
0;-0.0048;undurchfuehrbar
0;-0.0048;undurchfuehrbareren
0;-0.0048;undurchfuehrbarerem
0;-0.0048;undurchfuehrbarem
0;-0.0048;undurchfuehrbaren
0;-0.0048;undurchfuehrbarstem
0;-0.0048;undurchfuehrbare
0;-0.0048;undurchfuehrbareres
0;-0.0048;undurchfuehrbarsten
0;-0.0048;undurchfuehrbarere
0;-0.0048;undurchfuehrbarerer
0;-0.0048;undurchfuehrbarstes
0;-0.0048;undurchfuehrbarster
0;-0.0048;undurchfuehrbarer
0;-0.0048;undurchfuehrbares
0;-0.0048;undurchfuehrbarste
0;-0.3279;undurchsichtig
0;-0.3279;undurchsichtigere
0;-0.3279;undurchsichtiger
0;-0.3279;undurchsichtige
0;-0.3279;undurchsichtigem
0;-0.3279;undurchsichtigen
0;-0.3279;undurchsichtigerem
0;-0.3279;undurchsichtigste
0;-0.3279;undurchsichtiges
0;-0.3279;undurchsichtigeren
0;-0.3279;undurchsichtigstes
0;-0.3279;undurchsichtigster
0;-0.3279;undurchsichtigeres
0;-0.3279;undurchsichtigerer
0;-0.3279;undurchsichtigsten
0;-0.3279;undurchsichtigstem
0;-0.327;unehrlich
0;-0.327;unehrliche
0;-0.327;unehrlichstes
0;-0.327;unehrlichster
0;-0.327;unehrlicherer
0;-0.327;unehrlicheres
0;-0.327;unehrlichsten
0;-0.327;unehrlichstem
0;-0.327;unehrlichere
0;-0.327;unehrlicherem
0;-0.327;unehrlicheren
0;-0.327;unehrlichen
0;-0.327;unehrlichem
0;-0.327;unehrlichste
0;-0.327;unehrlicher
0;-0.327;unehrliches
0;-0.0048;uneinig
0;-0.0048;uneinigeren
0;-0.0048;uneinigerem
0;-0.0048;uneinigere
0;-0.0048;uneinigem
0;-0.0048;uneinigsten
0;-0.0048;uneinigstem
0;-0.0048;uneinigen
0;-0.0048;uneinigster
0;-0.0048;uneinigerer
0;-0.0048;uneiniges
0;-0.0048;uneinigstes
0;-0.0048;uneiniger
0;-0.0048;uneinigeres
0;-0.0048;uneinigste
0;-0.0048;uneinige
0;-0.0048;uneinsichtig
0;-0.0048;uneinsichtigerer
0;-0.0048;uneinsichtiger
0;-0.0048;uneinsichtigeres
0;-0.0048;uneinsichtigste
0;-0.0048;uneinsichtiges
0;-0.0048;uneinsichtigsten
0;-0.0048;uneinsichtigster
0;-0.0048;uneinsichtigstes
0;-0.0048;uneinsichtige
0;-0.0048;uneinsichtigstem
0;-0.0048;uneinsichtigerem
0;-0.0048;uneinsichtigen
0;-0.0048;uneinsichtigere
0;-0.0048;uneinsichtigem
0;-0.0048;uneinsichtigeren
0;-0.3318;unerbittlich
0;-0.3318;unerbittlichstes
0;-0.3318;unerbittliche
0;-0.3318;unerbittlichster
0;-0.3318;unerbittlichstem
0;-0.3318;unerbittlichsten
0;-0.3318;unerbittlichste
0;-0.3318;unerbittlicherer
0;-0.3318;unerbittlicheres
0;-0.3318;unerbittlichere
0;-0.3318;unerbittlichem
0;-0.3318;unerbittlichen
0;-0.3318;unerbittlicherem
0;-0.3318;unerbittliches
0;-0.3318;unerbittlicher
0;-0.3318;unerbittlicheren
0;-0.0453;unerfreulich
0;-0.0453;unerfreulichster
0;-0.0453;unerfreulichstes
0;-0.0453;unerfreulichere
0;-0.0453;unerfreulicheres
0;-0.0453;unerfreulicherer
0;-0.0453;unerfreulicher
0;-0.0453;unerfreulicherem
0;-0.0453;unerfreulicheren
0;-0.0453;unerfreuliches
0;-0.0453;unerfreulichem
0;-0.0453;unerfreulichste
0;-0.0453;unerfreulichen
0;-0.0453;unerfreuliche
0;-0.0453;unerfreulichstem
0;-0.0453;unerfreulichsten
0;-0.0048;unerhoert
0;-0.0048;unerhoertes
0;-0.0048;unerhoerter
0;-0.0048;unerhoerteres
0;-0.0048;unerhoerteste
0;-0.0048;unerhoerterer
0;-0.0048;unerhoertere
0;-0.0048;unerhoerte
0;-0.0048;unerhoerteren
0;-0.0048;unerhoerterem
0;-0.0048;unerhoertester
0;-0.0048;unerhoertestes
0;-0.0048;unerhoerten
0;-0.0048;unerhoertestem
0;-0.0048;unerhoertesten
0;-0.0048;unerhoertem
0;-0.0048;unerklaerlich
0;-0.0048;unerklaerlicheres
0;-0.0048;unerklaerlicherer
0;-0.0048;unerklaerlichem
0;-0.0048;unerklaerliche
0;-0.0048;unerklaerlichstem
0;-0.0048;unerklaerlichsten
0;-0.0048;unerklaerlichstes
0;-0.0048;unerklaerlichster
0;-0.0048;unerklaerliches
0;-0.0048;unerklaerlicher
0;-0.0048;unerklaerlichste
0;-0.0048;unerklaerlichere
0;-0.0048;unerklaerlicherem
0;-0.0048;unerklaerlichen
0;-0.0048;unerklaerlicheren
0;-0.0048;unerlaubt
0;-0.0048;unerlaubtester
0;-0.0048;unerlaubtesten
0;-0.0048;unerlaubtestem
0;-0.0048;unerlaubterer
0;-0.0048;unerlaubte
0;-0.0048;unerlaubteres
0;-0.0048;unerlaubteren
0;-0.0048;unerlaubtestes
0;-0.0048;unerlaubterem
0;-0.0048;unerlaubteste
0;-0.0048;unerlaubtem
0;-0.0048;unerlaubtere
0;-0.0048;unerlaubten
0;-0.0048;unerlaubtes
0;-0.0048;unerlaubter
0;-0.0048;unerquicklich
0;-0.0048;unerquicklichstes
0;-0.0048;unerquickliche
0;-0.0048;unerquicklichster
0;-0.0048;unerquicklichere
0;-0.0048;unerquicklicherem
0;-0.0048;unerquicklicheren
0;-0.0048;unerquicklichstem
0;-0.0048;unerquicklichsten
0;-0.0048;unerquicklicherer
0;-0.0048;unerquicklichste
0;-0.0048;unerquicklicheres
0;-0.0048;unerquickliches
0;-0.0048;unerquicklicher
0;-0.0048;unerquicklichem
0;-0.0048;unerquicklichen
0;-0.3454;unertraeglich
0;-0.3454;unertraeglichstes
0;-0.3454;unertraeglichere
0;-0.3454;unertraeglicherer
0;-0.3454;unertraeglichen
0;-0.3454;unertraeglichem
0;-0.3454;unertraeglichstem
0;-0.3454;unertraeglichsten
0;-0.3454;unertraegliche
0;-0.3454;unertraegliches
0;-0.3454;unertraeglicher
0;-0.3454;unertraeglichste
0;-0.3454;unertraeglichster
0;-0.3454;unertraeglicheres
0;-0.3454;unertraeglicherem
0;-0.3454;unertraeglicheren
0;-0.0349;unerwartet
0;-0.0349;unerwartete
0;-0.0349;unerwarteterer
0;-0.0349;unerwartetere
0;-0.0349;unerwarteteres
0;-0.0349;unerwartetstes
0;-0.0349;unerwarteteren
0;-0.0349;unerwarteterem
0;-0.0349;unerwartetstem
0;-0.0349;unerwartetsten
0;-0.0349;unerwartetster
0;-0.0349;unerwarteten
0;-0.0349;unerwartetem
0;-0.0349;unerwartetste
0;-0.0349;unerwartetes
0;-0.0349;unerwarteter
0;-0.0048;unerwiesen
0;-0.0048;unerwiesene
0;-0.0048;unerwiesenem
0;-0.0048;unerwiesenen
0;-0.0048;unerwiesener
0;-0.0048;unerwiesenes
0;-0.3413;unerwuenscht
0;-0.3413;unerwuenschteres
0;-0.3413;unerwuenschte
0;-0.3413;unerwuenschterer
0;-0.3413;unerwuenschtestem
0;-0.3413;unerwuenschtere
0;-0.3413;unerwuenschterem
0;-0.3413;unerwuenschteren
0;-0.3413;unerwuenschteste
0;-0.3413;unerwuenschtem
0;-0.3413;unerwuenschtesten
0;-0.3413;unerwuenschtes
0;-0.3413;unerwuenschter
0;-0.3413;unerwuenschtestes
0;-0.3413;unerwuenschtester
0;-0.3413;unerwuenschten
0;-0.8827;unfair
0;-0.8827;unfairen
0;-0.8827;unfairere
0;-0.8827;unfairste
0;-0.8827;unfairem
0;-0.8827;unfaireres
0;-0.8827;unfaireren
0;-0.8827;unfairerem
0;-0.8827;unfaire
0;-0.8827;unfairer
0;-0.8827;unfairerer
0;-0.8827;unfaires
0;-0.8827;unfairstem
0;-0.8827;unfairsten
0;-0.8827;unfairstes
0;-0.8827;unfairster
0;-0.0048;unfein
0;-0.0048;unfeiner
0;-0.0048;unfeinerer
0;-0.0048;unfeines
0;-0.0048;unfeinerem
0;-0.0048;unfeineren
0;-0.0048;unfeineres
0;-0.0048;unfeinem
0;-0.0048;unfeinen
0;-0.0048;unfeinste
0;-0.0048;unfeinster
0;-0.0048;unfeinstes
0;-0.0048;unfeinere
0;-0.0048;unfeinstem
0;-0.0048;unfeinsten
0;-0.0048;unfeine
0;-0.3382;unfreiwillig
0;-0.3382;unfreiwilligstem
0;-0.3382;unfreiwilligsten
0;-0.3382;unfreiwilliges
0;-0.3382;unfreiwilliger
0;-0.3382;unfreiwilligste
0;-0.3382;unfreiwilligem
0;-0.3382;unfreiwilligster
0;-0.3382;unfreiwilligen
0;-0.3382;unfreiwilligstes
0;-0.3382;unfreiwilligeren
0;-0.3382;unfreiwilligerem
0;-0.3382;unfreiwilligeres
0;-0.3382;unfreiwilligerer
0;-0.3382;unfreiwilligere
0;-0.3382;unfreiwillige
0;-0.3407;unfreundlich
0;-0.3407;unfreundliche
0;-0.3407;unfreundlicher
0;-0.3407;unfreundliches
0;-0.3407;unfreundlichem
0;-0.3407;unfreundlichen
0;-0.3407;unfreundlichere
0;-0.3407;unfreundlichstes
0;-0.3407;unfreundlichste
0;-0.3407;unfreundlicheres
0;-0.3407;unfreundlichster
0;-0.3407;unfreundlicherer
0;-0.3407;unfreundlichstem
0;-0.3407;unfreundlichsten
0;-0.3407;unfreundlicheren
0;-0.3407;unfreundlicherem
0;-0.4787;unfaehig
0;-0.4787;unfaehige
0;-0.4787;unfaehigerer
0;-0.4787;unfaehigeres
0;-0.4787;unfaehigeren
0;-0.4787;unfaehigerem
0;-0.4787;unfaehigste
0;-0.4787;unfaehigem
0;-0.4787;unfaehigen
0;-0.4787;unfaehigstem
0;-0.4787;unfaehigsten
0;-0.4787;unfaehigstes
0;-0.4787;unfaehiger
0;-0.4787;unfaehigere
0;-0.4787;unfaehiges
0;-0.4787;unfaehigster
0;-0.0048;ungebeten
0;-0.0048;ungebetene
0;-0.0048;ungebetenem
0;-0.0048;ungebetenen
0;-0.0048;ungebetener
0;-0.0048;ungebetenes
0;-0.0048;ungebetenere
0;-0.0048;ungebetenerem
0;-0.0048;ungebeteneren
0;-0.0048;ungebetenerer
0;-0.0048;ungebeteneres
0;-0.0048;ungebetenste
0;-0.0048;ungebetenstem
0;-0.0048;ungebetensten
0;-0.0048;ungebetenster
0;-0.0048;ungebetenstes
0;-0.0048;ungebuehrlich
0;-0.0048;ungebuehrliche
0;-0.0048;ungebuehrlicheres
0;-0.0048;ungebuehrlicherer
0;-0.0048;ungebuehrlicherem
0;-0.0048;ungebuehrlicheren
0;-0.0048;ungebuehrlichster
0;-0.0048;ungebuehrlichstes
0;-0.0048;ungebuehrlicher
0;-0.0048;ungebuehrliches
0;-0.0048;ungebuehrlichem
0;-0.0048;ungebuehrlichen
0;-0.0048;ungebuehrlichere
0;-0.0048;ungebuehrlichste
0;-0.0048;ungebuehrlichstem
0;-0.0048;ungebuehrlichsten
0;-0.0048;ungedeckt
0;-0.0048;ungedecktem
0;-0.0048;ungedeckte
0;-0.0048;ungedeckten
0;-0.0048;ungedeckter
0;-0.0048;ungedecktes
0;-0.0405;ungeduldig
0;-0.0405;ungeduldigerem
0;-0.0405;ungeduldigeren
0;-0.0405;ungeduldigerer
0;-0.0405;ungeduldigeres
0;-0.0405;ungeduldigste
0;-0.0405;ungeduldigsten
0;-0.0405;ungeduldiger
0;-0.0405;ungeduldigster
0;-0.0405;ungeduldigstes
0;-0.0405;ungeduldigere
0;-0.0405;ungeduldiges
0;-0.0405;ungeduldigem
0;-0.0405;ungeduldige
0;-0.0405;ungeduldigen
0;-0.0405;ungeduldigstem
0;-0.6394;ungeeignet
0;-0.6394;ungeeignete
0;-0.6394;ungeeignetster
0;-0.6394;ungeeignetere
0;-0.6394;ungeeignetsten
0;-0.6394;ungeeignetstem
0;-0.6394;ungeeigneterer
0;-0.6394;ungeeigneter
0;-0.6394;ungeeignetes
0;-0.6394;ungeeignetem
0;-0.6394;ungeeigneten
0;-0.6394;ungeeigneteres
0;-0.6394;ungeeignetste
0;-0.6394;ungeeignetstes
0;-0.6394;ungeeigneterem
0;-0.6394;ungeeigneteren
0;-0.0048;ungeheuer
0;-0.0048;ungeheureren
0;-0.0048;ungeheuersten
0;-0.0048;ungeheurerem
0;-0.0048;ungeheurere
0;-0.0048;ungeheuerstes
0;-0.0048;ungeheuerster
0;-0.0048;ungeheuerste
0;-0.0048;ungeheureres
0;-0.0048;ungeheuerstem
0;-0.0048;ungeheurerer
0;-0.0048;ungeheure
0;-0.0048;ungeheuren
0;-0.0048;ungeheurem
0;-0.0048;ungeheures
0;-0.0048;ungeheurer
0;-0.0048;ungeheuerlich
0;-0.0048;ungeheuerlichen
0;-0.0048;ungeheuerlichem
0;-0.0048;ungeheuerlicherem
0;-0.0048;ungeheuerlicheren
0;-0.0048;ungeheuerlicher
0;-0.0048;ungeheuerliche
0;-0.0048;ungeheuerliches
0;-0.0048;ungeheuerlichsten
0;-0.0048;ungeheuerlichstem
0;-0.0048;ungeheuerlichstes
0;-0.0048;ungeheuerlichster
0;-0.0048;ungeheuerlicherer
0;-0.0048;ungeheuerlichste
0;-0.0048;ungeheuerlicheres
0;-0.0048;ungeheuerlichere
0;-0.0048;ungehobelt
0;-0.0048;ungehobeltem
0;-0.0048;ungehobelten
0;-0.0048;ungehobelter
0;-0.0048;ungehobeltste
0;-0.0048;ungehobeltes
0;-0.0048;ungehobelteres
0;-0.0048;ungehobeltere
0;-0.0048;ungehobelterer
0;-0.0048;ungehobelterem
0;-0.0048;ungehobelteren
0;-0.0048;ungehobeltstes
0;-0.0048;ungehobeltster
0;-0.0048;ungehobelte
0;-0.0048;ungehobeltstem
0;-0.0048;ungehobeltsten
0;-0.3176;ungehorsam
0;-0.3176;ungehorsame
0;-0.3176;ungehorsameren
0;-0.3176;ungehorsamerem
0;-0.3176;ungehorsamerer
0;-0.3176;ungehorsamere
0;-0.3176;ungehorsameres
0;-0.3176;ungehorsamsten
0;-0.3176;ungehorsamstem
0;-0.3176;ungehorsames
0;-0.3176;ungehorsamer
0;-0.3176;ungehorsamen
0;-0.3176;ungehorsamstes
0;-0.3176;ungehorsamster
0;-0.3176;ungehorsamem
0;-0.3176;ungehorsamste
0;-0.4532;ungeliebt
0;-0.4532;ungeliebtere
0;-0.4532;ungeliebte
0;-0.4532;ungeliebten
0;-0.4532;ungeliebtestes
0;-0.4532;ungeliebtester
0;-0.4532;ungeliebtem
0;-0.4532;ungeliebtesten
0;-0.4532;ungeliebtes
0;-0.4532;ungeliebter
0;-0.4532;ungeliebtestem
0;-0.4532;ungeliebteres
0;-0.4532;ungeliebterer
0;-0.4532;ungeliebteste
0;-0.4532;ungeliebteren
0;-0.4532;ungeliebterem
0;-0.0313;ungemuetlich
0;-0.0313;ungemuetlicheres
0;-0.0313;ungemuetliches
0;-0.0313;ungemuetliche
0;-0.0313;ungemuetlicherer
0;-0.0313;ungemuetlicher
0;-0.0313;ungemuetlichem
0;-0.0313;ungemuetlichen
0;-0.0313;ungemuetlicheren
0;-0.0313;ungemuetlicherem
0;-0.0313;ungemuetlichste
0;-0.0313;ungemuetlichster
0;-0.0313;ungemuetlichstes
0;-0.0313;ungemuetlichere
0;-0.0313;ungemuetlichstem
0;-0.0313;ungemuetlichsten
0;-0.497;ungenau
0;-0.497;ungenaue
0;-0.497;ungenaues
0;-0.497;ungenauer
0;-0.497;ungenauere
0;-0.497;ungenauesten
0;-0.497;ungenauestem
0;-0.497;ungenauste
0;-0.497;ungenauem
0;-0.497;ungenaust
0;-0.497;ungenauen
0;-0.497;ungenauestes
0;-0.497;ungenauester
0;-0.497;ungenaustes
0;-0.497;ungenaueren
0;-0.497;ungenauerem
0;-0.497;ungenauster
0;-0.497;ungenauerer
0;-0.497;ungenaueres
0;-0.497;ungenaueste
0;-0.497;ungenaustem
0;-0.497;ungenausten
0;-0.0048;ungeordnet
0;-0.0048;ungeordnetste
0;-0.0048;ungeordnetstes
0;-0.0048;ungeordneteren
0;-0.0048;ungeordneterem
0;-0.0048;ungeordnetster
0;-0.0048;ungeordneterer
0;-0.0048;ungeordnete
0;-0.0048;ungeordneteres
0;-0.0048;ungeordnetem
0;-0.0048;ungeordnetsten
0;-0.0048;ungeordnetstem
0;-0.0048;ungeordneten
0;-0.0048;ungeordneter
0;-0.0048;ungeordnetere
0;-0.0048;ungeordnetes
0;-0.7844;ungerecht
0;-0.7844;ungerechter
0;-0.7844;ungerechtes
0;-0.7844;ungerechteste
0;-0.7844;ungerechterem
0;-0.7844;ungerechteren
0;-0.7844;ungerechtestes
0;-0.7844;ungerechtester
0;-0.7844;ungerechte
0;-0.7844;ungerechtestem
0;-0.7844;ungerechterer
0;-0.7844;ungerechtere
0;-0.7844;ungerechtesten
0;-0.7844;ungerechteres
0;-0.7844;ungerechtem
0;-0.7844;ungerechten
0;-0.4701;ungerechtfertigt
0;-0.4701;ungerechtfertigteren
0;-0.4701;ungerechtfertigtste
0;-0.4701;ungerechtfertigterem
0;-0.4701;ungerechtfertigterer
0;-0.4701;ungerechtfertigteres
0;-0.4701;ungerechtfertigte
0;-0.4701;ungerechtfertigtes
0;-0.4701;ungerechtfertigter
0;-0.4701;ungerechtfertigtem
0;-0.4701;ungerechtfertigten
0;-0.4701;ungerechtfertigtsten
0;-0.4701;ungerechtfertigtere
0;-0.4701;ungerechtfertigtstem
0;-0.4701;ungerechtfertigtstes
0;-0.4701;ungerechtfertigtster
0;-0.6087;ungeschickt
0;-0.6087;ungeschicktes
0;-0.6087;ungeschicktester
0;-0.6087;ungeschickter
0;-0.6087;ungeschicktestem
0;-0.6087;ungeschicktesten
0;-0.6087;ungeschickterem
0;-0.6087;ungeschickteren
0;-0.6087;ungeschicktere
0;-0.6087;ungeschickteres
0;-0.6087;ungeschickterer
0;-0.6087;ungeschickte
0;-0.6087;ungeschickten
0;-0.6087;ungeschickteste
0;-0.6087;ungeschicktestes
0;-0.6087;ungeschicktem
0;-0.0048;ungeschminkt
0;-0.0048;ungeschminktestem
0;-0.0048;ungeschminktesten
0;-0.0048;ungeschminkterem
0;-0.0048;ungeschminkteste
0;-0.0048;ungeschminktere
0;-0.0048;ungeschminktester
0;-0.0048;ungeschminkte
0;-0.0048;ungeschminktestes
0;-0.0048;ungeschminkten
0;-0.0048;ungeschminktem
0;-0.0048;ungeschminkter
0;-0.0048;ungeschminkteren
0;-0.0048;ungeschminktes
0;-0.0048;ungeschminkterer
0;-0.0048;ungeschminkteres
0;-0.0048;ungesetzlich
0;-0.0048;ungesetzliche
0;-0.0048;ungesetzlichstes
0;-0.0048;ungesetzlichere
0;-0.0048;ungesetzlichste
0;-0.0048;ungesetzlichster
0;-0.0048;ungesetzlicheres
0;-0.0048;ungesetzlicherer
0;-0.0048;ungesetzlichsten
0;-0.0048;ungesetzlichstem
0;-0.0048;ungesetzlicheren
0;-0.0048;ungesetzlichen
0;-0.0048;ungesetzlicherem
0;-0.0048;ungesetzlichem
0;-0.0048;ungesetzliches
0;-0.0048;ungesetzlicher
0;-0.1793;ungesund
0;-0.1793;ungesuendestem
0;-0.1793;ungesuendesten
0;-0.1793;ungesuendestes
0;-0.1793;ungesunderen
0;-0.1793;ungesuendester
0;-0.1793;ungesunderem
0;-0.1793;ungesuendeste
0;-0.1793;ungesundester
0;-0.1793;ungesunderes
0;-0.1793;ungesundestes
0;-0.1793;ungesunderer
0;-0.1793;ungesundesten
0;-0.1793;ungesundem
0;-0.1793;ungesundere
0;-0.1793;ungesunder
0;-0.1793;ungesundes
0;-0.1793;ungesunden
0;-0.1793;ungesuendere
0;-0.1793;ungesunde
0;-0.1793;ungesuenderes
0;-0.1793;ungesuenderer
0;-0.1793;ungesundeste
0;-0.1793;ungesuenderen
0;-0.1793;ungesundestem
0;-0.1793;ungesuenderem
0;-0.1793;ungesuender
0;-0.0243;ungewohnt
0;-0.0243;ungewohntesten
0;-0.0243;ungewohntester
0;-0.0243;ungewohnterer
0;-0.0243;ungewohntestes
0;-0.0243;ungewohnteres
0;-0.0243;ungewohnteren
0;-0.0243;ungewohnterem
0;-0.0243;ungewohntere
0;-0.0243;ungewohnte
0;-0.0243;ungewohntem
0;-0.0243;ungewohnteste
0;-0.0243;ungewohntes
0;-0.0243;ungewohnter
0;-0.0243;ungewohntestem
0;-0.0243;ungewohnten
0;-0.4781;ungewollt
0;-0.4781;ungewollte
0;-0.4781;ungewolltem
0;-0.4781;ungewollten
0;-0.4781;ungewollter
0;-0.4781;ungewolltes
0;-0.3124;ungezogen
0;-0.3124;ungezogene
0;-0.3124;ungezogener
0;-0.3124;ungezogenes
0;-0.3124;ungezogenste
0;-0.3124;ungezogenstem
0;-0.3124;ungezogensten
0;-0.3124;ungezognerem
0;-0.3124;ungezogenster
0;-0.3124;ungezogneren
0;-0.3124;ungezogenstes
0;-0.3124;ungezogneres
0;-0.3124;ungezognerer
0;-0.3124;ungezognere
0;-0.3124;ungezogenen
0;-0.3124;ungezogeneren
0;-0.3124;ungezogenem
0;-0.3124;ungezogner
0;-0.3124;ungezogenere
0;-0.3124;ungezogenerem
0;-0.3124;ungezogenerer
0;-0.3124;ungezogeneres
0;-0.0048;ungeuebt
0;-0.0048;ungeuebten
0;-0.0048;ungeuebtere
0;-0.0048;ungeuebteste
0;-0.0048;ungeuebter
0;-0.0048;ungeuebterer
0;-0.0048;ungeuebtes
0;-0.0048;ungeuebteres
0;-0.0048;ungeuebtestes
0;-0.0048;ungeuebtester
0;-0.0048;ungeuebte
0;-0.0048;ungeuebtesten
0;-0.0048;ungeuebteren
0;-0.0048;ungeuebterem
0;-0.0048;ungeuebtestem
0;-0.0048;ungeuebtem
0;-0.2007;unglaubwuerdig
0;-0.2007;unglaubwuerdigere
0;-0.2007;unglaubwuerdigstem
0;-0.2007;unglaubwuerdigsten
0;-0.2007;unglaubwuerdigerer
0;-0.2007;unglaubwuerdige
0;-0.2007;unglaubwuerdigeres
0;-0.2007;unglaubwuerdigeren
0;-0.2007;unglaubwuerdigerem
0;-0.2007;unglaubwuerdiges
0;-0.2007;unglaubwuerdiger
0;-0.2007;unglaubwuerdigem
0;-0.2007;unglaubwuerdigen
0;-0.2007;unglaubwuerdigster
0;-0.2007;unglaubwuerdigste
0;-0.2007;unglaubwuerdigstes
0;-0.0048;ungleich
0;-0.0048;ungleiche
0;-0.0048;ungleichem
0;-0.0048;ungleichen
0;-0.0048;ungleicher
0;-0.0048;ungleiches
0;-0.301;ungluecklich
0;-0.301;ungluecklichsten
0;-0.301;ungluecklichstem
0;-0.301;ungluecklichstes
0;-0.301;ungluecklichster
0;-0.301;unglueckliche
0;-0.301;ungluecklicherem
0;-0.301;ungluecklicheren
0;-0.301;ungluecklicherer
0;-0.301;ungluecklichere
0;-0.301;ungluecklicheres
0;-0.301;ungluecklichste
0;-0.301;unglueckliches
0;-0.301;ungluecklicher
0;-0.301;ungluecklichen
0;-0.301;ungluecklichem
0;-0.3485;ungueltig
0;-0.3485;ungueltiges
0;-0.3485;ungueltiger
0;-0.3485;ungueltigstes
0;-0.3485;ungueltigster
0;-0.3485;ungueltigere
0;-0.3485;ungueltigstem
0;-0.3485;ungueltigsten
0;-0.3485;ungueltigeres
0;-0.3485;ungueltigerer
0;-0.3485;ungueltigerem
0;-0.3485;ungueltigeren
0;-0.3485;ungueltige
0;-0.3485;ungueltigen
0;-0.3485;ungueltigste
0;-0.3485;ungueltigem
0;-0.767;unguenstig
0;-0.767;unguenstige
0;-0.767;unguenstigeren
0;-0.767;unguenstigerem
0;-0.767;unguenstigen
0;-0.767;unguenstiger
0;-0.767;unguenstiges
0;-0.767;unguenstigerer
0;-0.767;unguenstigem
0;-0.767;unguenstigeres
0;-0.767;unguenstigere
0;-0.767;unguenstigste
0;-0.767;unguenstigstem
0;-0.767;unguenstigsten
0;-0.767;unguenstigster
0;-0.767;unguenstigstes
0;-0.0048;unheilbar
0;-0.0048;unheilbare
0;-0.0048;unheilbarem
0;-0.0048;unheilbaren
0;-0.0048;unheilbarer
0;-0.0048;unheilbares
0;-0.0048;unheilvoll
0;-0.0048;unheilvolle
0;-0.0048;unheilvollere
0;-0.0048;unheilvollem
0;-0.0048;unheilvollen
0;-0.0048;unheilvollsten
0;-0.0048;unheilvollstem
0;-0.0048;unheilvoller
0;-0.0048;unheilvollster
0;-0.0048;unheilvollstes
0;-0.0048;unheilvollerem
0;-0.0048;unheilvolles
0;-0.0048;unheilvollste
0;-0.0048;unheilvollerer
0;-0.0048;unheilvolleres
0;-0.0048;unheilvolleren
0;-0.0048;unhoeflich
0;-0.0048;unhoeflichste
0;-0.0048;unhoeflichstes
0;-0.0048;unhoeflichen
0;-0.0048;unhoeflichem
0;-0.0048;unhoefliches
0;-0.0048;unhoeflicher
0;-0.0048;unhoefliche
0;-0.0048;unhoeflichsten
0;-0.0048;unhoeflicherem
0;-0.0048;unhoeflicheren
0;-0.0048;unhoeflichstem
0;-0.0048;unhoeflichere
0;-0.0048;unhoeflichster
0;-0.0048;unhoeflicheres
0;-0.0048;unhoeflicherer
0;-0.0048;uninformiert
0;-0.0048;uninformiertes
0;-0.0048;uninformierter
0;-0.0048;uninformierterem
0;-0.0048;uninformiertem
0;-0.0048;uninformierteren
0;-0.0048;uninformierten
0;-0.0048;uninformiertstes
0;-0.0048;uninformiertster
0;-0.0048;uninformierte
0;-0.0048;uninformierterer
0;-0.0048;uninformierteres
0;-0.0048;uninformiertsten
0;-0.0048;uninformiertstem
0;-0.0048;uninformiertere
0;-0.0048;uninformiertste
0;-0.5023;unklar
0;-0.5023;unklarerem
0;-0.5023;unklareren
0;-0.5023;unklarsten
0;-0.5023;unklaren
0;-0.5023;unklarstem
0;-0.5023;unklarem
0;-0.5023;unklarerer
0;-0.5023;unklareres
0;-0.5023;unklarere
0;-0.5023;unklarste
0;-0.5023;unklarstes
0;-0.5023;unklare
0;-0.5023;unklarster
0;-0.5023;unklares
0;-0.5023;unklarer
0;-0.4604;unklug
0;-0.4604;unklugere
0;-0.4604;unklugste
0;-0.4604;unkluge
0;-0.4604;unklugen
0;-0.4604;unklugem
0;-0.4604;unkluger
0;-0.4604;unklugeren
0;-0.4604;unklugerem
0;-0.4604;unkluges
0;-0.4604;unklugeres
0;-0.4604;unklugerer
0;-0.4604;unklugstes
0;-0.4604;unklugster
0;-0.4604;unklugstem
0;-0.4604;unklugsten
0;-0.3247;unkorrekt
0;-0.3247;unkorrektere
0;-0.3247;unkorrektester
0;-0.3247;unkorrektestes
0;-0.3247;unkorrekteres
0;-0.3247;unkorrektes
0;-0.3247;unkorrekter
0;-0.3247;unkorrektestem
0;-0.3247;unkorrekten
0;-0.3247;unkorrektem
0;-0.3247;unkorrektesten
0;-0.3247;unkorrekterer
0;-0.3247;unkorrekte
0;-0.3247;unkorrekterem
0;-0.3247;unkorrekteren
0;-0.3247;unkorrekteste
0;-0.1934;unkritisch
0;-0.1934;unkritischerer
0;-0.1934;unkritischere
0;-0.1934;unkritischeres
0;-0.1934;unkritischeren
0;-0.1934;unkritisches
0;-0.1934;unkritische
0;-0.1934;unkritischer
0;-0.1934;unkritischem
0;-0.1934;unkritischen
0;-0.1934;unkritischsten
0;-0.1934;unkritischstem
0;-0.1934;unkritischerem
0;-0.1934;unkritischste
0;-0.1934;unkritischstes
0;-0.1934;unkritischster
0;-0.0048;unlauter
0;-0.0048;unlauterstes
0;-0.0048;unlautererer
0;-0.0048;unlauterste
0;-0.0048;unlauterster
0;-0.0048;unlautereres
0;-0.0048;unlauteres
0;-0.0048;unlautereren
0;-0.0048;unlautrere
0;-0.0048;unlautreren
0;-0.0048;unlautrer
0;-0.0048;unlautrerem
0;-0.0048;unlautere
0;-0.0048;unlauteren
0;-0.0048;unlauterstem
0;-0.0048;unlauterem
0;-0.0048;unlautrerer
0;-0.0048;unlautersten
0;-0.0048;unlauterer
0;-0.0048;unlauterere
0;-0.0048;unlautreres
0;-0.0048;unlautererem
0;-0.0048;unliebsam
0;-0.0048;unliebsame
0;-0.0048;unliebsamstes
0;-0.0048;unliebsamster
0;-0.0048;unliebsamem
0;-0.0048;unliebsamen
0;-0.0048;unliebsames
0;-0.0048;unliebsamste
0;-0.0048;unliebsamsten
0;-0.0048;unliebsamerem
0;-0.0048;unliebsameren
0;-0.0048;unliebsamstem
0;-0.0048;unliebsamer
0;-0.0048;unliebsamerer
0;-0.0048;unliebsameres
0;-0.0048;unliebsamere
0;-0.4817;unlogisch
0;-0.4817;unlogischere
0;-0.4817;unlogischerem
0;-0.4817;unlogische
0;-0.4817;unlogischste
0;-0.4817;unlogischem
0;-0.4817;unlogischen
0;-0.4817;unlogischstes
0;-0.4817;unlogischster
0;-0.4817;unlogischer
0;-0.4817;unlogischeren
0;-0.4817;unlogischstem
0;-0.4817;unlogisches
0;-0.4817;unlogischerer
0;-0.4817;unlogischeres
0;-0.4817;unlogischsten
0;-0.4724;unmenschlich
0;-0.4724;unmenschlichste
0;-0.4724;unmenschlichster
0;-0.4724;unmenschlichstes
0;-0.4724;unmenschlichstem
0;-0.4724;unmenschlichsten
0;-0.4724;unmenschlichem
0;-0.4724;unmenschlichere
0;-0.4724;unmenschlichen
0;-0.4724;unmenschlicheres
0;-0.4724;unmenschlicherer
0;-0.4724;unmenschliche
0;-0.4724;unmenschlicheren
0;-0.4724;unmenschliches
0;-0.4724;unmenschlicher
0;-0.4724;unmenschlicherem
0;-0.6224;unmoralisch
0;-0.6224;unmoralische
0;-0.6224;unmoralischem
0;-0.6224;unmoralischen
0;-0.6224;unmoralischer
0;-0.6224;unmoralisches
0;-0.6224;unmoralischere
0;-0.6224;unmoralischerem
0;-0.6224;unmoralischeren
0;-0.6224;unmoralischerer
0;-0.6224;unmoralischeres
0;-0.6224;unmoralischste
0;-0.6224;unmoralischstem
0;-0.6224;unmoralischsten
0;-0.6224;unmoralischster
0;-0.6224;unmoralischstes
0;-0.3559;unmoeglich
0;-0.3559;unmoeglicheren
0;-0.3559;unmoeglicherem
0;-0.3559;unmoeglichem
0;-0.3559;unmoeglichstem
0;-0.3559;unmoeglichsten
0;-0.3559;unmoeglichstes
0;-0.3559;unmoeglichster
0;-0.3559;unmoeglicher
0;-0.3559;unmoeglichere
0;-0.3559;unmoegliches
0;-0.3559;unmoeglichen
0;-0.3559;unmoegliche
0;-0.3559;unmoeglicheres
0;-0.3559;unmoeglicherer
0;-0.3559;unmoeglichste
0;-0.9463;unnoetig
0;-0.9463;unnoetigstes
0;-0.9463;unnoetigere
0;-0.9463;unnoetige
0;-0.9463;unnoetigeren
0;-0.9463;unnoetigen
0;-0.9463;unnoetigerem
0;-0.9463;unnoetigem
0;-0.9463;unnoetiges
0;-0.9463;unnoetigste
0;-0.9463;unnoetiger
0;-0.9463;unnoetigster
0;-0.9463;unnoetigeres
0;-0.9463;unnoetigerer
0;-0.9463;unnoetigstem
0;-0.9463;unnoetigsten
0;-0.6073;unnuetz
0;-0.6073;unnuetzerer
0;-0.6073;unnuetzerem
0;-0.6073;unnuetzere
0;-0.6073;unnuetzeren
0;-0.6073;unnuetze
0;-0.6073;unnuetzeres
0;-0.6073;unnuetzester
0;-0.6073;unnuetzestes
0;-0.6073;unnuetzer
0;-0.6073;unnuetzes
0;-0.6073;unnuetzestem
0;-0.6073;unnuetzesten
0;-0.6073;unnuetzen
0;-0.6073;unnuetzem
0;-0.6073;unnuetzeste
0;-0.3261;unpassend
0;-0.3261;unpassenderen
0;-0.3261;unpassenderem
0;-0.3261;unpassendsten
0;-0.3261;unpassendstem
0;-0.3261;unpassendere
0;-0.3261;unpassende
0;-0.3261;unpassendster
0;-0.3261;unpassenderes
0;-0.3261;unpassenderer
0;-0.3261;unpassender
0;-0.3261;unpassendes
0;-0.3261;unpassendem
0;-0.3261;unpassenden
0;-0.3261;unpassendste
0;-0.3261;unpassendstes
0;-0.0476;unpersoenlich
0;-0.0476;unpersoenlichstes
0;-0.0476;unpersoenlichere
0;-0.0476;unpersoenlicheres
0;-0.0476;unpersoenlichsten
0;-0.0476;unpersoenlicher
0;-0.0476;unpersoenliches
0;-0.0476;unpersoenlichste
0;-0.0476;unpersoenlichstem
0;-0.0476;unpersoenlichem
0;-0.0476;unpersoenlichster
0;-0.0476;unpersoenlichen
0;-0.0476;unpersoenlicherer
0;-0.0476;unpersoenlicherem
0;-0.0476;unpersoenlicheren
0;-0.0476;unpersoenliche
0;-0.0048;unpopulaer
0;-0.0048;unpopulaerster
0;-0.0048;unpopulaerstes
0;-0.0048;unpopulaerste
0;-0.0048;unpopulaersten
0;-0.0048;unpopulaerstem
0;-0.0048;unpopulaerere
0;-0.0048;unpopulaere
0;-0.0048;unpopulaeres
0;-0.0048;unpopulaerer
0;-0.0048;unpopulaereres
0;-0.0048;unpopulaerem
0;-0.0048;unpopulaererer
0;-0.0048;unpopulaeren
0;-0.0048;unpopulaereren
0;-0.0048;unpopulaererem
0;-0.3182;unpraktisch
0;-0.3182;unpraktische
0;-0.3182;unpraktischem
0;-0.3182;unpraktischen
0;-0.3182;unpraktischer
0;-0.3182;unpraktisches
0;-0.3182;unpraktischere
0;-0.3153;unqualifiziert
0;-0.3153;unqualifiziertester
0;-0.3153;unqualifizierte
0;-0.3153;unqualifiziertem
0;-0.3153;unqualifiziertestem
0;-0.3153;unqualifiziertesten
0;-0.3153;unqualifizierten
0;-0.3153;unqualifiziertere
0;-0.3153;unqualifiziertes
0;-0.3153;unqualifizierter
0;-0.3153;unqualifizierteres
0;-0.3153;unqualifizierterer
0;-0.3153;unqualifiziertestes
0;-0.3153;unqualifizierteren
0;-0.3153;unqualifizierterem
0;-0.3153;unqualifizierteste
0;-0.3248;unredlich
0;-0.3248;unredliche
0;-0.3248;unredlicherem
0;-0.3248;unredlichste
0;-0.3248;unredlichsten
0;-0.3248;unredlicherer
0;-0.3248;unredlichere
0;-0.3248;unredlicheres
0;-0.3248;unredliches
0;-0.3248;unredlichstem
0;-0.3248;unredlicheren
0;-0.3248;unredlicher
0;-0.3248;unredlichster
0;-0.3248;unredlichem
0;-0.3248;unredlichstes
0;-0.3248;unredlichen
0;-0.0048;unregelmaessig
0;-0.0048;unregelmaessigstes
0;-0.0048;unregelmaessigster
0;-0.0048;unregelmaessiger
0;-0.0048;unregelmaessiges
0;-0.0048;unregelmaessigste
0;-0.0048;unregelmaessigeren
0;-0.0048;unregelmaessigerem
0;-0.0048;unregelmaessigerer
0;-0.0048;unregelmaessigeres
0;-0.0048;unregelmaessige
0;-0.0048;unregelmaessigem
0;-0.0048;unregelmaessigen
0;-0.0048;unregelmaessigere
0;-0.0048;unregelmaessigsten
0;-0.0048;unregelmaessigstem
0;-0.0048;unrentabel
0;-0.0048;unrentable
0;-0.0048;unrentablerer
0;-0.0048;unrentableres
0;-0.0048;unrentabelster
0;-0.0048;unrentabelste
0;-0.0048;unrentabelstes
0;-0.0048;unrentablere
0;-0.0048;unrentableren
0;-0.0048;unrentablerem
0;-0.0048;unrentables
0;-0.0048;unrentabelsten
0;-0.0048;unrentabler
0;-0.0048;unrentablen
0;-0.0048;unrentablem
0;-0.0048;unrentabelstem
0;-0.0551;unruhig
0;-0.0551;unruhigstem
0;-0.0551;unruhigerer
0;-0.0551;unruhigeres
0;-0.0551;unruhiges
0;-0.0551;unruhigeren
0;-0.0551;unruhigsten
0;-0.0551;unruhigste
0;-0.0551;unruhigstes
0;-0.0551;unruhiger
0;-0.0551;unruhigster
0;-0.0551;unruhigen
0;-0.0551;unruhigem
0;-0.0551;unruhigerem
0;-0.0551;unruhige
0;-0.0551;unruhigere
0;-0.0048;unruehmlich
0;-0.0048;unruehmlichen
0;-0.0048;unruehmlichere
0;-0.0048;unruehmlichem
0;-0.0048;unruehmlicherem
0;-0.0048;unruehmlicher
0;-0.0048;unruehmliches
0;-0.0048;unruehmlichster
0;-0.0048;unruehmlichstes
0;-0.0048;unruehmlicheren
0;-0.0048;unruehmlichstem
0;-0.0048;unruehmliche
0;-0.0048;unruehmlicherer
0;-0.0048;unruehmlicheres
0;-0.0048;unruehmlichsten
0;-0.0048;unruehmlichste
0;-0.3271;unsachgemaess
0;-0.3271;unsachgemaesse
0;-0.3271;unsachgemaessem
0;-0.3271;unsachgemaessen
0;-0.3271;unsachgemaesser
0;-0.3271;unsachgemaesses
0;-0.3271;unsachgemaessere
0;-0.3271;unsachgemaesserem
0;-0.3271;unsachgemaesseren
0;-0.3271;unsachgemaesserer
0;-0.3271;unsachgemaesseres
0;-0.3271;unsachgemaesseste
0;-0.3271;unsachgemaessestem
0;-0.3271;unsachgemaessesten
0;-0.3271;unsachgemaessester
0;-0.3271;unsachgemaessestes
0;-0.4713;unsauber
0;-0.4713;unsauberstes
0;-0.4713;unsauberere
0;-0.4713;unsaubere
0;-0.4713;unsauberste
0;-0.4713;unsaubrerem
0;-0.4713;unsaubereren
0;-0.4713;unsauberes
0;-0.4713;unsauberer
0;-0.4713;unsaubererem
0;-0.4713;unsaubrere
0;-0.4713;unsauberen
0;-0.4713;unsauberem
0;-0.4713;unsaubreren
0;-0.4713;unsaubrer
0;-0.4713;unsaubreres
0;-0.4713;unsaubersten
0;-0.4713;unsaubrerer
0;-0.4713;unsaubereres
0;-0.4713;unsauberstem
0;-0.4713;unsaubererer
0;-0.4713;unsauberster
0;-0.327;unscharf
0;-0.327;unscharfe
0;-0.327;unscharfem
0;-0.327;unscharfen
0;-0.327;unscharfer
0;-0.327;unscharfes
0;-0.327;unschaerfere
0;-0.327;unschaerferem
0;-0.327;unschaerferen
0;-0.327;unschaerferer
0;-0.327;unschaerferes
0;-0.327;unschaerfste
0;-0.327;unschaerfstem
0;-0.327;unschaerfsten
0;-0.327;unschaerfster
0;-0.327;unschaerfstes
0;-0.4486;unschoen
0;-0.4486;unschoener
0;-0.4486;unschoenes
0;-0.4486;unschoenen
0;-0.4486;unschoene
0;-0.4486;unschoeneres
0;-0.4486;unschoenere
0;-0.4486;unschoenerer
0;-0.4486;unschoeneren
0;-0.4486;unschoenerem
0;-0.4486;unschoenste
0;-0.4486;unschoensten
0;-0.4486;unschoenstem
0;-0.4486;unschoenstes
0;-0.4486;unschoenster
0;-0.4486;unschoenem
0;-0.0048;unselig
0;-0.0048;unseligstes
0;-0.0048;unseligster
0;-0.0048;unseligeres
0;-0.0048;unseligsten
0;-0.0048;unseligerer
0;-0.0048;unseligstem
0;-0.0048;unseligerem
0;-0.0048;unseligeren
0;-0.0048;unseligste
0;-0.0048;unseligem
0;-0.0048;unseligere
0;-0.0048;unselige
0;-0.0048;unseligen
0;-0.0048;unseliges
0;-0.0048;unseliger
0;-0.3373;unserioes
0;-0.3373;unserioesem
0;-0.3373;unserioesesten
0;-0.3373;unserioeser
0;-0.3373;unserioesere
0;-0.3373;unserioeses
0;-0.3373;unserioesester
0;-0.3373;unserioeseste
0;-0.3373;unserioesestes
0;-0.3373;unserioesen
0;-0.3373;unserioeseren
0;-0.3373;unserioeserem
0;-0.3373;unserioesestem
0;-0.3373;unserioeserer
0;-0.3373;unserioese
0;-0.3373;unserioeseres
0;-0.6268;unsicher
0;-0.6268;unsicherere
0;-0.6268;unsichrere
0;-0.6268;unsichreren
0;-0.6268;unsichrerem
0;-0.6268;unsichrer
0;-0.6268;unsicheren
0;-0.6268;unsicherstem
0;-0.6268;unsichersten
0;-0.6268;unsicherem
0;-0.6268;unsicherer
0;-0.6268;unsicherster
0;-0.6268;unsicheres
0;-0.6268;unsichrerer
0;-0.6268;unsichreres
0;-0.6268;unsichererer
0;-0.6268;unsicherstes
0;-0.6268;unsichereres
0;-0.6268;unsicherste
0;-0.6268;unsichere
0;-0.6268;unsichereren
0;-0.6268;unsichererem
0;-0.3516;unsinnig
0;-0.3516;unsinnige
0;-0.3516;unsinnigem
0;-0.3516;unsinnigen
0;-0.3516;unsinniger
0;-0.3516;unsinniges
0;-0.3516;unsinnigere
0;-0.3516;unsinnigerem
0;-0.3516;unsinnigeren
0;-0.3516;unsinnigerer
0;-0.3516;unsinnigeres
0;-0.3516;unsinnigste
0;-0.3516;unsinnigstem
0;-0.3516;unsinnigsten
0;-0.3516;unsinnigster
0;-0.3516;unsinnigstes
0;-0.0048;unsittlich
0;-0.0048;unsittlichster
0;-0.0048;unsittlichsten
0;-0.0048;unsittlichstem
0;-0.0048;unsittliches
0;-0.0048;unsittlicher
0;-0.0048;unsittliche
0;-0.0048;unsittlichen
0;-0.0048;unsittlichem
0;-0.0048;unsittlichste
0;-0.0048;unsittlicherer
0;-0.0048;unsittlicheres
0;-0.0048;unsittlichere
0;-0.0048;unsittlicherem
0;-0.0048;unsittlicheren
0;-0.0048;unsittlichstes
0;-0.0048;unsolidarisch
0;-0.0048;unsolidarischem
0;-0.0048;unsolidarischen
0;-0.0048;unsolidarischer
0;-0.0048;unsolidarischster
0;-0.0048;unsolidarischstes
0;-0.0048;unsolidarischerem
0;-0.0048;unsolidarischeren
0;-0.0048;unsolidarischerer
0;-0.0048;unsolidarischste
0;-0.0048;unsolidarischeres
0;-0.0048;unsolidarischere
0;-0.0048;unsolidarische
0;-0.0048;unsolidarisches
0;-0.0048;unsolidarischstem
0;-0.0048;unsolidarischsten
0;-0.0048;unsolid
0;-0.0048;unsolide
0;-0.0048;unsolidem
0;-0.0048;unsoliden
0;-0.0048;unsolider
0;-0.0048;unsolides
0;-0.0048;unsolidere
0;-0.0048;unsoliderem
0;-0.0048;unsolideren
0;-0.0048;unsoliderer
0;-0.0048;unsolideres
0;-0.0048;unsolideste
0;-0.0048;unsolidestem
0;-0.0048;unsolidesten
0;-0.0048;unsolidester
0;-0.0048;unsolidestes
0;-0.4614;unsozial
0;-0.4614;unsoziale
0;-0.4614;unsozialem
0;-0.4614;unsozialen
0;-0.4614;unsoziales
0;-0.4614;unsozialer
0;-0.4614;unsozialster
0;-0.4614;unsozialerem
0;-0.4614;unsozialeren
0;-0.4614;unsozialere
0;-0.4614;unsozialstes
0;-0.4614;unsozialsten
0;-0.4614;unsozialstem
0;-0.4614;unsozialerer
0;-0.4614;unsozialeres
0;-0.4614;unsozialste
0;-0.32;unsportlich
0;-0.32;unsportlichere
0;-0.32;unsportlicher
0;-0.32;unsportlichste
0;-0.32;unsportliches
0;-0.32;unsportlichen
0;-0.32;unsportliche
0;-0.32;unsportlichem
0;-0.32;unsportlicherem
0;-0.32;unsportlicheren
0;-0.32;unsportlichsten
0;-0.32;unsportlichstem
0;-0.32;unsportlicherer
0;-0.32;unsportlichster
0;-0.32;unsportlicheres
0;-0.32;unsportlichstes
0;-0.0048;unstetig
0;-0.0048;unstetigstes
0;-0.0048;unstetigere
0;-0.0048;unstetigster
0;-0.0048;unstetigstem
0;-0.0048;unstetigsten
0;-0.0048;unstetiges
0;-0.0048;unstetigste
0;-0.0048;unstetiger
0;-0.0048;unstetigerer
0;-0.0048;unstetigeres
0;-0.0048;unstetigen
0;-0.0048;unstetigem
0;-0.0048;unstetigeren
0;-0.0048;unstetigerem
0;-0.0048;unstetige
0;-0.1834;unsaeglich
0;-0.1834;unsaeglichstem
0;-0.1834;unsaeglichsten
0;-0.1834;unsaeglichere
0;-0.1834;unsaeglichem
0;-0.1834;unsaeglicheres
0;-0.1834;unsaeglichster
0;-0.1834;unsaeglichstes
0;-0.1834;unsaegliche
0;-0.1834;unsaeglicherer
0;-0.1834;unsaeglicher
0;-0.1834;unsaegliches
0;-0.1834;unsaeglicherem
0;-0.1834;unsaeglicheren
0;-0.1834;unsaeglichen
0;-0.1834;unsaeglichste
0;-0.5944;untauglich
0;-0.5944;untauglichstes
0;-0.5944;untauglichster
0;-0.5944;untauglichere
0;-0.5944;untauglicherem
0;-0.5944;untauglichstem
0;-0.5944;untauglichsten
0;-0.5944;untaugliches
0;-0.5944;untauglichem
0;-0.5944;untauglicheres
0;-0.5944;untauglichen
0;-0.5944;untauglicherer
0;-0.5944;untauglicher
0;-0.5944;untauglicheren
0;-0.5944;untaugliche
0;-0.5944;untauglichste
0;-0.3334;nan
0;-0.0426;unterbelichten
0;-0.0426;unterbelichte
0;-0.0426;unterbelichtest
0;-0.0426;unterbelichtet
0;-0.0426;unterbelichtete
0;-0.0426;unterbelichtetest
0;-0.0426;unterbelichteten
0;-0.0426;unterbelichtetet
0;-0.0048;unterbrechen
0;-0.0048;unterbreche
0;-0.0048;unterbrichst
0;-0.0048;unterbricht
0;-0.0048;unterbrecht
0;-0.0048;unterbrechest
0;-0.0048;unterbrechet
0;-0.0048;unterbrach
0;-0.0048;unterbrachst
0;-0.0048;unterbrachen
0;-0.0048;unterbracht
0;-0.0048;unterbraeche
0;-0.0048;unterbraechest
0;-0.0048;unterbraechst
0;-0.0048;unterbraechen
0;-0.0048;unterbraechet
0;-0.0048;unterbraecht
0;-0.4825;unterdruecken
0;-0.4825;unterdruecktet
0;-0.4825;unterdrueckst
0;-0.4825;unterdrueckte
0;-0.4825;unterdrueckt
0;-0.4825;unterdrueckest
0;-0.4825;unterdruecktest
0;-0.4825;unterdruecket
0;-0.4825;unterdruecke
0;-0.4825;untergedrueckt
0;-0.4825;unterdrueckten
0;-0.3245;unterentwickelt
0;-0.3245;unterentwickelten
0;-0.3245;unterentwickelteren
0;-0.3245;unterentwickeltem
0;-0.3245;unterentwickeltere
0;-0.3245;unterentwickelterem
0;-0.3245;unterentwickelter
0;-0.3245;unterentwickeltes
0;-0.3245;unterentwickelterer
0;-0.3245;unterentwickelteres
0;-0.3245;unterentwickeltste
0;-0.3245;unterentwickeltstem
0;-0.3245;unterentwickeltsten
0;-0.3245;unterentwickelte
0;-0.3245;unterentwickeltster
0;-0.3245;unterentwickeltstes
0;-0.0048;untergehen
0;-0.0048;untergehe
0;-0.0048;untergehst
0;-0.0048;untergeht
0;-0.0048;untergehest
0;-0.0048;untergehet
0;-0.0048;unterging
0;-0.0048;untergingst
0;-0.0048;untergingen
0;-0.0048;untergingt
0;-0.0048;unterginge
0;-0.0048;untergingest
0;-0.0048;unterginget
0;-0.0048;untergegangen
0;-0.0048;untergraben
0;-0.0048;untergrabe
0;-0.0048;untergraebst
0;-0.0048;untergraebt
0;-0.0048;untergrabt
0;-0.0048;untergrabest
0;-0.0048;untergrabet
0;-0.0048;untergrub
0;-0.0048;untergrubst
0;-0.0048;untergruben
0;-0.0048;untergrubt
0;-0.0048;untergruebe
0;-0.0048;untergruebest
0;-0.0048;untergruebst
0;-0.0048;untergrueben
0;-0.0048;untergruebet
0;-0.0048;untergruebt
0;-0.0048;untergegraben
0;-0.4715;unterirdisch
0;-0.4715;unterirdischen
0;-0.4715;unterirdischem
0;-0.4715;unterirdischstes
0;-0.4715;unterirdischste
0;-0.4715;unterirdischster
0;-0.4715;unterirdischer
0;-0.4715;unterirdische
0;-0.4715;unterirdischerem
0;-0.4715;unterirdischsten
0;-0.4715;unterirdisches
0;-0.4715;unterirdischeren
0;-0.4715;unterirdischere
0;-0.4715;unterirdischeres
0;-0.4715;unterirdischerer
0;-0.4715;unterirdischstem
0;-0.3488;unterlassen
0;-0.3488;unterlasse
0;-0.3488;unterlaesst
0;-0.3488;unterlaesst
0;-0.3488;unterlasst
0;-0.3488;unterlasst
0;-0.3488;unterlassest
0;-0.3488;unterlasset
0;-0.3488;unterliess
0;-0.3488;unterliessest
0;-0.3488;unterliesst
0;-0.3488;unterliessen
0;-0.3488;unterliesse
0;-0.3488;unterliesset
0;-0.3488;unterlassen
0;-0.3438;unterlaufen
0;-0.3438;unterlaufe
0;-0.3438;unterlaeufst
0;-0.3438;unterlaeuft
0;-0.3438;unterlauft
0;-0.3438;unterlaufest
0;-0.3438;unterlaufet
0;-0.3438;unterlief
0;-0.3438;unterliefst
0;-0.3438;unterliefen
0;-0.3438;unterlieft
0;-0.3438;unterliefe
0;-0.3438;unterliefest
0;-0.3438;unterliefet
0;-0.3438;unterlaufen
0;-0.0048;unterliegen
0;-0.0048;unterliege
0;-0.0048;unterliegst
0;-0.0048;unterliegt
0;-0.0048;unterliegest
0;-0.0048;unterlieget
0;-0.0048;unterlag
0;-0.0048;unterlagst
0;-0.0048;unterlagen
0;-0.0048;unterlagt
0;-0.0048;unterlaege
0;-0.0048;unterlaegest
0;-0.0048;unterlaegst
0;-0.0048;unterlaegen
0;-0.0048;unterlaeget
0;-0.0048;unterlaegt
0;-0.4961;unterstellen
0;-0.4961;untergestellt
0;-0.4961;unterstellte
0;-0.4961;unterstellten
0;-0.4961;unterstellst
0;-0.4961;unterstellest
0;-0.4961;unterstelltet
0;-0.4961;unterstelltest
0;-0.4961;unterstellt
0;-0.4961;unterstelle
0;-0.4961;unterstellet
0;-0.3393;unterwerfen
0;-0.3393;unterwerfe
0;-0.3393;unterwirfst
0;-0.3393;unterwirft
0;-0.3393;unterwerft
0;-0.3393;unterwerfest
0;-0.3393;unterwerfet
0;-0.3393;unterwarf
0;-0.3393;unterwarfst
0;-0.3393;unterwarfen
0;-0.3393;unterwarft
0;-0.3393;unterwuerfe
0;-0.3393;unterwuerfest
0;-0.3393;unterwuerfst
0;-0.3393;unterwuerfen
0;-0.3393;unterwuerfet
0;-0.3393;unterwuerft
0;-0.3393;unterworfen
0;-0.0533;unterwuerfig
0;-0.0533;unterwuerfigste
0;-0.0533;unterwuerfigstes
0;-0.0533;unterwuerfigerer
0;-0.0533;unterwuerfigster
0;-0.0533;unterwuerfigem
0;-0.0533;unterwuerfigeres
0;-0.0533;unterwuerfigstem
0;-0.0533;unterwuerfigsten
0;-0.0533;unterwuerfiger
0;-0.0533;unterwuerfiges
0;-0.0533;unterwuerfigen
0;-0.0533;unterwuerfigeren
0;-0.0533;unterwuerfigerem
0;-0.0533;unterwuerfige
0;-0.0533;unterwuerfigere
0;-0.3247;untragbar
0;-0.3247;untragbarer
0;-0.3247;untragbares
0;-0.3247;untragbareren
0;-0.3247;untragbarstem
0;-0.3247;untragbare
0;-0.3247;untragbarerem
0;-0.3247;untragbareres
0;-0.3247;untragbarerer
0;-0.3247;untragbarste
0;-0.3247;untragbarsten
0;-0.3247;untragbaren
0;-0.3247;untragbarem
0;-0.3247;untragbarere
0;-0.3247;untragbarstes
0;-0.3247;untragbarster
0;-0.3222;untreu
0;-0.3222;untreueres
0;-0.3222;untreuestem
0;-0.3222;untreue
0;-0.3222;untreustem
0;-0.3222;untreusten
0;-0.3222;untreuerer
0;-0.3222;untreustes
0;-0.3222;untreuster
0;-0.3222;untreueste
0;-0.3222;untreuer
0;-0.3222;untreues
0;-0.3222;untreuestes
0;-0.3222;untreuester
0;-0.3222;untreuen
0;-0.3222;untreuesten
0;-0.3222;untreuem
0;-0.3222;untreuste
0;-0.3222;untreuere
0;-0.3222;untreueren
0;-0.3222;untreuerem
0;-0.3222;untreuest
0;-0.3139;untroestlich
0;-0.3139;untroestlichstes
0;-0.3139;untroestlichster
0;-0.3139;untroestlicher
0;-0.3139;untroestlichen
0;-0.3139;untroestlichem
0;-0.3139;untroestlichere
0;-0.3139;untroestlicheres
0;-0.3139;untroestlicherer
0;-0.3139;untroestlicheren
0;-0.3139;untroestliche
0;-0.3139;untroestlicherem
0;-0.3139;untroestlichste
0;-0.3139;untroestlichstem
0;-0.3139;untroestlichsten
0;-0.3139;untroestliches
0;-0.4889;unverantwortlich
0;-0.4889;unverantwortlichste
0;-0.4889;unverantwortlichen
0;-0.4889;unverantwortlichem
0;-0.4889;unverantwortliches
0;-0.4889;unverantwortlicher
0;-0.4889;unverantwortlichere
0;-0.4889;unverantwortlicheres
0;-0.4889;unverantwortlicherer
0;-0.4889;unverantwortlicherem
0;-0.4889;unverantwortlichstes
0;-0.4889;unverantwortlicheren
0;-0.4889;unverantwortlichsten
0;-0.4889;unverantwortlichstem
0;-0.4889;unverantwortliche
0;-0.4889;unverantwortlichster
0;-0.3242;nan
0;-0.4363;unverbesserlich
0;-0.4363;unverbesserlicherem
0;-0.4363;unverbesserlicheren
0;-0.4363;unverbesserlichsten
0;-0.4363;unverbesserlicher
0;-0.4363;unverbesserlicherer
0;-0.4363;unverbesserlicheres
0;-0.4363;unverbesserliches
0;-0.4363;unverbesserlichstem
0;-0.4363;unverbesserlichster
0;-0.4363;unverbesserlichen
0;-0.4363;unverbesserlichstes
0;-0.4363;unverbesserlichem
0;-0.4363;unverbesserlichere
0;-0.4363;unverbesserliche
0;-0.4363;unverbesserlichste
0;-0.0048;unvereinbar
0;-0.0048;unvereinbareres
0;-0.0048;unvereinbarem
0;-0.0048;unvereinbarerer
0;-0.0048;unvereinbarstem
0;-0.0048;unvereinbarsten
0;-0.0048;unvereinbaren
0;-0.0048;unvereinbareren
0;-0.0048;unvereinbarerem
0;-0.0048;unvereinbarste
0;-0.0048;unvereinbare
0;-0.0048;unvereinbarer
0;-0.0048;unvereinbares
0;-0.0048;unvereinbarstes
0;-0.0048;unvereinbarster
0;-0.0048;unvereinbarere
0;-0.0048;unverhaeltnismaessig
0;-0.0048;unverhaeltnismaessigste
0;-0.0048;unverhaeltnismaessigerer
0;-0.0048;unverhaeltnismaessigeres
0;-0.0048;unverhaeltnismaessigerem
0;-0.0048;unverhaeltnismaessigem
0;-0.0048;unverhaeltnismaessigeren
0;-0.0048;unverhaeltnismaessigen
0;-0.0048;unverhaeltnismaessiges
0;-0.0048;unverhaeltnismaessiger
0;-0.0048;unverhaeltnismaessige
0;-0.0048;unverhaeltnismaessigster
0;-0.0048;unverhaeltnismaessigstes
0;-0.0048;unverhaeltnismaessigstem
0;-0.0048;unverhaeltnismaessigsten
0;-0.0048;unverhaeltnismaessigere
0;-0.0048;unverlangt
0;-0.0048;unverlangter
0;-0.0048;unverlangtes
0;-0.0048;unverlangtstes
0;-0.0048;unverlangtster
0;-0.0048;unverlangte
0;-0.0048;unverlangtsten
0;-0.0048;unverlangtere
0;-0.0048;unverlangteres
0;-0.0048;unverlangtstem
0;-0.0048;unverlangterer
0;-0.0048;unverlangtem
0;-0.0048;unverlangterem
0;-0.0048;unverlangten
0;-0.0048;unverlangteren
0;-0.0048;unverlangtste
0;-0.0048;unvermeidlich
0;-0.0048;unvermeidlichstes
0;-0.0048;unvermeidlichster
0;-0.0048;unvermeidlichsten
0;-0.0048;unvermeidliche
0;-0.0048;unvermeidlichstem
0;-0.0048;unvermeidlichere
0;-0.0048;unvermeidlicher
0;-0.0048;unvermeidliches
0;-0.0048;unvermeidlichen
0;-0.0048;unvermeidlicheres
0;-0.0048;unvermeidlicherer
0;-0.0048;unvermeidlicherem
0;-0.0048;unvermeidlichem
0;-0.0048;unvermeidlicheren
0;-0.0048;unvermeidlichste
0;-0.3252;unvernuenftig
0;-0.3252;unvernuenftige
0;-0.3252;unvernuenftigem
0;-0.3252;unvernuenftigen
0;-0.3252;unvernuenftiger
0;-0.3252;unvernuenftiges
0;-0.3252;unvernuenftigere
0;-0.3252;unvernuenftigerem
0;-0.3252;unvernuenftigeren
0;-0.3252;unvernuenftigerer
0;-0.3252;unvernuenftigeres
0;-0.3252;unvernuenftigste
0;-0.3252;unvernuenftigstem
0;-0.3252;unvernuenftigsten
0;-0.3252;unvernuenftigster
0;-0.3252;unvernuenftigstes
0;-0.6347;unverstaendlich
0;-0.6347;unverstaendlichen
0;-0.6347;unverstaendlichstem
0;-0.6347;unverstaendlichsten
0;-0.6347;unverstaendlichem
0;-0.6347;unverstaendliche
0;-0.6347;unverstaendlicher
0;-0.6347;unverstaendlichster
0;-0.6347;unverstaendliches
0;-0.6347;unverstaendlichste
0;-0.6347;unverstaendlicherer
0;-0.6347;unverstaendlicheres
0;-0.6347;unverstaendlichstes
0;-0.6347;unverstaendlichere
0;-0.6347;unverstaendlicheren
0;-0.6347;unverstaendlicherem
0;-0.4772;unvollkommen
0;-0.4772;unvollkommenster
0;-0.4772;unvollkommenstes
0;-0.4772;unvollkommenen
0;-0.4772;unvollkommenstem
0;-0.4772;unvollkommensten
0;-0.4772;unvollkommener
0;-0.4772;unvollkommenerem
0;-0.4772;unvollkommeneren
0;-0.4772;unvollkommenes
0;-0.4772;unvollkommeneres
0;-0.4772;unvollkommnere
0;-0.4772;unvollkommenerer
0;-0.4772;unvollkommneres
0;-0.4772;unvollkommnerer
0;-0.4772;unvollkommenem
0;-0.4772;unvollkommneren
0;-0.4772;unvollkommnerem
0;-0.4772;unvollkommner
0;-0.4772;unvollkommene
0;-0.4772;unvollkommenste
0;-0.4772;unvollkommenere
0;-0.4926;unvollstaendig
0;-0.4926;unvollstaendigster
0;-0.4926;unvollstaendiger
0;-0.4926;unvollstaendiges
0;-0.4926;unvollstaendigstes
0;-0.4926;unvollstaendigerer
0;-0.4926;unvollstaendigeren
0;-0.4926;unvollstaendigerem
0;-0.4926;unvollstaendigste
0;-0.4926;unvollstaendigere
0;-0.4926;unvollstaendigeres
0;-0.4926;unvollstaendige
0;-0.4926;unvollstaendigsten
0;-0.4926;unvollstaendigem
0;-0.4926;unvollstaendigstem
0;-0.4926;unvollstaendigen
0;-0.3141;unvorhergesehen
0;-0.3141;unvorhergesehenes
0;-0.3141;unvorhergesehener
0;-0.3141;unvorhergesehenere
0;-0.3141;unvorhergesehensten
0;-0.3141;unvorhergesehenste
0;-0.3141;unvorhergesehenstem
0;-0.3141;unvorhergesehenstes
0;-0.3141;unvorhergeseheneres
0;-0.3141;unvorhergesehenster
0;-0.3141;unvorhergesehenerer
0;-0.3141;unvorhergeseheneren
0;-0.3141;unvorhergesehenen
0;-0.3141;unvorhergesehenerem
0;-0.3141;unvorhergesehenem
0;-0.3141;unvorhergesehene
0;-0.3424;unwahr
0;-0.3424;unwahrerem
0;-0.3424;unwahrstem
0;-0.3424;unwahrsten
0;-0.3424;unwahreren
0;-0.3424;unwahrerer
0;-0.3424;unwahrstes
0;-0.3424;unwahreres
0;-0.3424;unwahrster
0;-0.3424;unwahre
0;-0.3424;unwahrem
0;-0.3424;unwahren
0;-0.3424;unwahrere
0;-0.3424;unwahrste
0;-0.3424;unwahrer
0;-0.3424;unwahres
0;-0.3433;unwichtig
0;-0.3433;unwichtigstem
0;-0.3433;unwichtigsten
0;-0.3433;unwichtigere
0;-0.3433;unwichtiges
0;-0.3433;unwichtigen
0;-0.3433;unwichtigem
0;-0.3433;unwichtigeren
0;-0.3433;unwichtiger
0;-0.3433;unwichtigerer
0;-0.3433;unwichtigeres
0;-0.3433;unwichtigster
0;-0.3433;unwichtigstes
0;-0.3433;unwichtigste
0;-0.3433;unwichtige
0;-0.3433;unwichtigerem
0;-0.4665;unwillig
0;-0.4665;unwilligstem
0;-0.4665;unwilligsten
0;-0.4665;unwilligere
0;-0.4665;unwilligerem
0;-0.4665;unwilligster
0;-0.4665;unwilligeren
0;-0.4665;unwilligstes
0;-0.4665;unwilligste
0;-0.4665;unwillige
0;-0.4665;unwilligen
0;-0.4665;unwilligerer
0;-0.4665;unwilligem
0;-0.4665;unwilliger
0;-0.4665;unwilliges
0;-0.4665;unwilligeres
0;-0.0048;unwirksam
0;-0.0048;unwirksamere
0;-0.0048;unwirksame
0;-0.0048;unwirksamstem
0;-0.0048;unwirksamsten
0;-0.0048;unwirksamstes
0;-0.0048;unwirksamerem
0;-0.0048;unwirksameren
0;-0.0048;unwirksamster
0;-0.0048;unwirksamerer
0;-0.0048;unwirksameres
0;-0.0048;unwirksamen
0;-0.0048;unwirksamem
0;-0.0048;unwirksamste
0;-0.0048;unwirksames
0;-0.0048;unwirksamer
0;-0.0048;unwirtlich
0;-0.0048;unwirtlichere
0;-0.0048;unwirtlicherer
0;-0.0048;unwirtlicheres
0;-0.0048;unwirtlichster
0;-0.0048;unwirtlicheren
0;-0.0048;unwirtlicherem
0;-0.0048;unwirtlichstes
0;-0.0048;unwirtlichsten
0;-0.0048;unwirtlichstem
0;-0.0048;unwirtlichen
0;-0.0048;unwirtliches
0;-0.0048;unwirtliche
0;-0.0048;unwirtlicher
0;-0.0048;unwirtlichste
0;-0.0048;unwirtlichem
0;-0.0048;unwirtschaftlich
0;-0.0048;unwirtschaftlichstem
0;-0.0048;unwirtschaftliche
0;-0.0048;unwirtschaftlichem
0;-0.0048;unwirtschaftlichen
0;-0.0048;unwirtschaftlicherem
0;-0.0048;unwirtschaftlicheren
0;-0.0048;unwirtschaftlichste
0;-0.0048;unwirtschaftliches
0;-0.0048;unwirtschaftlicher
0;-0.0048;unwirtschaftlichere
0;-0.0048;unwirtschaftlichstes
0;-0.0048;unwirtschaftlichster
0;-0.0048;unwirtschaftlichsten
0;-0.0048;unwirtschaftlicheres
0;-0.0048;unwirtschaftlicherer
0;-0.326;unwissend
0;-0.326;unwissende
0;-0.326;unwissendste
0;-0.326;unwissendem
0;-0.326;unwissenderen
0;-0.326;unwissenden
0;-0.326;unwissenderem
0;-0.326;unwissender
0;-0.326;unwissendes
0;-0.326;unwissendsten
0;-0.326;unwissendstem
0;-0.326;unwissendster
0;-0.326;unwissenderer
0;-0.326;unwissendstes
0;-0.326;unwissendere
0;-0.326;unwissenderes
0;-0.7312;unwuerdig
0;-0.7312;unwuerdige
0;-0.7312;unwuerdigere
0;-0.7312;unwuerdigstem
0;-0.7312;unwuerdigster
0;-0.7312;unwuerdigstes
0;-0.7312;unwuerdigsten
0;-0.7312;unwuerdigeren
0;-0.7312;unwuerdigen
0;-0.7312;unwuerdigem
0;-0.7312;unwuerdigerem
0;-0.7312;unwuerdiger
0;-0.7312;unwuerdigerer
0;-0.7312;unwuerdigeres
0;-0.7312;unwuerdigste
0;-0.7312;unwuerdiges
0;-0.4413;unzivilisiert
0;-0.4413;unzivilisiertem
0;-0.4413;unzivilisierten
0;-0.4413;unzivilisierterer
0;-0.4413;unzivilisiertesten
0;-0.4413;unzivilisierteres
0;-0.4413;unzivilisierter
0;-0.4413;unzivilisiertes
0;-0.4413;unzivilisiertestem
0;-0.4413;unzivilisiertester
0;-0.4413;unzivilisiertestes
0;-0.4413;unzivilisiertere
0;-0.4413;unzivilisierte
0;-0.4413;unzivilisierteste
0;-0.4413;unzivilisierteren
0;-0.4413;unzivilisierterem
0;-0.3363;unzufrieden
0;-0.3363;unzufriedeneres
0;-0.3363;unzufriednerer
0;-0.3363;unzufriedenstes
0;-0.3363;unzufriedneres
0;-0.3363;unzufriedenerer
0;-0.3363;unzufriednere
0;-0.3363;unzufriedenen
0;-0.3363;unzufriedenerem
0;-0.3363;unzufriedeneren
0;-0.3363;unzufriedenem
0;-0.3363;unzufriedener
0;-0.3363;unzufriedenes
0;-0.3363;unzufriedene
0;-0.3363;unzufriedner
0;-0.3363;unzufriedenster
0;-0.3363;unzufriedneren
0;-0.3363;unzufriednerem
0;-0.3363;unzufriedensten
0;-0.3363;unzufriedenere
0;-0.3363;unzufriedenste
0;-0.3363;unzufriedenstem
0;-0.3554;unzulaessig
0;-0.3554;unzulaessige
0;-0.3554;unzulaessigeren
0;-0.3554;unzulaessigere
0;-0.3554;unzulaessigeres
0;-0.3554;unzulaessigerer
0;-0.3554;unzulaessigster
0;-0.3554;unzulaessigstes
0;-0.3554;unzulaessigerem
0;-0.3554;unzulaessiges
0;-0.3554;unzulaessigsten
0;-0.3554;unzulaessiger
0;-0.3554;unzulaessigste
0;-0.3554;unzulaessigen
0;-0.3554;unzulaessigem
0;-0.3554;unzulaessigstem
0;-0.34;unzumutbar
0;-0.34;unzumutbarerem
0;-0.34;unzumutbarem
0;-0.34;unzumutbareren
0;-0.34;unzumutbaren
0;-0.34;unzumutbarere
0;-0.34;unzumutbareres
0;-0.34;unzumutbarerer
0;-0.34;unzumutbarer
0;-0.34;unzumutbares
0;-0.34;unzumutbarsten
0;-0.34;unzumutbare
0;-0.34;unzumutbarste
0;-0.34;unzumutbarstem
0;-0.34;unzumutbarstes
0;-0.34;unzumutbarster
0;-0.0048;unzurechnungsfaehig
0;-0.0048;unzurechnungsfaehigerem
0;-0.0048;unzurechnungsfaehigeren
0;-0.0048;unzurechnungsfaehigsten
0;-0.0048;unzurechnungsfaehigeres
0;-0.0048;unzurechnungsfaehigstem
0;-0.0048;unzurechnungsfaehigster
0;-0.0048;unzurechnungsfaehigere
0;-0.0048;unzurechnungsfaehigerer
0;-0.0048;unzurechnungsfaehigem
0;-0.0048;unzurechnungsfaehigstes
0;-0.0048;unzurechnungsfaehige
0;-0.0048;unzurechnungsfaehigen
0;-0.0048;unzurechnungsfaehiges
0;-0.0048;unzurechnungsfaehiger
0;-0.0048;unzurechnungsfaehigste
0;-0.5233;unzureichend
0;-0.5233;unzureichendster
0;-0.5233;unzureichendstes
0;-0.5233;unzureichende
0;-0.5233;unzureichenderes
0;-0.5233;unzureichenderer
0;-0.5233;unzureichendste
0;-0.5233;unzureichender
0;-0.5233;unzureichenderen
0;-0.5233;unzureichenderem
0;-0.5233;unzureichendes
0;-0.5233;unzureichendere
0;-0.5233;unzureichenden
0;-0.5233;unzureichendem
0;-0.5233;unzureichendstem
0;-0.5233;unzureichendsten
0;-0.0048;unzusammenhaengend
0;-0.0048;unzusammenhaengendem
0;-0.0048;unzusammenhaengendster
0;-0.0048;unzusammenhaengenden
0;-0.0048;unzusammenhaengendstes
0;-0.0048;unzusammenhaengendes
0;-0.0048;unzusammenhaengendstem
0;-0.0048;unzusammenhaengendsten
0;-0.0048;unzusammenhaengender
0;-0.0048;unzusammenhaengendste
0;-0.0048;unzusammenhaengendere
0;-0.0048;unzusammenhaengende
0;-0.0048;unzusammenhaengenderes
0;-0.0048;unzusammenhaengenderer
0;-0.0048;unzusammenhaengenderen
0;-0.0048;unzusammenhaengenderem
0;-0.612;unzuverlaessig
0;-0.612;unzuverlaessigstes
0;-0.612;unzuverlaessiger
0;-0.612;unzuverlaessigere
0;-0.612;unzuverlaessiges
0;-0.612;unzuverlaessigster
0;-0.612;unzuverlaessigeres
0;-0.612;unzuverlaessigeren
0;-0.612;unzuverlaessigerem
0;-0.612;unzuverlaessigerer
0;-0.612;unzuverlaessigsten
0;-0.612;unzuverlaessige
0;-0.612;unzuverlaessigstem
0;-0.612;unzuverlaessigem
0;-0.612;unzuverlaessigste
0;-0.612;unzuverlaessigen
0;-0.0048;unzuechtig
0;-0.0048;unzuechtigster
0;-0.0048;unzuechtigstes
0;-0.0048;unzuechtigere
0;-0.0048;unzuechtige
0;-0.0048;unzuechtiges
0;-0.0048;unzuechtiger
0;-0.0048;unzuechtigem
0;-0.0048;unzuechtigen
0;-0.0048;unzuechtigeren
0;-0.0048;unzuechtigerer
0;-0.0048;unzuechtigeres
0;-0.0048;unzuechtigsten
0;-0.0048;unzuechtigstem
0;-0.0048;unzuechtigste
0;-0.0048;unzuechtigerem
0;-0.0501;unuebersichtlich
0;-0.0501;unuebersichtlichen
0;-0.0501;unuebersichtlichstes
0;-0.0501;unuebersichtlichere
0;-0.0501;unuebersichtlichste
0;-0.0501;unuebersichtlichster
0;-0.0501;unuebersichtlicher
0;-0.0501;unuebersichtliches
0;-0.0501;unuebersichtlichsten
0;-0.0501;unuebersichtlichstem
0;-0.0501;unuebersichtlichem
0;-0.0501;unuebersichtlicheren
0;-0.0501;unuebersichtliche
0;-0.0501;unuebersichtlicherem
0;-0.0501;unuebersichtlicheres
0;-0.0501;unuebersichtlicherer
0;-0.3328;unueblich
0;-0.3328;unueblichem
0;-0.3328;unueblichster
0;-0.3328;unueblichen
0;-0.3328;unueblichste
0;-0.3328;unueblichsten
0;-0.3328;unueblicher
0;-0.3328;unuebliches
0;-0.3328;unueblichstem
0;-0.3328;unueblicheren
0;-0.3328;unueblicherem
0;-0.3328;unueblicherer
0;-0.3328;unueblichere
0;-0.3328;unueblichstes
0;-0.3328;unuebliche
0;-0.3328;unueblicheres
0;-0.3406;vage
0;-0.3406;vag
0;-0.3406;vagem
0;-0.3406;vagen
0;-0.3406;vager
0;-0.3406;vages
0;-0.3406;vagere
0;-0.3406;vagerem
0;-0.3406;vageren
0;-0.3406;vagerer
0;-0.3406;vageres
0;-0.3406;vagste
0;-0.3406;vagstem
0;-0.3406;vagsten
0;-0.3406;vagster
0;-0.3406;vagstes
0;-0.0048;verabscheuungswuerdig
0;-0.0048;verabscheuungswuerdigen
0;-0.0048;verabscheuungswuerdigste
0;-0.0048;verabscheuungswuerdigem
0;-0.0048;verabscheuungswuerdigstem
0;-0.0048;verabscheuungswuerdigster
0;-0.0048;verabscheuungswuerdigstes
0;-0.0048;verabscheuungswuerdiges
0;-0.0048;verabscheuungswuerdigsten
0;-0.0048;verabscheuungswuerdiger
0;-0.0048;verabscheuungswuerdigerem
0;-0.0048;verabscheuungswuerdigeren
0;-0.0048;verabscheuungswuerdigere
0;-0.0048;verabscheuungswuerdigerer
0;-0.0048;verabscheuungswuerdigeres
0;-0.0048;verabscheuungswuerdige
0;-0.0048;verachten
0;-0.0048;verachte
0;-0.0048;verachtte
0;-0.0048;verachtet
0;-0.0048;verachtest
0;-0.0048;verachtetet
0;-0.0048;verachtetest
0;-0.0048;verachtete
0;-0.0048;verachten
0;-0.0048;verachteten
0;-0.507;veraltet
0;-0.507;veraltete
0;-0.507;veraltetem
0;-0.507;veralteten
0;-0.507;veralteter
0;-0.507;veraltetes
0;-0.507;veraltetere
0;-0.507;veralteterem
0;-0.507;veralteteren
0;-0.507;veralteterer
0;-0.507;veralteteres
0;-0.507;veraltetste
0;-0.507;veraltetstem
0;-0.507;veraltetsten
0;-0.507;veraltetster
0;-0.507;veraltetstes
0;-0.0048;verarschen
0;-0.0048;verarsche
0;-0.0048;verarschst
0;-0.0048;verarscht
0;-0.0048;verarschest
0;-0.0048;verarschet
0;-0.0048;verarschte
0;-0.0048;verarschtest
0;-0.0048;verarschten
0;-0.0048;verarschtet
0;-0.0048;verbannen
0;-0.0048;verbannten
0;-0.0048;verbannst
0;-0.0048;verbannte
0;-0.0048;verbanntet
0;-0.0048;verbannet
0;-0.0048;verbannest
0;-0.0048;verbanne
0;-0.0048;verbannt
0;-0.0048;verbanntest
0;-0.0327;verbeulen
0;-0.0327;verbeulest
0;-0.0327;verbeultet
0;-0.0327;verbeultest
0;-0.0327;verbeulst
0;-0.0327;verbeult
0;-0.0327;verbeulten
0;-0.0327;verbeulte
0;-0.0327;verbeule
0;-0.0327;verbeulet
0;-0.629;verbieten
0;-0.629;verbiete
0;-0.629;verbietest
0;-0.629;verbietet
0;-0.629;verbot
0;-0.629;verbotest
0;-0.629;verbotst
0;-0.629;verboten
0;-0.629;verbotet
0;-0.629;verboete
0;-0.629;verboetest
0;-0.629;verboetet
0;-0.4659;verbittert
0;-0.4659;verbitterte
0;-0.4659;verbittertem
0;-0.4659;verbitterten
0;-0.4659;verbitterter
0;-0.4659;verbittertes
0;-0.4659;verbittertere
0;-0.4659;verbitterterem
0;-0.4659;verbitterteren
0;-0.4659;verbitterterer
0;-0.4659;verbitterteres
0;-0.4659;verbittertste
0;-0.4659;verbittertstem
0;-0.4659;verbittertsten
0;-0.4659;verbittertster
0;-0.4659;verbittertstes
0;-0.0048;verblassen
0;-0.0048;verblassten
0;-0.0048;verblasstet
0;-0.0048;verblasset
0;-0.0048;verblasste
0;-0.0048;verblasse
0;-0.0048;verblassest
0;-0.0048;verblasstest
0;-0.0048;verblasst
0;-0.3657;verboten
0;-0.3657;verbotenen
0;-0.3657;verbotenem
0;-0.3657;verbotner
0;-0.3657;verbotenerer
0;-0.3657;verbotnerem
0;-0.3657;verbotenerem
0;-0.3657;verbotene
0;-0.3657;verbotenere
0;-0.3657;verboteneren
0;-0.3657;verboteneres
0;-0.3657;verbotenes
0;-0.3657;verbotener
0;-0.3657;verbotenster
0;-0.3657;verbotenste
0;-0.3657;verbotnere
0;-0.3657;verbotenstes
0;-0.3657;verbotneres
0;-0.3657;verbotnerer
0;-0.3657;verbotensten
0;-0.3657;verbotneren
0;-0.3657;verbotenstem
0;-0.6079;verdammen
0;-0.6079;verdammten
0;-0.6079;verdammte
0;-0.6079;verdammtet
0;-0.6079;verdammtest
0;-0.6079;verdammst
0;-0.6079;verdamme
0;-0.6079;verdammt
0;-0.6079;verdammet
0;-0.6079;verdammest
0;-0.2925;verdammt
0;-0.2925;verdammteste
0;-0.2925;verdammterem
0;-0.2925;verdammteren
0;-0.2925;verdammtere
0;-0.2925;verdammterer
0;-0.2925;verdammteres
0;-0.2925;verdammtesten
0;-0.2925;verdammter
0;-0.2925;verdammtestem
0;-0.2925;verdammte
0;-0.2925;verdammtes
0;-0.2925;verdammtester
0;-0.2925;verdammtestes
0;-0.2925;verdammten
0;-0.2925;verdammtem
0;-0.0516;verdecken
0;-0.0516;verdeckten
0;-0.0516;verdecke
0;-0.0516;verdeckt
0;-0.0516;verdecktet
0;-0.0516;verdeckst
0;-0.0516;verdeckte
0;-0.0516;verdecktest
0;-0.0516;verdeckest
0;-0.0516;verdecket
0;-0.0048;verderben
0;-0.0048;verderbe
0;-0.0048;verdirbst
0;-0.0048;verdirbt
0;-0.0048;verderbt
0;-0.0048;verderbest
0;-0.0048;verderbet
0;-0.0048;verdarb
0;-0.0048;verdarbst
0;-0.0048;verdarben
0;-0.0048;verdarbt
0;-0.0048;verduerbe
0;-0.0048;verduerbest
0;-0.0048;verduerbst
0;-0.0048;verduerben
0;-0.0048;verduerbet
0;-0.0048;verduerbt
0;-0.3131;verderblich
0;-0.3131;verderblichstes
0;-0.3131;verderblichster
0;-0.3131;verderblichen
0;-0.3131;verderblichsten
0;-0.3131;verderblichem
0;-0.3131;verderblichere
0;-0.3131;verderblichstem
0;-0.3131;verderbliche
0;-0.3131;verderblicherer
0;-0.3131;verderblicheres
0;-0.3131;verderblicherem
0;-0.3131;verderblicheren
0;-0.3131;verderblichste
0;-0.3131;verderblicher
0;-0.3131;verderbliches
0;-0.1755;verdorben
0;-0.1755;verdorbenstes
0;-0.1755;verdorbenerer
0;-0.1755;verdorbenste
0;-0.1755;verdorbenster
0;-0.1755;verdorbeneres
0;-0.1755;verdorbneren
0;-0.1755;verdorbene
0;-0.1755;verdorbnerem
0;-0.1755;verdorbenstem
0;-0.1755;verdorbensten
0;-0.1755;verdorbneres
0;-0.1755;verdorbenes
0;-0.1755;verdorbnerer
0;-0.1755;verdorbener
0;-0.1755;verdorbenen
0;-0.1755;verdorbnere
0;-0.1755;verdorbenem
0;-0.1755;verdorbner
0;-0.1755;verdorbenerem
0;-0.1755;verdorbenere
0;-0.1755;verdorbeneren
0;-0.0048;verdriesslich
0;-0.0048;verdriesslichster
0;-0.0048;verdriessliches
0;-0.0048;verdriesslichstes
0;-0.0048;verdriesslicher
0;-0.0048;verdriesslicheres
0;-0.0048;verdriesslicherer
0;-0.0048;verdriesslichstem
0;-0.0048;verdriesslicheren
0;-0.0048;verdriesslicherem
0;-0.0048;verdriesslichsten
0;-0.0048;verdriesslichem
0;-0.0048;verdriessliche
0;-0.0048;verdriesslichen
0;-0.0048;verdriesslichste
0;-0.0048;verdriesslichere
0;-0.3468;verdraengen
0;-0.3468;verdraengst
0;-0.3468;verdraengest
0;-0.3468;verdraengte
0;-0.3468;verdraenge
0;-0.3468;verdraengt
0;-0.3468;verdraengten
0;-0.3468;verdraengtest
0;-0.3468;verdraenget
0;-0.3468;verdraengtet
0;-0.0048;verdunkeln
0;-0.0048;verdunkle
0;-0.0048;verdunkelte
0;-0.0048;verdunkelen
0;-0.0048;verdunkeltest
0;-0.0048;verdunkelten
0;-0.0048;verdunkele
0;-0.0048;verdunkelt
0;-0.0048;verdunkeltet
0;-0.0048;verdunkelst
0;-0.0048;verdunkel
0;-0.0048;vereiteln
0;-0.0048;vereitle
0;-0.0048;vereitele
0;-0.0048;vereiteltest
0;-0.0048;vereitelt
0;-0.0048;vereiteltet
0;-0.0048;vereitelst
0;-0.0048;vereitelen
0;-0.0048;vereitel
0;-0.0048;vereitelten
0;-0.0048;vereitelte
0;-0.4849;verfallen
0;-0.4849;verfallner
0;-0.4849;verfallenem
0;-0.4849;verfalleneres
0;-0.4849;verfallenere
0;-0.4849;verfallenerer
0;-0.4849;verfallene
0;-0.4849;verfallenerem
0;-0.4849;verfallnere
0;-0.4849;verfalleneren
0;-0.4849;verfallenstem
0;-0.4849;verfallensten
0;-0.4849;verfallenste
0;-0.4849;verfallnerer
0;-0.4849;verfallenstes
0;-0.4849;verfallneres
0;-0.4849;verfallenster
0;-0.4849;verfallneren
0;-0.4849;verfallenen
0;-0.4849;verfallnerem
0;-0.4849;verfallener
0;-0.4849;verfallenes
0;-0.0048;verfassungswidrig
0;-0.0048;verfassungswidrige
0;-0.0048;verfassungswidrigem
0;-0.0048;verfassungswidrigen
0;-0.0048;verfassungswidriger
0;-0.0048;verfassungswidriges
0;-0.0048;verfassungswidrigere
0;-0.0048;verfassungswidrigerem
0;-0.0048;verfassungswidrigeren
0;-0.0048;verfassungswidrigerer
0;-0.0048;verfassungswidrigeres
0;-0.0048;verfassungswidrigste
0;-0.0048;verfassungswidrigstem
0;-0.0048;verfassungswidrigsten
0;-0.0048;verfassungswidrigster
0;-0.0048;verfassungswidrigstes
0;-0.0373;verfehlen
0;-0.0373;verfehlten
0;-0.0373;verfehlte
0;-0.0373;verfehlst
0;-0.0373;verfehlt
0;-0.0373;verfehlet
0;-0.0373;verfehle
0;-0.0373;verfehlest
0;-0.0373;verfehltet
0;-0.0373;verfehltest
0;-0.3284;verfluchen
0;-0.3284;verfluchet
0;-0.3284;verfluchten
0;-0.3284;verfluchst
0;-0.3284;verfluchtest
0;-0.3284;verfluchte
0;-0.3284;verfluche
0;-0.3284;verflucht
0;-0.3284;verfluchtet
0;-0.3284;verfluchest
0;-0.3323;verfaelschen
0;-0.3323;verfaelschten
0;-0.3323;verfaelschtet
0;-0.3323;verfaelschest
0;-0.3323;verfaelschte
0;-0.3323;verfaelschst
0;-0.3323;verfaelsche
0;-0.3323;verfaelschtest
0;-0.3323;verfaelschet
0;-0.3323;verfaelscht
0;-0.0048;vergammelt
0;-0.0048;vergammelteres
0;-0.0048;vergammelterer
0;-0.0048;vergammeltste
0;-0.0048;vergammelterem
0;-0.0048;vergammelteren
0;-0.0048;vergammeltstem
0;-0.0048;vergammeltsten
0;-0.0048;vergammelten
0;-0.0048;vergammelte
0;-0.0048;vergammeltem
0;-0.0048;vergammeltere
0;-0.0048;vergammeltes
0;-0.0048;vergammeltster
0;-0.0048;vergammelter
0;-0.0048;vergammeltstes
0;-0.0048;vergeblich
0;-0.0048;vergeblichstem
0;-0.0048;vergeblichsten
0;-0.0048;vergeblichem
0;-0.0048;vergeblichere
0;-0.0048;vergeblichen
0;-0.0048;vergebliches
0;-0.0048;vergeblicher
0;-0.0048;vergebliche
0;-0.0048;vergeblichste
0;-0.0048;vergeblichster
0;-0.0048;vergeblichstes
0;-0.0048;vergeblicherer
0;-0.0048;vergeblicheres
0;-0.0048;vergeblicherem
0;-0.0048;vergeblicheren
0;-0.0048;vergelten
0;-0.0048;vergelte
0;-0.0048;vergiltst
0;-0.0048;vergilt
0;-0.0048;vergelten
0;-0.0048;vergeltet
0;-0.0048;vergeltest
0;-0.0048;vergalt
0;-0.0048;vergaltest
0;-0.0048;vergaltst
0;-0.0048;vergalten
0;-0.0048;vergaltet
0;-0.0048;vergaelte
0;-0.0048;vergoelte
0;-0.0048;vergaeltest
0;-0.0048;vergoeltest
0;-0.0048;vergaelten
0;-0.0048;vergoelten
0;-0.0048;vergaeltet
0;-0.0048;vergoeltet
0;-0.0048;vergolten
0;-0.1836;vergeuden
0;-0.1836;vergeudete
0;-0.1836;vergeude
0;-0.1836;vergeudtet
0;-0.1836;vergeudeten
0;-0.1836;vergeudtest
0;-0.1836;vergeudetet
0;-0.1836;vergeudet
0;-0.1836;vergeudte
0;-0.1836;vergeudetest
0;-0.1836;vergeudten
0;-0.1836;vergeudest
0;-0.0048;vergewaltigen
0;-0.0048;vergewaltige
0;-0.0048;vergewaltigtest
0;-0.0048;vergewaltigtet
0;-0.0048;vergewaltigt
0;-0.0048;vergewaltigten
0;-0.0048;vergewaltigte
0;-0.0048;vergewaltigest
0;-0.0048;vergewaltiget
0;-0.0048;vergewaltigst
0;-0.049;verharmlosen
0;-0.049;verharmlosten
0;-0.049;verharmlost
0;-0.049;verharmloset
0;-0.049;verharmlose
0;-0.049;verharmlostest
0;-0.049;verharmlosest
0;-0.049;verharmlostet
0;-0.049;verharmloste
0;-0.0048;verhasst
0;-0.0048;verhassteres
0;-0.0048;verhasstester
0;-0.0048;verhassterer
0;-0.0048;verhasstem
0;-0.0048;verhassten
0;-0.0048;verhasstes
0;-0.0048;verhasstestes
0;-0.0048;verhasster
0;-0.0048;verhasstestem
0;-0.0048;verhasstesten
0;-0.0048;verhasstere
0;-0.0048;verhassteste
0;-0.0048;verhassteren
0;-0.0048;verhasste
0;-0.0048;verhassterem
0;-0.0048;verheeren
0;-0.0048;verheere
0;-0.0048;verheerst
0;-0.0048;verheert
0;-0.0048;verheerest
0;-0.0048;verheeret
0;-0.0048;verheerte
0;-0.0048;verheertest
0;-0.0048;verheerten
0;-0.0048;verheertet
0;-0.478;verheerend
0;-0.478;verheerendstes
0;-0.478;verheerendster
0;-0.478;verheerendere
0;-0.478;verheerenderes
0;-0.478;verheerendsten
0;-0.478;verheerenderer
0;-0.478;verheerendem
0;-0.478;verheerenden
0;-0.478;verheerenderen
0;-0.478;verheerendstem
0;-0.478;verheerender
0;-0.478;verheerendes
0;-0.478;verheerenderem
0;-0.478;verheerendste
0;-0.478;verheerende
0;-0.0048;verherrlichen
0;-0.0048;verherrlichet
0;-0.0048;verherrlichten
0;-0.0048;verherrlichte
0;-0.0048;verherrlichst
0;-0.0048;verherrlichest
0;-0.0048;verherrliche
0;-0.0048;verherrlicht
0;-0.0048;verherrlichtest
0;-0.0048;verherrlichtet
0;-0.333;verhaengnisvoll
0;-0.333;verhaengnisvolle
0;-0.333;verhaengnisvollem
0;-0.333;verhaengnisvollen
0;-0.333;verhaengnisvoller
0;-0.333;verhaengnisvolles
0;-0.333;verhaengnisvollere
0;-0.333;verhaengnisvollerem
0;-0.333;verhaengnisvolleren
0;-0.333;verhaengnisvollerer
0;-0.333;verhaengnisvolleres
0;-0.0048;verhoehnen
0;-0.0048;verhoehntest
0;-0.0048;verhoehnet
0;-0.0048;verhoehntet
0;-0.0048;verhoehnte
0;-0.0048;verhoehnst
0;-0.0048;verhoehne
0;-0.0048;verhoehnest
0;-0.0048;verhoehnt
0;-0.0048;verhoehnten
0;-0.0498;verirren
0;-0.0498;verirrt
0;-0.0498;verirrtet
0;-0.0498;verirrst
0;-0.0498;verirre
0;-0.0498;verirrte
0;-0.0498;verirrten
0;-0.0498;verirrest
0;-0.0498;verirrtest
0;-0.0498;verirret
0;-0.0048;verkehrswidrig
0;-0.0048;verkehrswidrigste
0;-0.0048;verkehrswidrigster
0;-0.0048;verkehrswidrigstes
0;-0.0048;verkehrswidrigsten
0;-0.0048;verkehrswidrigerem
0;-0.0048;verkehrswidrigstem
0;-0.0048;verkehrswidrigere
0;-0.0048;verkehrswidriger
0;-0.0048;verkehrswidrigeren
0;-0.0048;verkehrswidrigen
0;-0.0048;verkehrswidrigerer
0;-0.0048;verkehrswidrigem
0;-0.0048;verkehrswidrigeres
0;-0.0048;verkehrswidrige
0;-0.0048;verkehrswidriges
0;-0.0048;verkleinern
0;-0.0048;verkleinerten
0;-0.0048;verkleinere
0;-0.0048;verkleinert
0;-0.0048;verkleinertet
0;-0.0048;verkleinerte
0;-0.0048;verkleinertest
0;-0.0048;verkleinerst
0;-0.0048;verkleineren
0;-0.0048;verkrueppeln
0;-0.0048;verkrueppele
0;-0.0048;verkruepple
0;-0.0048;verkrueppelst
0;-0.0048;verkrueppelt
0;-0.0048;verkruepplest
0;-0.0048;verkruepplet
0;-0.0048;verkrueppelte
0;-0.0048;verkrueppeltest
0;-0.0048;verkrueppelten
0;-0.0048;verkrueppeltet
0;-0.0048;verlangsamen
0;-0.0048;verlangsamst
0;-0.0048;verlangsamte
0;-0.0048;verlangsamtet
0;-0.0048;verlangsamt
0;-0.0048;verlangsamet
0;-0.0048;verlangsamest
0;-0.0048;verlangsame
0;-0.0048;verlangsamten
0;-0.0048;verlangsamtest
0;-0.0048;verletzbar
0;-0.0048;verletzbarerem
0;-0.0048;verletzbareren
0;-0.0048;verletzbare
0;-0.0048;verletzbarster
0;-0.0048;verletzbarste
0;-0.0048;verletzbareres
0;-0.0048;verletzbarsten
0;-0.0048;verletzbarerer
0;-0.0048;verletzbarstem
0;-0.0048;verletzbarstes
0;-0.0048;verletzbarere
0;-0.0048;verletzbaren
0;-0.0048;verletzbarem
0;-0.0048;verletzbarer
0;-0.0048;verletzbares
0;-0.3615;verletzen
0;-0.3615;verletzte
0;-0.3615;verletze
0;-0.3615;verletzt
0;-0.3615;verletzten
0;-0.3615;verletzest
0;-0.3615;verletzet
0;-0.3615;verletztest
0;-0.3615;verletztet
0;-0.0487;verletzlich
0;-0.0487;verletzlicherer
0;-0.0487;verletzlichste
0;-0.0487;verletzlicheres
0;-0.0487;verletzlichstes
0;-0.0487;verletzlichster
0;-0.0487;verletzliche
0;-0.0487;verletzlicheren
0;-0.0487;verletzlicherem
0;-0.0487;verletzlichen
0;-0.0487;verletzlichem
0;-0.0487;verletzliches
0;-0.0487;verletzlicher
0;-0.0487;verletzlichere
0;-0.0487;verletzlichstem
0;-0.0487;verletzlichsten
0;-0.5202;verletzt
0;-0.5202;verletzterem
0;-0.5202;verletzteste
0;-0.5202;verletztestem
0;-0.5202;verletztesten
0;-0.5202;verletzteren
0;-0.5202;verletzteres
0;-0.5202;verletztere
0;-0.5202;verletzterer
0;-0.5202;verletztester
0;-0.5202;verletztestes
0;-0.5202;verletzte
0;-0.5202;verletztem
0;-0.5202;verletzten
0;-0.5202;verletzter
0;-0.5202;verletztes
0;-0.4473;verleumden
0;-0.4473;verleumdten
0;-0.4473;verleumde
0;-0.4473;verleumdet
0;-0.4473;verleumdte
0;-0.4473;verleumdetet
0;-0.4473;verleumdetest
0;-0.4473;verleumdtest
0;-0.4473;verleumdeten
0;-0.4473;verleumdest
0;-0.4473;verleumdtet
0;-0.4473;verleumdete
0;-0.393;verlieren
0;-0.393;verliere
0;-0.393;verlierst
0;-0.393;verliert
0;-0.393;verlierest
0;-0.393;verlieret
0;-0.393;verlor
0;-0.393;verlorst
0;-0.393;verloren
0;-0.393;verlort
0;-0.393;verloere
0;-0.393;verloerest
0;-0.393;verloerst
0;-0.393;verloeren
0;-0.393;verloeret
0;-0.393;verloert
0;-0.3355;verlogen
0;-0.3355;verlogensten
0;-0.3355;verlogenerer
0;-0.3355;verlogeneres
0;-0.3355;verlogenes
0;-0.3355;verlogner
0;-0.3355;verlogeneren
0;-0.3355;verlogenste
0;-0.3355;verlogenstem
0;-0.3355;verlogenen
0;-0.3355;verlogenem
0;-0.3355;verlogenster
0;-0.3355;verlogenstes
0;-0.3355;verlogener
0;-0.3355;verlogneres
0;-0.3355;verlogene
0;-0.3355;verlogenere
0;-0.3355;verlogneren
0;-0.3355;verlognerem
0;-0.3355;verlognerer
0;-0.3355;verlogenerem
0;-0.3355;verlognere
0;-0.5265;vermeiden
0;-0.5265;vermeide
0;-0.5265;vermeidest
0;-0.5265;vermeidet
0;-0.5265;vermied
0;-0.5265;vermiedest
0;-0.5265;vermiedst
0;-0.5265;vermieden
0;-0.5265;vermiedet
0;-0.5265;vermiede
0;-0.0048;vermindern
0;-0.0048;vermindere
0;-0.0048;vermindert
0;-0.0048;vermindertet
0;-0.0048;verminderten
0;-0.0048;verminderen
0;-0.0048;verminderte
0;-0.0048;vermindertest
0;-0.0048;verminderst
0;-0.4902;vernichten
0;-0.4902;vernichtet
0;-0.4902;vernichte
0;-0.4902;vernichtest
0;-0.4902;vernichtete
0;-0.4902;vernichtetest
0;-0.4902;vernichteten
0;-0.4902;vernichtetet
0;-0.4902;vernichten
0;-0.0048;vernichtend
0;-0.0048;vernichtende
0;-0.0048;vernichtendem
0;-0.0048;vernichtenden
0;-0.0048;vernichtender
0;-0.0048;vernichtendes
0;-0.0048;vernichtendere
0;-0.0048;vernichtenderem
0;-0.0048;vernichtenderen
0;-0.0048;vernichtenderer
0;-0.0048;vernichtenderes
0;-0.0048;vernichtendste
0;-0.0048;vernichtendstem
0;-0.0048;vernichtendsten
0;-0.0048;vernichtendster
0;-0.0048;vernichtendstes
0;-0.2087;verraten
0;-0.2087;verrate
0;-0.2087;verraetst
0;-0.2087;verraet
0;-0.2087;verratet
0;-0.2087;verratest
0;-0.2087;verriet
0;-0.2087;verrietest
0;-0.2087;verrietst
0;-0.2087;verrieten
0;-0.2087;verrietet
0;-0.2087;verriete
0;-0.3537;verringern
0;-0.3537;verringere
0;-0.3537;verringerst
0;-0.3537;verringert
0;-0.3537;verringerte
0;-0.3537;verringertest
0;-0.3537;verringerten
0;-0.3537;verringertet
0;-0.1714;verrucht
0;-0.1714;verruchtesten
0;-0.1714;verruchtestem
0;-0.1714;verruchtester
0;-0.1714;verruchtestes
0;-0.1714;verruchterem
0;-0.1714;verruchteren
0;-0.1714;verruchte
0;-0.1714;verruchteste
0;-0.1714;verruchteres
0;-0.1714;verruchterer
0;-0.1714;verruchtes
0;-0.1714;verruchter
0;-0.1714;verruchtem
0;-0.1714;verruchtere
0;-0.1714;verruchten
0;-0.311;verraeterisch
0;-0.311;verraeterischsten
0;-0.311;verraeterischstem
0;-0.311;verraeterischste
0;-0.311;verraeterischstes
0;-0.311;verraeterischster
0;-0.311;verraeterischere
0;-0.311;verraeterischem
0;-0.311;verraeterischerem
0;-0.311;verraeterische
0;-0.311;verraeterischeren
0;-0.311;verraeterischeres
0;-0.311;verraeterischen
0;-0.311;verraeterischerer
0;-0.311;verraeterischer
0;-0.311;verraeterisches
0;-0.0337;verrueckt
0;-0.0337;verrueckten
0;-0.0337;verruecktestes
0;-0.0337;verruecktester
0;-0.0337;verrueckter
0;-0.0337;verruecktes
0;-0.0337;verruecktesten
0;-0.0337;verrueckteste
0;-0.0337;verrueckte
0;-0.0337;verruecktem
0;-0.0337;verrueckterer
0;-0.0337;verrueckteres
0;-0.0337;verruecktestem
0;-0.0337;verrueckteren
0;-0.0337;verrueckterem
0;-0.0337;verruecktere
0;-0.0048;verschimmelt
0;-0.0048;verschimmelte
0;-0.0048;verschimmeltem
0;-0.0048;verschimmelten
0;-0.0048;verschimmelter
0;-0.0048;verschimmeltes
0;-0.0048;verschimmeltere
0;-0.0048;verschimmelterem
0;-0.0048;verschimmelteren
0;-0.0048;verschimmelterer
0;-0.0048;verschimmelteres
0;-0.0048;verschimmeltste
0;-0.0048;verschimmeltstem
0;-0.0048;verschimmeltsten
0;-0.0048;verschimmeltster
0;-0.0048;verschimmeltstes
0;-0.0048;verschlechtern
0;-0.0048;verschlechtere
0;-0.0048;verschlechterst
0;-0.0048;verschlechtert
0;-0.0048;verschlechterte
0;-0.0048;verschlechtertest
0;-0.0048;verschlechterten
0;-0.0048;verschlechtertet
0;-0.0048;verschleppen
0;-0.0048;verschleppst
0;-0.0048;verschleppte
0;-0.0048;verschlepptest
0;-0.0048;verschleppest
0;-0.0048;verschleppet
0;-0.0048;verschleppten
0;-0.0048;verschlepptet
0;-0.0048;verschleppe
0;-0.0048;verschleppt
0;-0.0048;verschleudern
0;-0.0048;verschleudertet
0;-0.0048;verschleuderte
0;-0.0048;verschleuderst
0;-0.0048;verschleudert
0;-0.0048;verschleudertest
0;-0.0048;verschleuderten
0;-0.0048;verschleudere
0;-0.0048;verschleuderen
0;-0.0048;verschlingen
0;-0.0048;verschlinge
0;-0.0048;verschlingst
0;-0.0048;verschlingt
0;-0.0048;verschlingest
0;-0.0048;verschlinget
0;-0.0048;verschlang
0;-0.0048;verschlangst
0;-0.0048;verschlangen
0;-0.0048;verschlangt
0;-0.0048;verschlaenge
0;-0.0048;verschlaengest
0;-0.0048;verschlaengst
0;-0.0048;verschlaengen
0;-0.0048;verschlaenget
0;-0.0048;verschlaengt
0;-0.0048;verschmutzen
0;-0.0048;verschmutzest
0;-0.0048;verschmutztet
0;-0.0048;verschmutztest
0;-0.0048;verschmutzet
0;-0.0048;verschmutzten
0;-0.0048;verschmutzte
0;-0.0048;verschmutzt
0;-0.0048;verschmutze
0;-0.0494;verschwenden
0;-0.0494;verschwendest
0;-0.0494;verschwende
0;-0.0494;verschwendeten
0;-0.0494;verschwendete
0;-0.0494;verschwendetest
0;-0.0494;verschwendet
0;-0.0494;verschwendetet
0;-0.0048;verschwenderisch
0;-0.0048;verschwenderischste
0;-0.0048;verschwenderischeres
0;-0.0048;verschwenderische
0;-0.0048;verschwenderischen
0;-0.0048;verschwenderischem
0;-0.0048;verschwenderischer
0;-0.0048;verschwenderisches
0;-0.0048;verschwenderischstem
0;-0.0048;verschwenderischsten
0;-0.0048;verschwenderischster
0;-0.0048;verschwenderischstes
0;-0.0048;verschwenderischere
0;-0.0048;verschwenderischerer
0;-0.0048;verschwenderischeren
0;-0.0048;verschwenderischerem
0;-0.3588;verschwinden
0;-0.3588;verschwinde
0;-0.3588;verschwindest
0;-0.3588;verschwindet
0;-0.3588;verschwand
0;-0.3588;verschwandest
0;-0.3588;verschwandst
0;-0.3588;verschwanden
0;-0.3588;verschwandet
0;-0.3588;verschwaende
0;-0.3588;verschwaendest
0;-0.3588;verschwaenden
0;-0.3588;verschwaendet
0;-0.0048;versenken
0;-0.0048;versenkt
0;-0.0048;versenktet
0;-0.0048;versenkte
0;-0.0048;vergesenkt
0;-0.0048;versenket
0;-0.0048;versenkst
0;-0.0048;versenke
0;-0.0048;versenktest
0;-0.0048;versenkten
0;-0.0048;versenkest
0;-0.3142;versklaven
0;-0.3142;versklavt
0;-0.3142;versklavtest
0;-0.3142;versklavten
0;-0.3142;versklave
0;-0.3142;versklavet
0;-0.3142;versklavtet
0;-0.3142;versklavst
0;-0.3142;versklavte
0;-0.3142;versklavest
0;-0.0048;versklavt
0;-0.0048;versklavteres
0;-0.0048;versklavterer
0;-0.0048;versklavteste
0;-0.0048;versklavtesten
0;-0.0048;versklavteren
0;-0.0048;versklavtestem
0;-0.0048;versklavterem
0;-0.0048;versklavtestes
0;-0.0048;versklavte
0;-0.0048;versklavtester
0;-0.0048;versklavtere
0;-0.0048;versklavten
0;-0.0048;versklavtem
0;-0.0048;versklavtes
0;-0.0048;versklavter
0;-0.0048;verspielen
0;-0.0048;verspiele
0;-0.0048;verspielt
0;-0.0048;verspieltet
0;-0.0048;verspielet
0;-0.0048;verspielst
0;-0.0048;verspieltest
0;-0.0048;verspielte
0;-0.0048;verspielten
0;-0.0048;verspielest
0;-0.4819;verspaetet
0;-0.4819;verspaetete
0;-0.4819;verspaetetem
0;-0.4819;verspaeteten
0;-0.4819;verspaeteter
0;-0.4819;verspaetetes
0;-0.4819;verspaetetere
0;-0.4819;verspaeteterem
0;-0.4819;verspaeteteren
0;-0.4819;verspaeteterer
0;-0.4819;verspaeteteres
0;-0.4819;verspaetetste
0;-0.4819;verspaetetstem
0;-0.4819;verspaetetsten
0;-0.4819;verspaetetster
0;-0.4819;verspaetetstes
0;-0.0048;verstimmen
0;-0.0048;verstimmtet
0;-0.0048;verstimmet
0;-0.0048;verstimm
0;-0.0048;verstimmten
0;-0.0048;verstimme
0;-0.0048;verstimmst
0;-0.0048;verstimmte
0;-0.0048;verstimmtest
0;-0.0048;verstimmest
0;-0.0048;verstopfen
0;-0.0048;verstopfe
0;-0.0048;verstopfst
0;-0.0048;verstopft
0;-0.0048;verstopfest
0;-0.0048;verstopfet
0;-0.0048;verstopfte
0;-0.0048;verstopftest
0;-0.0048;verstopften
0;-0.0048;verstopftet
0;-0.3521;verstossen
0;-0.3521;verstosse
0;-0.3521;verstoesst
0;-0.3521;verstosst
0;-0.3521;verstossest
0;-0.3521;verstosset
0;-0.3521;verstiess
0;-0.3521;verstiessest
0;-0.3521;verstiesst
0;-0.3521;verstiessen
0;-0.3521;verstiesse
0;-0.3521;verstiesset
0;-0.0048;verstricken
0;-0.0048;verstrickst
0;-0.0048;verstrickte
0;-0.0048;verstrickt
0;-0.0048;verstricktet
0;-0.0048;verstricke
0;-0.0048;verstrickest
0;-0.0048;verstricket
0;-0.0048;verstricktest
0;-0.0048;verstrickten
0;-0.3684;vertreiben
0;-0.3684;vertreibe
0;-0.3684;vertreibst
0;-0.3684;vertreibt
0;-0.3684;vertreibest
0;-0.3684;vertreibet
0;-0.3684;vertrieb
0;-0.3684;vertriebest
0;-0.3684;vertriebst
0;-0.3684;vertrieben
0;-0.3684;vertriebet
0;-0.3684;vertriebt
0;-0.77;verurteilen
0;-0.77;verurteilest
0;-0.77;verurteiltet
0;-0.77;verurteile
0;-0.77;verurteilten
0;-0.77;verurteilet
0;-0.77;verurteilt
0;-0.77;verurteilte
0;-0.77;verurteiltest
0;-0.77;verurteilst
0;-0.0048;verwelken
0;-0.0048;verwelke
0;-0.0048;verwelkst
0;-0.0048;verwelkt
0;-0.0048;verwelkest
0;-0.0048;verwelket
0;-0.0048;verwelkte
0;-0.0048;verwelktest
0;-0.0048;verwelkten
0;-0.0048;verwelktet
0;-0.7418;verwerflich
0;-0.7418;verwerflicheres
0;-0.7418;verwerflichem
0;-0.7418;verwerflicherer
0;-0.7418;verwerflichstem
0;-0.7418;verwerflichsten
0;-0.7418;verwerflichstes
0;-0.7418;verwerflichster
0;-0.7418;verwerfliche
0;-0.7418;verwerflichere
0;-0.7418;verwerflichste
0;-0.7418;verwerflichen
0;-0.7418;verwerflicherem
0;-0.7418;verwerflicheren
0;-0.7418;verwerflicher
0;-0.7418;verwerfliches
0;-0.0048;verwickeln
0;-0.0048;verwickelten
0;-0.0048;verwickle
0;-0.0048;verwickeltest
0;-0.0048;verwickelen
0;-0.0048;verwickeltet
0;-0.0048;verwickel
0;-0.0048;verwickelte
0;-0.0048;verwickelst
0;-0.0048;verwickele
0;-0.0048;verwickelt
0;-0.0474;verwirren
0;-0.0474;verwirret
0;-0.0474;verwirre
0;-0.0474;verwirrtet
0;-0.0474;verwirrest
0;-0.0474;verwirrt
0;-0.0474;verwirrst
0;-0.0474;verwirrten
0;-0.0474;verwirrte
0;-0.0474;verwirrtest
0;-0.0048;verworren
0;-0.0048;verworrenstes
0;-0.0048;verworrenster
0;-0.0048;verworrenes
0;-0.0048;verworrener
0;-0.0048;verworrene
0;-0.0048;verworrenem
0;-0.0048;verworrenen
0;-0.0048;verworrenere
0;-0.0048;verworrenerem
0;-0.0048;verworrenerer
0;-0.0048;verworreneren
0;-0.0048;verworreneres
0;-0.0048;verworrenste
0;-0.0048;verworrensten
0;-0.0048;verworrenstem
0;-0.3186;verwunden
0;-0.3186;verwundetet
0;-0.3186;verwundtet
0;-0.3186;verwundest
0;-0.3186;verwundete
0;-0.3186;verwunde
0;-0.3186;verwundte
0;-0.3186;verwundetest
0;-0.3186;verwundten
0;-0.3186;verwundet
0;-0.3186;verwundeten
0;-0.3186;verwundtest
0;-0.0048;verwuesten
0;-0.0048;verwueste
0;-0.0048;verwuestest
0;-0.0048;verwuestet
0;-0.0048;verwuestete
0;-0.0048;verwuestetest
0;-0.0048;verwuesteten
0;-0.0048;verwuestetet
0;-0.0048;verzerren
0;-0.0048;verzerrte
0;-0.0048;verzerrten
0;-0.0048;verzerrst
0;-0.0048;verzerret
0;-0.0048;verzerrtest
0;-0.0048;verzerre
0;-0.0048;verzerrest
0;-0.0048;verzerrt
0;-0.0048;verzerrtet
0;-0.0048;verzichten
0;-0.0048;verzichte
0;-0.0048;verzichtest
0;-0.0048;verzichtet
0;-0.0048;verzichtete
0;-0.0048;verzichtetest
0;-0.0048;verzichteten
0;-0.0048;verzichtetet
0;-0.0048;verzweifeln
0;-0.0048;verzweifeltest
0;-0.0048;verzweifelte
0;-0.0048;verzweifeltet
0;-0.0048;verzweifelst
0;-0.0048;verzweifelen
0;-0.0048;verzweifle
0;-0.0048;verzweifelten
0;-0.0048;verzweifel
0;-0.0048;verzweifele
0;-0.0048;verzweifelt
0;-0.1947;verzweifelt
0;-0.1947;verzweifeltstes
0;-0.1947;verzweifeltster
0;-0.1947;verzweifelterer
0;-0.1947;verzweifeltstem
0;-0.1947;verzweifeltsten
0;-0.1947;verzweifelteres
0;-0.1947;verzweifelteren
0;-0.1947;verzweifelterem
0;-0.1947;verzweifelte
0;-0.1947;verzweifeltere
0;-0.1947;verzweifeltes
0;-0.1947;verzweifelter
0;-0.1947;verzweifeltste
0;-0.1947;verzweifelten
0;-0.1947;verzweifeltem
0;-0.0403;verzwickt
0;-0.0403;verzwicktestes
0;-0.0403;verzwicktester
0;-0.0403;verzwicktem
0;-0.0403;verzwicktere
0;-0.0403;verzwickten
0;-0.0403;verzwickte
0;-0.0403;verzwickteste
0;-0.0403;verzwicktes
0;-0.0403;verzwickter
0;-0.0403;verzwicktestem
0;-0.0403;verzwicktesten
0;-0.0403;verzwickteres
0;-0.0403;verzwickterer
0;-0.0403;verzwickteren
0;-0.0403;verzwickterem
0;-0.3409;verzoegern
0;-0.3409;verzoegertet
0;-0.3409;verzoegert
0;-0.3409;verzoegeren
0;-0.3409;verzoegerte
0;-0.3409;verzoegerten
0;-0.3409;verzoegerst
0;-0.3409;verzoegertest
0;-0.3409;verzoegere
0;-0.3245;veraechtlich
0;-0.3245;veraechtlichere
0;-0.3245;veraechtlichem
0;-0.3245;veraechtlichen
0;-0.3245;veraechtlichster
0;-0.3245;veraechtlichstes
0;-0.3245;veraechtlicheres
0;-0.3245;veraechtlicher
0;-0.3245;veraechtlicherer
0;-0.3245;veraechtlichstem
0;-0.3245;veraechtlichsten
0;-0.3245;veraechtliches
0;-0.3245;veraechtlichste
0;-0.3245;veraechtlicheren
0;-0.3245;veraechtlicherem
0;-0.3245;veraechtliche
0;-0.056;veraengstigen
0;-0.056;veraengstige
0;-0.056;veraengstigst
0;-0.056;veraengstigt
0;-0.056;veraengstigest
0;-0.056;veraengstiget
0;-0.056;veraengstigte
0;-0.056;veraengstigtest
0;-0.056;veraengstigten
0;-0.056;veraengstigtet
0;-0.1825;veraergern
0;-0.1825;veraergerte
0;-0.1825;veraergerst
0;-0.1825;veraergertest
0;-0.1825;veraergerten
0;-0.1825;veraergeren
0;-0.1825;veraergertet
0;-0.1825;veraergert
0;-0.1825;veraergere
0;-0.0048;volltrunken
0;-0.0048;volltrunkenster
0;-0.0048;volltrunkenere
0;-0.0048;volltrunkenstes
0;-0.0048;volltrunkenem
0;-0.0048;volltrunkenen
0;-0.0048;volltrunkener
0;-0.0048;volltrunkenste
0;-0.0048;volltrunkene
0;-0.0048;volltrunkenes
0;-0.0048;volltrunkenstem
0;-0.0048;volltrunkensten
0;-0.0048;volltrunkeneren
0;-0.0048;volltrunkenerem
0;-0.0048;volltrunkeneres
0;-0.0048;volltrunkenerer
0;-0.3414;vorhersehbar
0;-0.3414;vorhersehbarere
0;-0.3414;vorhersehbareres
0;-0.3414;vorhersehbarerer
0;-0.3414;vorhersehbarste
0;-0.3414;vorhersehbareren
0;-0.3414;vorhersehbares
0;-0.3414;vorhersehbarer
0;-0.3414;vorhersehbarerem
0;-0.3414;vorhersehbaren
0;-0.3414;vorhersehbarem
0;-0.3414;vorhersehbarstes
0;-0.3414;vorhersehbarster
0;-0.3414;vorhersehbarsten
0;-0.3414;vorhersehbare
0;-0.3414;vorhersehbarstem
0;-0.3254;vorwerfen
0;-0.3254;vorwerfe
0;-0.3254;vorwirfst
0;-0.3254;vorwirft
0;-0.3254;vorwerft
0;-0.3254;vorwerfest
0;-0.3254;vorwerfet
0;-0.3254;vorwarf
0;-0.3254;vorwarfst
0;-0.3254;vorwarfen
0;-0.3254;vorwarft
0;-0.3254;vorwuerfe
0;-0.3254;vorwuerfest
0;-0.3254;vorwuerfst
0;-0.3254;vorwuerfen
0;-0.3254;vorwuerfet
0;-0.3254;vorwuerft
0;-0.3462;vorzeitig
0;-0.3462;vorzeitigerem
0;-0.3462;vorzeitigere
0;-0.3462;vorzeitigeren
0;-0.3462;vorzeitigsten
0;-0.3462;vorzeitigen
0;-0.3462;vorzeitigerer
0;-0.3462;vorzeitigste
0;-0.3462;vorzeitigstem
0;-0.3462;vorzeitigem
0;-0.3462;vorzeitigster
0;-0.3462;vorzeitiges
0;-0.3462;vorzeitige
0;-0.3462;vorzeitiger
0;-0.3462;vorzeitigeres
0;-0.3462;vorzeitigstes
0;-0.3122;vulgaer
0;-0.3122;vulgaersten
0;-0.3122;vulgaere
0;-0.3122;vulgaerstem
0;-0.3122;vulgaerstes
0;-0.3122;vulgaereren
0;-0.3122;vulgaerster
0;-0.3122;vulgaererem
0;-0.3122;vulgaereres
0;-0.3122;vulgaererer
0;-0.3122;vulgaerste
0;-0.3122;vulgaerere
0;-0.3122;vulgaerem
0;-0.3122;vulgaeren
0;-0.3122;vulgaerer
0;-0.3122;vulgaeres
0;-0.0048;wackelig
0;-0.0048;wackeligerer
0;-0.0048;wackeligste
0;-0.0048;wackeligeres
0;-0.0048;wackeligere
0;-0.0048;wackeligen
0;-0.0048;wackeliger
0;-0.0048;wackeliges
0;-0.0048;wackeligstes
0;-0.0048;wackeligster
0;-0.0048;wackeligsten
0;-0.0048;wackeligem
0;-0.0048;wackeligstem
0;-0.0048;wackeligeren
0;-0.0048;wackeligerem
0;-0.0048;wackelige
0;-0.0048;wackeln
0;-0.0048;wackelst
0;-0.0048;wackeltest
0;-0.0048;wackele
0;-0.0048;wackelt
0;-0.0048;wackle
0;-0.0048;wackl
0;-0.0048;wackeltet
0;-0.0048;wackelten
0;-0.0048;gewackelt
0;-0.0048;wackelte
0;-0.0048;wackelen
0;-0.0048;wahnsinnig
0;-0.0048;wahnsinnigen
0;-0.0048;wahnsinnigere
0;-0.0048;wahnsinnigem
0;-0.0048;wahnsinnigerem
0;-0.0048;wahnsinnige
0;-0.0048;wahnsinnigeren
0;-0.0048;wahnsinnigster
0;-0.0048;wahnsinnigstes
0;-0.0048;wahnsinnigerer
0;-0.0048;wahnsinnigeres
0;-0.0048;wahnsinnigsten
0;-0.0048;wahnsinnigste
0;-0.0048;wahnsinnigstem
0;-0.0048;wahnsinniges
0;-0.0048;wahnsinniger
0;-0.0048;wankelmuetig
0;-0.0048;wankelmuetigem
0;-0.0048;wankelmuetigen
0;-0.0048;wankelmuetigere
0;-0.0048;wankelmuetige
0;-0.0048;wankelmuetigstes
0;-0.0048;wankelmuetigeren
0;-0.0048;wankelmuetigerem
0;-0.0048;wankelmuetigster
0;-0.0048;wankelmuetigerer
0;-0.0048;wankelmuetigeres
0;-0.0048;wankelmuetigsten
0;-0.0048;wankelmuetigstem
0;-0.0048;wankelmuetiges
0;-0.0048;wankelmuetiger
0;-0.0048;wankelmuetigste
0;-0.0048;wegfallen
0;-0.0048;wegfalle
0;-0.0048;wegfaellst
0;-0.0048;wegfaellt
0;-0.0048;wegfallt
0;-0.0048;wegfallest
0;-0.0048;wegfallet
0;-0.0048;wegfiel
0;-0.0048;wegfielst
0;-0.0048;wegfielen
0;-0.0048;wegfielt
0;-0.0048;wegfiele
0;-0.0048;wegfielest
0;-0.0048;wegfielet
0;-0.3362;weglassen
0;-0.3362;weglasse
0;-0.3362;weglaesst
0;-0.3362;weglaesst
0;-0.3362;weglasst
0;-0.3362;weglasst
0;-0.3362;weglassest
0;-0.3362;weglasset
0;-0.3362;wegliess
0;-0.3362;wegliessest
0;-0.3362;wegliesst
0;-0.3362;wegliessen
0;-0.3362;wegliesse
0;-0.3362;wegliesset
0;-0.0048;wehklagend
0;-0.0048;wehklagende
0;-0.0048;wehklagendem
0;-0.0048;wehklagenden
0;-0.0048;wehklagender
0;-0.0048;wehklagendes
0;-0.0048;wehklagendere
0;-0.0048;wehklagenderem
0;-0.0048;wehklagenderen
0;-0.0048;wehklagenderer
0;-0.0048;wehklagenderes
0;-0.0048;wehklagendste
0;-0.0048;wehklagendstem
0;-0.0048;wehklagendsten
0;-0.0048;wehklagendster
0;-0.0048;wehklagendstes
0;-0.1651;weinen
0;-0.1651;weinst
0;-0.1651;weintet
0;-0.1651;weintest
0;-0.1651;weinte
0;-0.1651;weinet
0;-0.1651;weinest
0;-0.1651;weinten
0;-0.1651;geweint
0;-0.1651;weint
0;-0.1651;weine
0;-0.0531;welken
0;-0.0531;welkt
0;-0.0531;welket
0;-0.0531;gewelkt
0;-0.0531;welke
0;-0.0531;welkest
0;-0.0531;welktest
0;-0.0531;welkst
0;-0.0531;welktet
0;-0.0531;welkte
0;-0.0531;welkten
0;-0.6264;wertlos
0;-0.6264;wertlosesten
0;-0.6264;wertlosestem
0;-0.6264;wertlose
0;-0.6264;wertlosen
0;-0.6264;wertlosem
0;-0.6264;wertloses
0;-0.6264;wertloser
0;-0.6264;wertloserem
0;-0.6264;wertloseren
0;-0.6264;wertlosester
0;-0.6264;wertlosere
0;-0.6264;wertlosestes
0;-0.6264;wertloserer
0;-0.6264;wertloseste
0;-0.6264;wertloseres
0;-0.0048;wettbewerbswidrig
0;-0.0048;wettbewerbswidrige
0;-0.0048;wettbewerbswidrigem
0;-0.0048;wettbewerbswidrigen
0;-0.0048;wettbewerbswidriger
0;-0.0048;wettbewerbswidriges
0;-0.0048;wettbewerbswidrigere
0;-0.0048;wettbewerbswidrigerem
0;-0.0048;wettbewerbswidrigeren
0;-0.0048;wettbewerbswidrigerer
0;-0.0048;wettbewerbswidrigeres
0;-0.0048;wettbewerbswidrigste
0;-0.0048;wettbewerbswidrigstem
0;-0.0048;wettbewerbswidrigsten
0;-0.0048;wettbewerbswidrigster
0;-0.0048;wettbewerbswidrigstes
0;-0.0048;wichtigtun
0;-0.0048;wichtigtue
0;-0.0048;wichtigtust
0;-0.0048;wichtigtut
0;-0.0048;wichtigtuest
0;-0.0048;wichtigtuet
0;-0.0048;wichtigtat
0;-0.0048;wichtigtatest
0;-0.0048;wichtigtatst
0;-0.0048;wichtigtaten
0;-0.0048;wichtigtatet
0;-0.0048;wichtigtaete
0;-0.0048;wichtigtaetest
0;-0.0048;wichtigtaeten
0;-0.0048;wichtigtaetet
0;-0.3452;widerlegen
0;-0.3452;widerlegte
0;-0.3452;widerlegten
0;-0.3452;widergelegt
0;-0.3452;widerlegtest
0;-0.3452;widerlegst
0;-0.3452;widerlegest
0;-0.3452;widerleget
0;-0.3452;widerlegt
0;-0.3452;widerlege
0;-0.3452;widerlegtet
0;-0.3064;widernatuerlich
0;-0.3064;widernatuerlicher
0;-0.3064;widernatuerlichere
0;-0.3064;widernatuerlichen
0;-0.3064;widernatuerlichem
0;-0.3064;widernatuerlicherem
0;-0.3064;widernatuerlichste
0;-0.3064;widernatuerliches
0;-0.3064;widernatuerlichstes
0;-0.3064;widernatuerlicherer
0;-0.3064;widernatuerlichster
0;-0.3064;widernatuerlicheres
0;-0.3064;widernatuerlicheren
0;-0.3064;widernatuerliche
0;-0.3064;widernatuerlichstem
0;-0.3064;widernatuerlichsten
0;-0.0048;widerrufen
0;-0.0048;widerrufe
0;-0.0048;widerrufst
0;-0.0048;widerruft
0;-0.0048;widerrufest
0;-0.0048;widerrufet
0;-0.0048;widerrief
0;-0.0048;widerriefst
0;-0.0048;widerriefen
0;-0.0048;widerrieft
0;-0.0048;widerriefest
0;-0.0048;widerriefe
0;-0.0048;widerriefet
0;-0.3266;widersinnig
0;-0.3266;widersinnigste
0;-0.3266;widersinnigere
0;-0.3266;widersinnigen
0;-0.3266;widersinnigem
0;-0.3266;widersinnigstem
0;-0.3266;widersinnigsten
0;-0.3266;widersinnigster
0;-0.3266;widersinniges
0;-0.3266;widersinniger
0;-0.3266;widersinnigstes
0;-0.3266;widersinnigeren
0;-0.3266;widersinnige
0;-0.3266;widersinnigerem
0;-0.3266;widersinnigerer
0;-0.3266;widersinnigeres
0;-0.1789;widerspenstig
0;-0.1789;widerspenstigster
0;-0.1789;widerspenstigstes
0;-0.1789;widerspenstige
0;-0.1789;widerspenstiger
0;-0.1789;widerspenstiges
0;-0.1789;widerspenstigen
0;-0.1789;widerspenstigem
0;-0.1789;widerspenstigeres
0;-0.1789;widerspenstigerer
0;-0.1789;widerspenstigerem
0;-0.1789;widerspenstigsten
0;-0.1789;widerspenstigstem
0;-0.1789;widerspenstigeren
0;-0.1789;widerspenstigere
0;-0.1789;widerspenstigste
0;-0.354;widersprechen
0;-0.354;widerspreche
0;-0.354;widersprichst
0;-0.354;widerspricht
0;-0.354;widersprecht
0;-0.354;widersprechest
0;-0.354;widersprechet
0;-0.354;widersprach
0;-0.354;widersprachst
0;-0.354;widersprachen
0;-0.354;widerspracht
0;-0.354;widerspraeche
0;-0.354;widerspraechest
0;-0.354;widerspraechst
0;-0.354;widerspraechen
0;-0.354;widerspraechet
0;-0.354;widerspraecht
0;-0.2043;widerspruechlich
0;-0.2043;widerspruechlicheres
0;-0.2043;widerspruechlichstes
0;-0.2043;widerspruechlichster
0;-0.2043;widerspruechlicher
0;-0.2043;widerspruechliches
0;-0.2043;widerspruechlichste
0;-0.2043;widerspruechlichsten
0;-0.2043;widerspruechlichem
0;-0.2043;widerspruechlichstem
0;-0.2043;widerspruechlichen
0;-0.2043;widerspruechlicheren
0;-0.2043;widerspruechlicherem
0;-0.2043;widerspruechliche
0;-0.2043;widerspruechlicherer
0;-0.2043;widerspruechlichere
0;-0.0048;widerwaertig
0;-0.0048;widerwaertigstes
0;-0.0048;widerwaertigster
0;-0.0048;widerwaertigerem
0;-0.0048;widerwaertigeren
0;-0.0048;widerwaertigstem
0;-0.0048;widerwaertigerer
0;-0.0048;widerwaertigsten
0;-0.0048;widerwaertigeres
0;-0.0048;widerwaertigem
0;-0.0048;widerwaertigen
0;-0.0048;widerwaertige
0;-0.0048;widerwaertigere
0;-0.0048;widerwaertigste
0;-0.0048;widerwaertiges
0;-0.0048;widerwaertiger
0;-0.0048;widrig
0;-0.0048;widrigerer
0;-0.0048;widrigeres
0;-0.0048;widrigerem
0;-0.0048;widrigste
0;-0.0048;widrigeren
0;-0.0048;widrigen
0;-0.0048;widrigstem
0;-0.0048;widrigem
0;-0.0048;widrigere
0;-0.0048;widriger
0;-0.0048;widrigsten
0;-0.0048;widrigstes
0;-0.0048;widrigster
0;-0.0048;widrige
0;-0.0048;widriges
0;-0.3481;willkuerlich
0;-0.3481;willkuerlichster
0;-0.3481;willkuerlichstes
0;-0.3481;willkuerlichstem
0;-0.3481;willkuerlichsten
0;-0.3481;willkuerliches
0;-0.3481;willkuerlicher
0;-0.3481;willkuerlichem
0;-0.3481;willkuerlichen
0;-0.3481;willkuerlicherem
0;-0.3481;willkuerlicheren
0;-0.3481;willkuerlichere
0;-0.3481;willkuerlicheres
0;-0.3481;willkuerlichste
0;-0.3481;willkuerliche
0;-0.3481;willkuerlicherer
0;-0.0048;wirkungslos
0;-0.0048;wirkungslosere
0;-0.0048;wirkungslosesten
0;-0.0048;wirkungslosestem
0;-0.0048;wirkungsloseres
0;-0.0048;wirkungsloses
0;-0.0048;wirkungsloserer
0;-0.0048;wirkungsloser
0;-0.0048;wirkungslosem
0;-0.0048;wirkungslosen
0;-0.0048;wirkungslosester
0;-0.0048;wirkungsloseste
0;-0.0048;wirkungsloseren
0;-0.0048;wirkungslosestes
0;-0.0048;wirkungslose
0;-0.0048;wirkungsloserem
0;-0.1841;wirr
0;-0.1841;wirrste
0;-0.1841;wirrstem
0;-0.1841;wirrsten
0;-0.1841;wirres
0;-0.1841;wirrerem
0;-0.1841;wirre
0;-0.1841;wirren
0;-0.1841;wirreres
0;-0.1841;wirrem
0;-0.1841;wirrere
0;-0.1841;wirrerer
0;-0.1841;wirrstes
0;-0.1841;wirrster
0;-0.1841;wirrer
0;-0.1841;wirreren
0;-0.3138;wutentbrannt
0;-0.3138;wutentbrannte
0;-0.3138;wutentbranntem
0;-0.3138;wutentbrannten
0;-0.3138;wutentbrannter
0;-0.3138;wutentbranntes
0;-0.0048;wutschaeumend
0;-0.0048;wutschaeumendem
0;-0.0048;wutschaeumenden
0;-0.0048;wutschaeumenderer
0;-0.0048;wutschaeumenderes
0;-0.0048;wutschaeumender
0;-0.0048;wutschaeumendes
0;-0.0048;wutschaeumendstes
0;-0.0048;wutschaeumendste
0;-0.0048;wutschaeumenderem
0;-0.0048;wutschaeumenderen
0;-0.0048;wutschaeumendstem
0;-0.0048;wutschaeumendsten
0;-0.0048;wutschaeumendster
0;-0.0048;wutschaeumendere
0;-0.0048;wutschaeumende
0;-0.0048;wuergen
0;-0.0048;wuerge
0;-0.0048;wuergst
0;-0.0048;wuergt
0;-0.0048;wuergest
0;-0.0048;wuerget
0;-0.0048;wuergte
0;-0.0048;wuergtest
0;-0.0048;wuergten
0;-0.0048;wuergtet
0;-0.0048;gewuergt
0;-0.0048;wueten
0;-0.0048;wuete
0;-0.0048;wuetest
0;-0.0048;wuetet
0;-0.0048;wuetete
0;-0.0048;wuetetest
0;-0.0048;wueteten
0;-0.0048;wuetetet
0;-0.0048;gewuetet
0;-0.3233;wuetend
0;-0.3233;wuetende
0;-0.3233;wuetendem
0;-0.3233;wuetenden
0;-0.3233;wuetender
0;-0.3233;wuetendes
0;-0.3233;wuetendere
0;-0.3233;wuetenderem
0;-0.3233;wuetenderen
0;-0.3233;wuetenderer
0;-0.3233;wuetenderes
0;-0.3233;wuetendste
0;-0.3233;wuetendstem
0;-0.3233;wuetendsten
0;-0.3233;wuetendster
0;-0.3233;wuetendstes
0;-0.0048;zahlungsunfaehig
0;-0.0048;zahlungsunfaehige
0;-0.0048;zahlungsunfaehigem
0;-0.0048;zahlungsunfaehigen
0;-0.0048;zahlungsunfaehiger
0;-0.0048;zahlungsunfaehiges
0;-0.0048;zappeln
0;-0.0048;zappele
0;-0.0048;zapple
0;-0.0048;zappelst
0;-0.0048;zappelt
0;-0.0048;zapplest
0;-0.0048;zapplet
0;-0.0048;zappelte
0;-0.0048;zappeltest
0;-0.0048;zappelten
0;-0.0048;gezappelt
0;-0.0048;zaudern
0;-0.0048;zauderst
0;-0.0048;zauderte
0;-0.0048;zaudert
0;-0.0048;zaudertet
0;-0.0048;zaudere
0;-0.0048;zaudertest
0;-0.0048;zauderen
0;-0.0048;zauderten
0;-0.0048;gezaudert
0;-0.315;zensieren
0;-0.315;zensiertet
0;-0.315;zensiere
0;-0.315;zensiertest
0;-0.315;zensierst
0;-0.315;zensierte
0;-0.315;zensierten
0;-0.315;zensieret
0;-0.315;zensierest
0;-0.315;zensiert
0;-0.0522;zerbrechen
0;-0.0522;zerbreche
0;-0.0522;zerbrichst
0;-0.0522;zerbricht
0;-0.0522;zerbrecht
0;-0.0522;zerbrechest
0;-0.0522;zerbrechet
0;-0.0522;zerbrach
0;-0.0522;zerbrachst
0;-0.0522;zerbrachen
0;-0.0522;zerbracht
0;-0.0522;zerbraeche
0;-0.0522;zerbraechest
0;-0.0522;zerbraechst
0;-0.0522;zerbraechen
0;-0.0522;zerbraechet
0;-0.0522;zerbraecht
0;-0.0522;zerbrochen
0;-0.0048;zerfressen
0;-0.0048;zerfresse
0;-0.0048;zerfrisst
0;-0.0048;zerfrisst
0;-0.0048;zerfresst
0;-0.0048;zerfresst
0;-0.0048;zerfressest
0;-0.0048;zerfresset
0;-0.0048;zerfrass
0;-0.0048;zerfrassest
0;-0.0048;zerfrasst
0;-0.0048;zerfrassen
0;-0.0048;zerfraesse
0;-0.0048;zerfraessest
0;-0.0048;zerfraessen
0;-0.0048;zerfraesset
0;-0.0048;zerren
0;-0.0048;zerrtet
0;-0.0048;zerrtest
0;-0.0048;zerret
0;-0.0048;zerrest
0;-0.0048;gezerrt
0;-0.0048;zerrten
0;-0.0048;zerrt
0;-0.0048;zerre
0;-0.0048;zerrst
0;-0.0048;zerrte
0;-0.4776;zerrissen
0;-0.4776;zerrissenes
0;-0.4776;zerrissener
0;-0.4776;zerrissenen
0;-0.4776;zerrissenster
0;-0.4776;zerrissenstes
0;-0.4776;zerrissenste
0;-0.4776;zerrissenerer
0;-0.4776;zerrissenstem
0;-0.4776;zerrissensten
0;-0.4776;zerrisseneres
0;-0.4776;zerrissenerem
0;-0.4776;zerrisseneren
0;-0.4776;zerrissenere
0;-0.4776;zerrissenem
0;-0.4776;zerrissene
0;-0.0048;zerschlagen
0;-0.0048;zerschlagenere
0;-0.0048;zerschlagenerem
0;-0.0048;zerschlagenste
0;-0.0048;zerschlageneren
0;-0.0048;zerschlagenem
0;-0.0048;zerschlagenstem
0;-0.0048;zerschlagenen
0;-0.0048;zerschlagenerer
0;-0.0048;zerschlagensten
0;-0.0048;zerschlageneres
0;-0.0048;zerschlagener
0;-0.0048;zerschlagenstes
0;-0.0048;zerschlagenes
0;-0.0048;zerschlagenster
0;-0.0048;zerschlagene
0;-0.0048;zerschmettern
0;-0.0048;zerschmettertest
0;-0.0048;zerschmetterten
0;-0.0048;zerschmetterst
0;-0.0048;zerschmettere
0;-0.0048;zerschmettert
0;-0.0048;zerschmetter
0;-0.0048;zerschmetteren
0;-0.0048;zerschmettertet
0;-0.0048;zerschmetterte
0;-0.0048;zerschunden
0;-0.0048;zerschundnerem
0;-0.0048;zerschundene
0;-0.0048;zerschundeneres
0;-0.0048;zerschundenerer
0;-0.0048;zerschundneren
0;-0.0048;zerschundenstes
0;-0.0048;zerschundneres
0;-0.0048;zerschundenster
0;-0.0048;zerschundeneren
0;-0.0048;zerschundnerer
0;-0.0048;zerschundnere
0;-0.0048;zerschundenerem
0;-0.0048;zerschundner
0;-0.0048;zerschundenes
0;-0.0048;zerschundener
0;-0.0048;zerschundenste
0;-0.0048;zerschundenen
0;-0.0048;zerschundenere
0;-0.0048;zerschundenem
0;-0.0048;zerschundenst
0;-0.0048;zerschundenstem
0;-0.0048;zerschundensten
0;-0.0048;zersetzen
0;-0.0048;zersetzte
0;-0.0048;zersetztet
0;-0.0048;zersetzest
0;-0.0048;zersetzten
0;-0.0048;zersetztest
0;-0.0048;zersetzet
0;-0.0048;zersetze
0;-0.0048;zersetzt
0;-0.0048;zersetzend
0;-0.0048;zersetzende
0;-0.0048;zersetzendem
0;-0.0048;zersetzenden
0;-0.0048;zersetzender
0;-0.0048;zersetzendes
0;-0.0048;zersetzendere
0;-0.0048;zersetzenderem
0;-0.0048;zersetzenderen
0;-0.0048;zersetzenderer
0;-0.0048;zersetzenderes
0;-0.0048;zersetzendste
0;-0.0048;zersetzendstem
0;-0.0048;zersetzendsten
0;-0.0048;zersetzendster
0;-0.0048;zersetzendstes
0;-0.0048;zerstreuen
0;-0.0048;zerstreue
0;-0.0048;zerstreust
0;-0.0048;zerstreut
0;-0.0048;zerstreuest
0;-0.0048;zerstreuet
0;-0.0048;zerstreute
0;-0.0048;zerstreutest
0;-0.0048;zerstreuten
0;-0.0048;zerstreutet
0;-0.5131;zerstoeren
0;-0.5131;zerstoeret
0;-0.5131;zerstoerest
0;-0.5131;zerstoerten
0;-0.5131;zerstoerte
0;-0.5131;zerstoerst
0;-0.5131;zerstoertest
0;-0.5131;zerstoere
0;-0.5131;zerstoert
0;-0.5131;zerstoertet
0;-0.4715;zerstoererisch
0;-0.4715;zerstoererischsten
0;-0.4715;zerstoererischerer
0;-0.4715;zerstoererischstem
0;-0.4715;zerstoererischeres
0;-0.4715;zerstoererischstes
0;-0.4715;zerstoererischster
0;-0.4715;zerstoererische
0;-0.4715;zerstoererischem
0;-0.4715;zerstoererischere
0;-0.4715;zerstoererischen
0;-0.4715;zerstoererisches
0;-0.4715;zerstoererischerem
0;-0.4715;zerstoererischeren
0;-0.4715;zerstoererischer
0;-0.4715;zerstoererischste
0;-0.503;zerstoert
0;-0.503;zerstoerte
0;-0.503;zerstoertem
0;-0.503;zerstoerten
0;-0.503;zerstoerter
0;-0.503;zerstoertes
0;-0.3305;ziellos
0;-0.3305;ziellose
0;-0.3305;zielloser
0;-0.3305;ziellosen
0;-0.3305;ziellosem
0;-0.3305;zielloseste
0;-0.3305;zielloserem
0;-0.3305;zielloses
0;-0.3305;zielloserer
0;-0.3305;zielloseres
0;-0.3305;zielloseren
0;-0.3305;ziellosester
0;-0.3305;ziellosestes
0;-0.3305;ziellosere
0;-0.3305;ziellosestem
0;-0.3305;ziellosesten
0;-0.0048;zittern
0;-0.0048;zitteren
0;-0.0048;zitterte
0;-0.0048;zitterst
0;-0.0048;zitterten
0;-0.0048;zittertet
0;-0.0048;zittertest
0;-0.0048;zittert
0;-0.0048;zittere
0;-0.0048;gezittert
0;-0.1853;zornig
0;-0.1853;zornigerer
0;-0.1853;zorniges
0;-0.1853;zorniger
0;-0.1853;zornigeres
0;-0.1853;zornige
0;-0.1853;zornigen
0;-0.1853;zornigem
0;-0.1853;zornigste
0;-0.1853;zornigeren
0;-0.1853;zornigerem
0;-0.1853;zornigere
0;-0.1853;zornigsten
0;-0.1853;zornigstem
0;-0.1853;zornigster
0;-0.1853;zornigstes
0;-0.1831;zurueckbleiben
0;-0.1831;zurueckbleibe
0;-0.1831;zurueckbleibst
0;-0.1831;zurueckbleibt
0;-0.1831;zurueckbleibest
0;-0.1831;zurueckbleibet
0;-0.1831;zurueckblieb
0;-0.1831;zurueckbliebst
0;-0.1831;zurueckblieben
0;-0.1831;zurueckbliebt
0;-0.1831;zurueckbliebe
0;-0.1831;zurueckbliebest
0;-0.1831;zurueckbliebet
0;-0.0619;zurueckgeben
0;-0.0619;zurueckgebe
0;-0.0619;zurueckgibst
0;-0.0619;zurueckgibt
0;-0.0619;zurueckgebt
0;-0.0619;zurueckgebest
0;-0.0619;zurueckgebet
0;-0.0619;zurueckgab
0;-0.0619;zurueckgabst
0;-0.0619;zurueckgaben
0;-0.0619;zurueckgabt
0;-0.0619;zurueckgaebe
0;-0.0619;zurueckgaebest
0;-0.0619;zurueckgaebst
0;-0.0619;zurueckgaeben
0;-0.0619;zurueckgaebet
0;-0.0619;zurueckgaebt
0;-0.3502;zurueckgegeben
0;-0.3502;zurueckgegebene
0;-0.3502;zurueckgegebenem
0;-0.3502;zurueckgegebenen
0;-0.3502;zurueckgegebener
0;-0.3502;zurueckgegebenes
0;-0.0048;zurueckgehen
0;-0.0048;zurueckgehe
0;-0.0048;zurueckgehst
0;-0.0048;zurueckgeht
0;-0.0048;zurueckgehest
0;-0.0048;zurueckgehet
0;-0.0048;zurueckging
0;-0.0048;zurueckgingst
0;-0.0048;zurueckgingen
0;-0.0048;zurueckgingt
0;-0.0048;zurueckginge
0;-0.0048;zurueckgingest
0;-0.0048;zurueckginget
0;-0.0048;zurueckgegangen
0;-0.3377;zurueckgeschickt
0;-0.3377;zurueckgeschickte
0;-0.3377;zurueckgeschicktem
0;-0.3377;zurueckgeschickten
0;-0.3377;zurueckgeschickter
0;-0.3377;zurueckgeschicktes
0;-0.0048;zurueckhalten
0;-0.0048;zurueckhalte
0;-0.0048;zurueckhaeltst
0;-0.0048;zurueckhaelt
0;-0.0048;zurueckhaltet
0;-0.0048;zurueckhaltest
0;-0.0048;zurueckhielt
0;-0.0048;zurueckhieltest
0;-0.0048;zurueckhieltst
0;-0.0048;zurueckhielten
0;-0.0048;zurueckhieltet
0;-0.0048;zurueckhielte
0;-0.0048;zurueckgehalten
0;-0.331;zurueckschicken
0;-0.331;zurueckschickt
0;-0.331;zurueckschickten
0;-0.331;zurueckschicket
0;-0.331;zurueckschicktet
0;-0.331;zurueckgeschickt
0;-0.331;zurueckschickte
0;-0.331;zurueckschickst
0;-0.331;zurueckschicke
0;-0.331;zurueckschicktest
0;-0.331;zurueckschickest
0;-0.3317;zusammenbrechen
0;-0.3317;zusammenbreche
0;-0.3317;zusammenbrichst
0;-0.3317;zusammenbricht
0;-0.3317;zusammenbrecht
0;-0.3317;zusammenbrechest
0;-0.3317;zusammenbrechet
0;-0.3317;zusammenbrach
0;-0.3317;zusammenbrachst
0;-0.3317;zusammenbrachen
0;-0.3317;zusammenbracht
0;-0.3317;zusammenbraeche
0;-0.3317;zusammenbraechest
0;-0.3317;zusammenbraechst
0;-0.3317;zusammenbraechen
0;-0.3317;zusammenbraechet
0;-0.3317;zusammenbraecht
0;-0.0048;zusammenhanglos
0;-0.0048;zusammenhanglosestes
0;-0.0048;zusammenhangloseren
0;-0.0048;zusammenhangloserem
0;-0.0048;zusammenhangloserer
0;-0.0048;zusammenhangloseres
0;-0.0048;zusammenhanglose
0;-0.0048;zusammenhanglosestem
0;-0.0048;zusammenhanglosesten
0;-0.0048;zusammenhangloseste
0;-0.0048;zusammenhanglosester
0;-0.0048;zusammenhanglosere
0;-0.0048;zusammenhangloser
0;-0.0048;zusammenhangloses
0;-0.0048;zusammenhanglosen
0;-0.0048;zusammenhanglosem
0;-0.0048;zusammenrechen
0;-0.0048;zusammenreche
0;-0.0048;zusammenrechst
0;-0.0048;zusammenrecht
0;-0.0048;zusammenrechest
0;-0.0048;zusammenrechet
0;-0.0048;zusammenrechte
0;-0.0048;zusammenrechtest
0;-0.0048;zusammenrechten
0;-0.0048;zusammenrechtet
0;-0.0048;zusammengerecht
0;-0.0395;zusammenschlagen
0;-0.0395;zusammenschlage
0;-0.0395;zusammenschlaegst
0;-0.0395;zusammenschlaegt
0;-0.0395;zusammenschlagt
0;-0.0395;zusammenschlagest
0;-0.0395;zusammenschlaget
0;-0.0395;zusammenschlug
0;-0.0395;zusammenschlugst
0;-0.0395;zusammenschlugen
0;-0.0395;zusammenschlugt
0;-0.0395;zusammenschluege
0;-0.0395;zusammenschluegest
0;-0.0395;zusammenschluegst
0;-0.0395;zusammenschluegen
0;-0.0395;zusammenschlueget
0;-0.0395;zusammenschluegt
0;-0.0048;zusammenstossen
0;-0.0048;zusammenstosse
0;-0.0048;zusammenstoesst
0;-0.0048;zusammenstosst
0;-0.0048;zusammenstossest
0;-0.0048;zusammenstosset
0;-0.0048;zusammenstiess
0;-0.0048;zusammenstiessest
0;-0.0048;zusammenstiesst
0;-0.0048;zusammenstiessen
0;-0.0048;zusammenstiesse
0;-0.0048;zusammenstiesset
0;-0.0048;zwecklos
0;-0.0048;zwecklosen
0;-0.0048;zwecklosem
0;-0.0048;zweckloser
0;-0.0048;zweckloses
0;-0.0048;zwecklosere
0;-0.0048;zwecklosester
0;-0.0048;zwecklosestes
0;-0.0048;zweckloseres
0;-0.0048;zweckloserer
0;-0.0048;zwecklosesten
0;-0.0048;zwecklosestem
0;-0.0048;zweckloseste
0;-0.0048;zweckloseren
0;-0.0048;zweckloserem
0;-0.0048;zwecklose
0;-0.3174;zweideutig
0;-0.3174;zweideutigsten
0;-0.3174;zweideutigstem
0;-0.3174;zweideutigstes
0;-0.3174;zweideutigster
0;-0.3174;zweideutigste
0;-0.3174;zweideutigere
0;-0.3174;zweideutigerem
0;-0.3174;zweideutigeren
0;-0.3174;zweideutigem
0;-0.3174;zweideutige
0;-0.3174;zweideutigen
0;-0.3174;zweideutigeres
0;-0.3174;zweideutiges
0;-0.3174;zweideutiger
0;-0.3174;zweideutigerer
0;-0.3455;zweifelhaft
0;-0.3455;zweifelhaftem
0;-0.3455;zweifelhaften
0;-0.3455;zweifelhafteres
0;-0.3455;zweifelhaftestem
0;-0.3455;zweifelhafterer
0;-0.3455;zweifelhaftesten
0;-0.3455;zweifelhafte
0;-0.3455;zweifelhafteren
0;-0.3455;zweifelhafterem
0;-0.3455;zweifelhafteste
0;-0.3455;zweifelhaftestes
0;-0.3455;zweifelhaftester
0;-0.3455;zweifelhaftere
0;-0.3455;zweifelhafter
0;-0.3455;zweifelhaftes
0;-0.1935;zweifeln
0;-0.1935;zweifelten
0;-0.1935;gezweifelt
0;-0.1935;zweifelen
0;-0.1935;zweifle
0;-0.1935;zweifeltet
0;-0.1935;zweifeltest
0;-0.1935;zweifelt
0;-0.1935;zweifelte
0;-0.1935;zweifelst
0;-0.1935;zweifele
0;-0.1935;zweifel
0;-0.1725;zweitklassig
0;-0.1725;zweitklassige
0;-0.1725;zweitklassigem
0;-0.1725;zweitklassigen
0;-0.1725;zweitklassiger
0;-0.1725;zweitklassiges
0;-0.0048;zwiespaeltig
0;-0.0048;zwiespaeltige
0;-0.0048;zwiespaeltigem
0;-0.0048;zwiespaeltigen
0;-0.0048;zwiespaeltiger
0;-0.0048;zwiespaeltiges
0;-0.0048;zwietraechtig
0;-0.0048;zwietraechtigem
0;-0.0048;zwietraechtigen
0;-0.0048;zwietraechtige
0;-0.0048;zwietraechtiger
0;-0.0048;zwietraechtigste
0;-0.0048;zwietraechtiges
0;-0.0048;zwietraechtigster
0;-0.0048;zwietraechtigeren
0;-0.0048;zwietraechtigstes
0;-0.0048;zwietraechtigerem
0;-0.0048;zwietraechtigsten
0;-0.0048;zwietraechtigere
0;-0.0048;zwietraechtigstem
0;-0.0048;zwietraechtigerer
0;-0.0048;zwietraechtigeres
0;-0.4975;zwingen
0;-0.4975;zwinge
0;-0.4975;zwingst
0;-0.4975;zwingt
0;-0.4975;zwingest
0;-0.4975;zwinget
0;-0.4975;zwang
0;-0.4975;zwangst
0;-0.4975;zwangen
0;-0.4975;zwangt
0;-0.4975;zwaenge
0;-0.4975;zwaengest
0;-0.4975;zwaengst
0;-0.4975;zwaengen
0;-0.4975;zwaenget
0;-0.4975;zwaengt
0;-0.4975;gezwungen
0;-0.0048;zoegern
0;-0.0048;gezoegert
0;-0.0048;zoegertet
0;-0.0048;zoegeren
0;-0.0048;zoegerst
0;-0.0048;zoegertest
0;-0.0048;zoegerte
0;-0.0048;zoegerten
0;-0.0048;zoegert
0;-0.0048;zoegere
0;-0.0048;zuechtigen
0;-0.0048;zuechtigt
0;-0.0048;zuechtigtest
0;-0.0048;zuechtige
0;-0.0048;gezuechtigt
0;-0.0048;zuechtigtet
0;-0.0048;zuechtigest
0;-0.0048;zuechtiget
0;-0.0048;zuechtigst
0;-0.0048;zuechtigte
0;-0.0048;zuechtigten
0;-0.3465;aerger
0;-0.3465;aergers
0;-0.3357;aergernis
0;-0.3357;aergernisses
0;-0.3357;aergernissen
0;-0.3357;aergernisse
0;-0.4895;uebel
0;-0.4895;uebels
0;-0.4895;uebeln
0;-0.0048;ueberfuellung
0;-0.0048;ueberfuellungen
0;-0.2011;uebergewicht
0;-0.2011;uebergewichtes
0;-0.2011;uebergewichten
0;-0.2011;uebergewichte
0;-0.2011;uebergewichts
0;-0.0048;ueberhoehung
0;-0.0048;ueberhoehungen
0;-0.0048;ueberlastung
0;-0.0048;ueberlastungen
0;-0.3337;uebermass
0;-0.3337;uebermasse
0;-0.3337;uebermasses
0;-0.3337;uebermassen
0;-0.0048;ueberschreitung
0;-0.0048;ueberschreitungen
0;-0.1924;ueberschuss
0;-0.1924;ueberschuss
0;-0.1924;ueberschusse
0;-0.1924;ueberschusses
0;-0.1924;ueberschuesse
0;-0.1924;ueberschuessen
0;-0.0048;ueberschwemmung
0;-0.0048;ueberschwemmungen
0;-0.0424;uebertreibung
0;-0.0424;uebertreibungen
0;-0.3193;aengstigen
0;-0.3193;aengstige
0;-0.3193;aensgtigst
0;-0.3193;aengstigest
0;-0.3193;aengstiget
0;-0.3193;aengstigte
0;-0.3193;aengstigtest
0;-0.3193;aengstigten
0;-0.3193;aengstigtet
0;-0.4735;aengstlich
0;-0.4735;aengstlichste
0;-0.4735;aengstlichen
0;-0.4735;aengstlichem
0;-0.4735;aengstlicheren
0;-0.4735;aengstlichstem
0;-0.4735;aengstlichsten
0;-0.4735;aengstlicherem
0;-0.4735;aengstlicher
0;-0.4735;aengstlichster
0;-0.4735;aengstliche
0;-0.4735;aengstlichstes
0;-0.4735;aengstliches
0;-0.4735;aengstlichere
0;-0.4735;aengstlicheres
0;-0.4735;aengstlicherer
0;-0.3111;aergerlich
0;-0.3111;aergerlichstem
0;-0.3111;aergerlichsten
0;-0.3111;aergerlichen
0;-0.3111;aergerlichem
0;-0.3111;aergerliches
0;-0.3111;aergerlichster
0;-0.3111;aergerlicher
0;-0.3111;aergerlichstes
0;-0.3111;aergerlicherer
0;-0.3111;aergerlicheres
0;-0.3111;aergerlicheren
0;-0.3111;aergerlicherem
0;-0.3111;aergerliche
0;-0.3111;aergerlichere
0;-0.3111;aergerlichste
0;-0.0048;aergern
0;-0.0048;aergere
0;-0.0048;aergerst
0;-0.0048;aergert
0;-0.0048;aergerte
0;-0.0048;aergertest
0;-0.0048;aergerten
0;-0.0048;aergertet
0;-0.0048;geaergert
0;-0.457;oede
0;-0.457;oed
0;-0.457;oedem
0;-0.457;oeden
0;-0.457;oeder
0;-0.457;oedes
0;-0.457;oedere
0;-0.457;oederem
0;-0.457;oederen
0;-0.457;oederer
0;-0.457;oederes
0;-0.457;oedeste
0;-0.457;oedestem
0;-0.457;oedesten
0;-0.457;oedester
0;-0.457;oedestes
0;-0.0048;uebellaunig
0;-0.0048;uebellaunigerer
0;-0.0048;uebellauniges
0;-0.0048;uebellauniger
0;-0.0048;uebellaunigem
0;-0.0048;uebellaunigere
0;-0.0048;uebellaunigeres
0;-0.0048;uebellaunigen
0;-0.0048;uebellaunige
0;-0.0048;uebellaunigste
0;-0.0048;uebellaunigstes
0;-0.0048;uebellaunigster
0;-0.0048;uebellaunigeren
0;-0.0048;uebellaunigerem
0;-0.0048;uebellaunigsten
0;-0.0048;uebellaunigstem
0;-0.3457;ueberfallen
0;-0.3457;ueberfalle
0;-0.3457;ueberfaellst
0;-0.3457;ueberfaellt
0;-0.3457;ueberfallt
0;-0.3457;ueberfallest
0;-0.3457;ueberfallet
0;-0.3457;ueberfiel
0;-0.3457;ueberfielst
0;-0.3457;ueberfielen
0;-0.3457;ueberfielt
0;-0.3457;ueberfiele
0;-0.3457;ueberfielest
0;-0.3457;ueberfielet
0;-0.0048;ueberfluten
0;-0.0048;ueberflute
0;-0.0048;ueberflutest
0;-0.0048;ueberflutet
0;-0.0048;ueberflutete
0;-0.0048;ueberflutetest
0;-0.0048;ueberfluteten
0;-0.0048;ueberflutetet
0;-0.5154;ueberfluessig
0;-0.5154;ueberfluessiges
0;-0.5154;ueberfluessiger
0;-0.5154;ueberfluessigere
0;-0.5154;ueberfluessigerem
0;-0.5154;ueberfluessigstes
0;-0.5154;ueberfluessigeren
0;-0.5154;ueberfluessigen
0;-0.5154;ueberfluessigste
0;-0.5154;ueberfluessigem
0;-0.5154;ueberfluessigeres
0;-0.5154;ueberfluessigerer
0;-0.5154;ueberfluessige
0;-0.5154;ueberfluessigstem
0;-0.5154;ueberfluessigsten
0;-0.5154;ueberfluessigster
0;-0.3215;uebergewichtig
0;-0.3215;uebergewichtigstes
0;-0.3215;uebergewichtigster
0;-0.3215;uebergewichtigste
0;-0.3215;uebergewichtigstem
0;-0.3215;uebergewichtigeren
0;-0.3215;uebergewichtigeres
0;-0.3215;uebergewichtigsten
0;-0.3215;uebergewichtigerer
0;-0.3215;uebergewichtiger
0;-0.3215;uebergewichtigerem
0;-0.3215;uebergewichtigen
0;-0.3215;uebergewichtigere
0;-0.3215;uebergewichtigem
0;-0.3215;uebergewichtige
0;-0.3215;uebergewichtiges
0;-0.0048;ueberhoehen
0;-0.0048;ueberhoehtet
0;-0.0048;ueberhoehe
0;-0.0048;ueberhoeht
0;-0.0048;ueberhoehet
0;-0.0048;ueberhoehest
0;-0.0048;ueberhoehtest
0;-0.0048;ueberhoehst
0;-0.0048;ueberhoehte
0;-0.0048;ueberhoehten
0;-0.3413;ueberlasten
0;-0.3413;ueberlaste
0;-0.3413;ueberlastest
0;-0.3413;ueberlastet
0;-0.3413;ueberlastete
0;-0.3413;ueberlastetest
0;-0.3413;ueberlasteten
0;-0.3413;ueberlastetet
0;-0.1844;uebermaessig
0;-0.1844;uebermaessiger
0;-0.1844;uebermaessigste
0;-0.1844;uebermaessiges
0;-0.1844;uebermaessigstes
0;-0.1844;uebermaessigster
0;-0.1844;uebermaessigsten
0;-0.1844;uebermaessige
0;-0.1844;uebermaessigeren
0;-0.1844;uebermaessigerem
0;-0.1844;uebermaessigstem
0;-0.1844;uebermaessigerer
0;-0.1844;uebermaessigeres
0;-0.1844;uebermaessigen
0;-0.1844;uebermaessigem
0;-0.1844;uebermaessigere
0;-0.0048;ueberschreiten
0;-0.0048;ueberschreite
0;-0.0048;ueberschreitest
0;-0.0048;ueberschreitet
0;-0.0048;ueberschritt
0;-0.0048;ueberschrittest
0;-0.0048;ueberschritten
0;-0.0048;ueberschrittet
0;-0.0048;ueberschwemmen
0;-0.0048;ueberschwemmet
0;-0.0048;ueberschwemmst
0;-0.0048;ueberschwemmt
0;-0.0048;ueberschwemmte
0;-0.0048;ueberschwemmtet
0;-0.0048;ueberschwemmtest
0;-0.0048;ueberschwemme
0;-0.0048;ueberschwemmten
0;-0.0048;ueberschwemmest
0;-0.5128;uebersehen
0;-0.5128;uebersehe
0;-0.5128;uebersiehst
0;-0.5128;uebersieht
0;-0.5128;ueberseht
0;-0.5128;uebersehest
0;-0.5128;uebersehet
0;-0.5128;uebersah
0;-0.5128;uebersahst
0;-0.5128;uebersahen
0;-0.5128;uebersaht
0;-0.5128;uebersaehe
0;-0.5128;uebersaehest
0;-0.5128;uebersaehst
0;-0.5128;uebersaehen
0;-0.5128;uebersaehet
0;-0.5128;uebersaeht
0;-0.0372;uebertreiben
0;-0.0372;uebertreibe
0;-0.0372;uebertreibst
0;-0.0372;uebertreibt
0;-0.0372;uebertreibest
0;-0.0372;uebertreibet
0;-0.0372;uebertrieb
0;-0.0372;uebertriebst
0;-0.0372;uebertrieben
0;-0.0372;uebertriebt
0;-0.0372;uebertriebe
0;-0.0372;uebertriebest
0;-0.0372;uebertriebet
0;-0.329;uebertreten
0;-0.329;uebertrete
0;-0.329;uebertrittst
0;-0.329;uebertritt
0;-0.329;uebertretet
0;-0.329;uebertretest
0;-0.329;uebertrat
0;-0.329;uebertratest
0;-0.329;uebertratst
0;-0.329;uebertraten
0;-0.329;uebertratet
0;-0.329;uebertraete
0;-0.329;uebertraetest
0;-0.329;uebertraeten
0;-0.329;uebertraetet
0;-0.3203;uebertrieben
0;-0.3203;uebertriebenes
0;-0.3203;uebertriebenerer
0;-0.3203;uebertriebeneres
0;-0.3203;uebertriebener
0;-0.3203;uebertriebner
0;-0.3203;uebertriebeneren
0;-0.3203;uebertriebenste
0;-0.3203;uebertriebenen
0;-0.3203;uebertriebenem
0;-0.3203;uebertriebnerem
0;-0.3203;uebertriebneren
0;-0.3203;uebertriebnere
0;-0.3203;uebertriebenerem
0;-0.3203;uebertriebnerer
0;-0.3203;uebertriebenstem
0;-0.3203;uebertriebneres
0;-0.3203;uebertriebene
0;-0.3203;uebertriebenere
0;-0.3203;uebertriebensten
0;-0.3203;uebertriebenstes
0;-0.3203;uebertriebenster
0;-0.0048;ueberwaeltigen
0;-0.0048;ueberwaeltigest
0;-0.0048;ueberwaeltigten
0;-0.0048;ueberwaeltige
0;-0.0048;ueberwaeltigt
0;-0.0048;ueberwaeltigte
0;-0.0048;ueberwaeltigtest
0;-0.0048;ueberwaeltigst
0;-0.0048;ueberwaeltiget
0;-0.0048;ueberwaeltigtet
0;0.004;abmachung
0;0.004;abmachungen
0;0.004;abschluss
0;0.004;abschluss
0;0.004;abschlusse
0;0.004;abschlusses
0;0.004;abschluesse
0;0.004;abschluessen
0;0.004;abstimmung
0;0.004;abstimmungen
0;0.004;nan
0;0.004;aktivitaet
0;0.004;aktivitaeten
0;0.004;aktualisierung
0;0.004;aktualisierungen
0;0.004;aktualitaet
0;0.004;aktualitaeten
0;0.004;akzeptanz
0;0.004;akzeptanzen
0;0.004;andrang
0;0.004;andrangs
0;0.004;andranges
0;0.004;andrange
0;0.0855;anerkennung
0;0.0855;anerkennungen
0;0.0711;angebot
0;0.0711;angeboten
0;0.0711;angebote
0;0.0711;angebots
0;0.0711;angebotes
0;0.004;nan
0;0.004;anhebung
0;0.004;anhebungen
0;0.004;nan
0;0.004;ankurbelung
0;0.004;ankurbelungen
0;0.004;annehmlichkeit
0;0.004;annehmlichkeiten
0;0.004;annaeherung
0;0.004;annaeherungen
0;0.004;anpassung
0;0.004;anpassungen
0;0.004;anpassungsfaehigkeit
0;0.004;anpassungsfaehigkeiten
0;0.004;anreicherung
0;0.004;anreicherungen
0;0.004;anspruch
0;0.004;anspruchs
0;0.004;anspruches
0;0.004;anspruechen
0;0.004;ansprueche
0;0.004;anstand
0;0.004;anstands
0;0.004;anstaenden
0;0.004;anstaende
0;0.004;anstandes
0;0.004;anstieg
0;0.004;anstiegen
0;0.004;anstiegs
0;0.004;anstiege
0;0.004;anstieges
0;0.004;nan
0;0.004;anteil
0;0.004;anteilen
0;0.004;anteiles
0;0.004;anteils
0;0.004;anteile
0;0.004;anziehung
0;0.004;anziehungen
0;0.0871;applaus
0;0.0871;applausen
0;0.0871;applause
0;0.0871;applauses
0;0.004;nan
0;0.004;aufbereitung
0;0.004;aufbereitungen
0;0.004;aufbesserung
0;0.004;aufbesserungen
0;0.004;auferstehung
0;0.004;auferstehungen
0;0.004;aufmerksamkeit
0;0.004;aufmerksamkeiten
0;0.004;aufmunterung
0;0.004;aufmunterungen
0;0.004;nan
0;0.004;aufschwung
0;0.004;aufschwuengen
0;0.004;aufschwungs
0;0.004;aufschwunges
0;0.004;aufschwuenge
0;0.004;aufschwunge
0;0.004;aufstieg
0;0.004;aufstiegen
0;0.004;aufstiege
0;0.004;aufstiegs
0;0.004;aufstieges
0;0.004;aufstockung
0;0.004;aufstockungen
0;0.004;auftrag
0;0.004;auftraegen
0;0.004;auftraege
0;0.004;auftrages
0;0.004;auftrags
0;0.004;auftrage
0;0.004;auftrieb
0;0.004;auftrieben
0;0.004;auftriebs
0;0.004;auftriebes
0;0.004;auftriebe
0;0.004;aufwertung
0;0.004;aufwertungen
0;0.004;aufwaertstrend
0;0.004;aufwaertstrends
0;0.0844;augenweide
0;0.0844;augenweiden
0;0.004;ausbau
0;0.004;ausbaues
0;0.004;ausbaus
0;0.004;ausbildung
0;0.004;ausbildungen
0;0.0886;nan
0;0.004;ausgleich
0;0.004;ausgleichen
0;0.004;ausgleichs
0;0.004;ausgleiches
0;0.004;ausgleiche
0;0.004;ausgleichszahlung
0;0.004;ausgleichszahlungen
0;0.004;auszeichnung
0;0.004;auszeichnungen
0;0.004;nan
0;0.004;autonomie
0;0.004;autonomien
0;0.004;bedeutung
0;0.004;bedeutungen
0;0.004;befreiung
0;0.004;befreiungen
0;0.004;befriedigung
0;0.004;befriedigungen
0;0.004;befoerderung
0;0.004;befoerderungen
0;0.32;begeisterung
0;0.32;begeisterungen
0;0.004;begnadigung
0;0.004;begnadigungen
0;0.004;beguenstigung
0;0.004;beguenstigungen
0;0.3265;beifall
0;0.3265;beifalles
0;0.3265;beifalls
0;0.3265;beifalle
0;0.004;beifallsruf
0;0.004;beifallsrufen
0;0.004;beifallsrufes
0;0.004;beifallsrufe
0;0.004;beifallsrufs
0;0.004;beilegung
0;0.004;beilegungen
0;0.004;nan
0;0.004;beitritt
0;0.004;beitritten
0;0.004;beitritts
0;0.004;beitritte
0;0.004;beitrittes
0;0.004;bekraeftigung
0;0.004;bekraeftigungen
0;0.004;belastbarkeit
0;0.004;belastbarkeiten
0;0.004;nan
0;0.004;nan
0;0.0813;belohnung
0;0.0813;belohnungen
0;0.004;benefiz
0;0.004;benefizes
0;0.004;benefizen
0;0.004;benefize
0;0.004;bereicherung
0;0.004;bereicherungen
0;0.004;bereitschaft
0;0.004;bereitschaften
0;0.004;bereitstellung
0;0.004;bereitstellungen
0;0.004;beruhigung
0;0.004;beruhigungen
0;0.0852;nan
0;0.004;beschleunigung
0;0.004;beschleunigungen
0;0.004;beschwichtigung
0;0.004;beschwichtigungen
0;0.004;besitz
0;0.004;besitzes
0;0.004;besitzs
0;0.004;besserung
0;0.004;besserungen
0;0.004;bestaetigung
0;0.004;bestaetigungen
0;0.004;beteiligung
0;0.004;beteiligungen
0;0.004;bewunderer
0;0.004;bewunderers
0;0.004;bewunderern
0;0.004;bewunderung
0;0.004;bewunderungen
0;0.004;bildung
0;0.004;bildungen
0;0.004;bluete
0;0.004;blueten
0;0.004;bonitaet
0;0.004;bonitaeten
0;0.004;bonus
0;0.004;bonussen
0;0.004;bonusses
0;0.004;boni
0;0.004;bonusse
0;0.004;boom
0;0.004;booms
0;0.004;nan
0;0.004;nan
0;0.004;bund
0;0.004;buenden
0;0.004;bundes
0;0.004;bunds
0;0.004;bunde
0;0.004;buende
0;0.004;buendnis
0;0.004;buendnisse
0;0.004;buendnisses
0;0.004;buendnissen
0;0.004;champion
0;0.004;champions
0;0.004;charisma
0;0.004;charismas
0;0.004;charismata
0;0.004;charismen
0;0.004;charme
0;0.004;charmes
0;0.004;cleverness
0;0.004;cleverness
0;0.0712;comeback
0;0.0712;comebacks
0;0.004;nan
0;0.004;nan
0;0.0611;disziplin
0;0.0611;disziplinen
0;0.2149;duft
0;0.2149;duftes
0;0.2149;duefte
0;0.2149;dufts
0;0.2149;dueften
0;0.2149;dufte
0;0.004;dynamik
0;0.004;dynamiken
0;0.004;nan
0;0.004;effizienz
0;0.004;effizienzen
0;0.0732;ehre
0;0.0732;ehren
0;0.004;nan
0;0.004;nan
0;0.004;ehrwuerdigkeit
0;0.004;ehrwuerdigkeiten
0;0.004;eifer
0;0.004;eifers
0;0.004;eigenkapital
0;0.004;eigenkapitals
0;0.004;eigenkapitalien
0;0.004;eigenkapitale
0;0.004;eigenkapitalen
0;0.004;nan
0;0.004;eindeutigkeit
0;0.004;eindeutigkeiten
0;0.004;einfallsreichtum
0;0.004;einfallsreichtums
0;0.004;nan
0;0.004;einheit
0;0.004;einheiten
0;0.004;nan
0;0.004;einkauf
0;0.004;einkaeufen
0;0.004;einkaeufe
0;0.004;einkaufes
0;0.004;einkaufs
0;0.004;einkaufe
0;0.004;einnahme
0;0.004;einnahmen
0;0.004;einsparung
0;0.004;einsparungen
0;0.004;einweihung
0;0.004;einweihungen
0;0.004;nan
0;0.004;nan
0;0.004;nan
0;0.004;empfehlung
0;0.004;empfehlungen
0;0.2157;engagement
0;0.2157;engagements
0;0.004;entlastung
0;0.004;entlastungen
0;0.004;entlohnung
0;0.004;entlohnungen
0;0.0804;entschluss
0;0.0804;entschluss
0;0.0804;entschlusse
0;0.0804;entschlusses
0;0.0804;entschluesse
0;0.0804;entschluessen
0;0.004;entschluesselung
0;0.004;entschluesselungen
0;0.004;entschaedigung
0;0.004;entschaedigungen
0;0.0875;entspannung
0;0.0875;entspannungen
0;0.004;entwirrung
0;0.004;entwirrungen
0;0.004;erbe
0;0.004;erben
0;0.004;erbes
0;0.004;erfahrung
0;0.004;erfahrungen
0;0.3446;erfolg
0;0.3446;erfolgs
0;0.3446;erfolge
0;0.3446;erfolgen
0;0.3446;erfolges
0;0.0884;erfolgserlebnis
0;0.0884;erfolgserlebnisses
0;0.0884;erfolgserlebnissen
0;0.0884;erfolgserlebnisse
0;0.004;erfuellung
0;0.004;erfuellungen
0;0.004;nan
0;0.004;ergaenzung
0;0.004;ergaenzungen
0;0.004;nan
0;0.0865;erholung
0;0.0865;erholungen
0;0.004;erhoehung
0;0.004;erhoehungen
0;0.004;erlaubnis
0;0.004;erlaubnisse
0;0.004;erlaubnissen
0;0.004;erleichterung
0;0.004;erleichterungen
0;0.004;erleuchtung
0;0.004;erleuchtungen
0;0.004;erloesung
0;0.004;erloesungen
0;0.004;ermutigung
0;0.004;ermutigungen
0;0.004;erneuerung
0;0.004;erneuerungen
0;0.004;nan
0;0.004;ersparnis
0;0.004;ersparnisse
0;0.004;ersparnissen
0;0.004;ertrag
0;0.004;ertraegen
0;0.004;ertrags
0;0.004;ertraege
0;0.004;ertrages
0;0.004;ertrage
0;0.004;erweiterung
0;0.004;erweiterungen
0;0.004;erzeugnis
0;0.004;erzeugnissen
0;0.004;erzeugnisses
0;0.004;erzeugnisse
0;0.004;experte
0;0.004;experten
0;0.004;expertise
0;0.004;expertisen
0;0.004;exzellenz
0;0.004;exzellenzen
0;0.004;nan
0;0.004;nan
0;0.004;favorit
0;0.004;favoriten
0;0.0829;feier
0;0.0829;feiern
0;0.004;fertigkeit
0;0.004;fertigkeiten
0;0.2346;fest
0;0.2346;festes
0;0.2346;fests
0;0.2346;feste
0;0.2346;festen
0;0.004;festakt
0;0.004;festakts
0;0.004;festaktes
0;0.004;festakte
0;0.004;festakten
0;0.004;nan
0;0.004;festlichkeit
0;0.004;festlichkeiten
0;0.004;finanzierung
0;0.004;finanzierungen
0;0.0851;nan
0;0.2216;flair
0;0.2216;flairs
0;0.3113;fleiss
0;0.3113;fleisses
0;0.3113;fleisss
0;0.004;nan
0;0.004;fortschritt
0;0.004;fortschritte
0;0.004;fortschrittes
0;0.004;fortschritts
0;0.004;fortschritten
0;0.004;freiheit
0;0.004;freiheiten
0;0.004;freispruch
0;0.004;freispruechen
0;0.004;freisprueche
0;0.004;freispruches
0;0.004;freispruchs
0;0.004;freispruche
0;0.6502;freude
0;0.6502;freuden
0;0.0116;freund
0;0.0116;freunden
0;0.0116;freundes
0;0.0116;freunde
0;0.0116;freunds
0;0.0913;freundlichkeit
0;0.0913;freundlichkeiten
0;0.2059;freundschaft
0;0.2059;freundschaften
0;0.004;frieden
0;0.004;friedens
0;0.004;nan
0;0.004;funktionsfaehigkeit
0;0.004;funktionsfaehigkeiten
0;0.004;nan
0;0.0892;faehigkeit
0;0.0892;faehigkeiten
0;0.0829;foerderung
0;0.0829;foerderungen
0;0.004;fuehrung
0;0.004;fuehrungen
0;0.004;fuelle
0;0.004;fuellen
0;0.0747;gabe
0;0.0747;gaben
0;0.004;garantie
0;0.004;garantien
0;0.004;gastfreundlichkeit
0;0.004;gastfreundlichkeiten
0;0.004;gedenken
0;0.004;gedenkens
0;0.0789;nan
0;0.3349;gefallen
0;0.3349;gefallens
0;0.004;gehaltszulage
0;0.004;gehaltszulagen
0;0.0721;nan
0;0.004;geldgeber
0;0.004;geldgebers
0;0.004;geldgebern
0;0.004;gemeinschaft
0;0.004;gemeinschaften
0;0.004;nan
0;0.004;genehmigung
0;0.004;genehmigungen
0;0.004;genesung
0;0.004;genesungen
0;0.004;nan
0;0.0697;genie
0;0.0697;genies
0;0.0701;genuss
0;0.0701;genusse
0;0.0701;genusses
0;0.0701;genuesse
0;0.0701;genuessen
0;0.073;genuss
0;0.073;genusse
0;0.073;genusses
0;0.073;genuesse
0;0.073;genuessen
0;0.004;nan
0;0.004;nan
0;0.4792;geschenk
0;0.4792;geschenken
0;0.4792;geschenks
0;0.4792;geschenkes
0;0.4792;geschenke
0;0.004;geschick
0;0.004;geschicke
0;0.004;geschicks
0;0.004;geschickes
0;0.004;geschicken
0;0.004;nan
0;0.004;nan
0;0.004;nan
0;0.004;gewinn
0;0.004;gewinns
0;0.004;gewinnen
0;0.004;gewinne
0;0.004;gewinnes
0;0.004;gewinner
0;0.004;gewinnern
0;0.004;gewinners
0;0.004;gewaehrleistung
0;0.004;gewaehrleistungen
0;0.004;glamour
0;0.004;glamours
0;0.004;glanz
0;0.004;glanzs
0;0.004;glanzes
0;0.004;glanze
0;0.004;glaube
0;0.004;glaubens
0;0.004;glauben
0;0.004;glaubwuerdigkeit
0;0.004;glaubwuerdigkeiten
0;0.004;gleichstellung
0;0.004;gleichstellungen
0;0.2452;glueck
0;0.2452;gluecken
0;0.2452;glueckes
0;0.2452;gluecks
0;0.2452;gluecke
0;0.004;glueckseligkeit
0;0.004;glueckseligkeiten
0;0.2193;glueckwunsch
0;0.2193;glueckwuenschen
0;0.2193;glueckwuensche
0;0.2193;glueckwunschs
0;0.2193;glueckwunsches
0;0.004;gnade
0;0.004;gnaden
0;0.428;gratulation
0;0.428;gratulationen
0;0.004;grenzenlosigkeit
0;0.004;grenzenlosigkeiten
0;0.004;grosszuegigigkeit
0;0.004;grosszuegigigkeiten
0;0.004;groesse
0;0.004;groessen
0;0.004;nan
0;0.004;gunst
0;0.004;gunsten
0;0.004;goenner
0;0.004;goennern
0;0.004;goenners
0;0.004;nan
0;0.004;gueltigkeit
0;0.004;gueltigkeiten
0;0.004;nan
0;0.004;hammer
0;0.004;haemmern
0;0.004;hammers
0;0.004;haemmer
0;0.0795;harmonie
0;0.0795;harmonien
0;0.004;harmonisierung
0;0.004;harmonisierungen
0;0.004;hartnaeckigkeit
0;0.004;hartnaeckigkeiten
0;0.004;heiligtum
0;0.004;heiligtuemern
0;0.004;heiligtuemer
0;0.004;heiligtums
0;0.004;heilung
0;0.004;heilungen
0;0.004;heirat
0;0.004;heiraten
0;0.004;nan
0;0.004;helligkeit
0;0.004;helligkeiten
0;0.004;herrlichkeit
0;0.004;herrlichkeiten
0;0.004;highlight
0;0.004;highlights
0;0.004;hilfe
0;0.004;hilfen
0;0.004;hilfsbereitschaft
0;0.004;hilfsbereitschaften
0;0.004;hingabe
0;0.004;hingaben
0;0.004;hochdruckgebiet
0;0.004;hochdruckgebiete
0;0.004;hochdruckgebiets
0;0.004;hochdruckgebieten
0;0.004;hochdruckgebietes
0;0.004;hochruf
0;0.004;hochrufes
0;0.004;hochrufen
0;0.004;hochrufs
0;0.004;hochrufe
0;0.004;nan
0;0.2038;hoffnung
0;0.2038;hoffnungen
0;0.004;nan
0;0.3296;humor
0;0.3296;humoren
0;0.3296;humore
0;0.3296;humors
0;0.004;hurra
0;0.004;hurras
0;0.004;hurrageschrei
0;0.004;hurrageschreis
0;0.004;hoeflichkeit
0;0.004;hoeflichkeiten
0;0.004;hoehepunkt
0;0.004;hoehepunkten
0;0.004;hoehepunktes
0;0.004;hoehepunkts
0;0.004;hoehepunkte
0;0.004;individualitaet
0;0.004;individualitaeten
0;0.004;innovation
0;0.004;innovationen
0;0.004;inspiration
0;0.004;inspirationen
0;0.004;nan
0;0.004;intellekt
0;0.004;intellekts
0;0.004;intellekten
0;0.004;intellektes
0;0.004;intellekte
0;0.004;intelligenz
0;0.004;intelligenzen
0;0.004;interesse
0;0.004;interesses
0;0.004;interessen
0;0.004;interessenvertretung
0;0.004;interessenvertretungen
0;0.004;investition
0;0.004;investitionen
0;0.0652;jubel
0;0.0652;jubels
0;0.004;jubilaeum
0;0.004;jubilaeums
0;0.004;jubilaeen
0;0.004;kauf
0;0.004;kaufs
0;0.004;kaufes
0;0.004;kaeufen
0;0.004;kaeufe
0;0.004;klarheit
0;0.004;klarheiten
0;0.1808;komfort
0;0.1808;komforts
0;0.004;kommunikation
0;0.004;kommunikationen
0;0.004;kompatibilitaet
0;0.004;kompatibilitaeten
0;0.004;kompensation
0;0.004;kompensationen
0;0.004;kompetenz
0;0.004;kompetenzen
0;0.3323;kompliment
0;0.3323;komplimente
0;0.3323;kompliments
0;0.3323;komplimentes
0;0.3323;komplimenten
0;0.004;kompromiss
0;0.004;kompromiss
0;0.004;kompromisse
0;0.004;kompromisses
0;0.004;kompromissen
0;0.004;konjunkturaufschwung
0;0.004;konjunkturaufschwuenge
0;0.004;konjunkturaufschwungs
0;0.004;konjunkturaufschwuengen
0;0.004;konjunkturaufschwunges
0;0.004;konsens
0;0.004;konsense
0;0.004;konsensen
0;0.004;konsenses
0;0.004;konsistenz
0;0.004;konsistenzen
0;0.004;konsolidierung
0;0.004;konsolidierungen
0;0.004;nan
0;0.004;konsultation
0;0.004;konsultationen
0;0.004;nan
0;0.004;kooperation
0;0.004;kooperationen
0;0.004;koordinierung
0;0.004;koordinierungen
0;0.004;nan
0;0.004;korrektur
0;0.004;korrekturen
0;0.004;kostbarkeit
0;0.004;kostbarkeiten
0;0.004;kraft
0;0.004;kraefte
0;0.004;kraeften
0;0.0768;nan
0;0.004;nan
0;0.0859;kur
0;0.0859;kuren
0;0.004;nan
0;0.1085;laune
0;0.1085;launen
0;0.004;lebensfaehigkeit
0;0.004;lebensfaehigkeiten
0;0.004;nan
0;0.004;nan
0;0.1725;nan
0;0.004;leidenschaft
0;0.004;leidenschaften
0;0.004;leistung
0;0.004;leistungen
0;0.004;leistungsfaehigkeit
0;0.004;leistungsfaehigkeiten
0;0.004;nan
0;0.0985;liebe
0;0.0985;lieben
0;0.0873;liebling
0;0.0873;lieblings
0;0.0873;lieblinge
0;0.0873;lieblingen
0;0.004;linderung
0;0.004;linderungen
0;0.7246;lob
0;0.7246;loben
0;0.7246;lobs
0;0.7246;lobes
0;0.7246;lobe
0;0.004;lohn
0;0.004;loehne
0;0.004;loehnen
0;0.004;lohns
0;0.004;lohnes
0;0.004;loyalitaet
0;0.004;loyalitaeten
0;0.004;nan
0;0.004;loesung
0;0.004;loesungen
0;0.004;macht
0;0.004;maechten
0;0.004;maechte
0;0.004;magie
0;0.004;magien
0;0.004;majestaet
0;0.004;majestaeten
0;0.004;maximum
0;0.004;maximums
0;0.004;maxima
0;0.004;meisterschaft
0;0.004;meisterschaften
0;0.004;meisterwerk
0;0.004;meisterwerken
0;0.004;meisterwerks
0;0.004;meisterwerkes
0;0.004;meisterwerke
0;0.004;nan
0;0.004;menschlichkeit
0;0.004;menschlichkeiten
0;0.004;nan
0;0.004;mitgefuehl
0;0.004;mitgefuehles
0;0.004;mitgefuehls
0;0.004;nan
0;0.004;modernisierung
0;0.004;modernisierungen
0;0.004;modernitaet
0;0.004;modernitaeten
0;0.004;moral
0;0.004;moralen
0;0.004;motivation
0;0.004;motivationen
0;0.6093;mut
0;0.6093;muts
0;0.6093;mutes
0;0.004;moeglichkeit
0;0.004;moeglichkeiten
0;0.004;nan
0;0.004;nutzen
0;0.004;nutzens
0;0.0911;nan
0;0.004;oase
0;0.004;oasen
0;0.004;nan
0;0.0882;nan
0;0.0836;optimist
0;0.0836;optimisten
0;0.004;nan
0;0.004;originalitaet
0;0.004;originalitaeten
0;0.004;pannenhilfe
0;0.004;pannenhilfen
0;0.004;paradies
0;0.004;paradieses
0;0.004;paradiesen
0;0.004;paradiese
0;0.004;partner
0;0.004;partners
0;0.004;partnern
0;0.0779;partnerschaft
0;0.0779;partnerschaften
0;0.004;perfektion
0;0.004;perfektionen
0;0.004;nan
0;0.004;perfektionist
0;0.004;perfektionisten
0;0.004;nan
0;0.075;phantasie
0;0.075;phantasien
0;0.004;nan
0;0.004;nan
0;0.004;potenz
0;0.004;potenzen
0;0.004;nan
0;0.004;nan
0;0.004;nan
0;0.004;prestige
0;0.004;prestiges
0;0.004;privileg
0;0.004;privilege
0;0.004;privileges
0;0.004;privilegs
0;0.004;privilegien
0;0.004;nan
0;0.004;profit
0;0.004;profite
0;0.004;profites
0;0.004;profits
0;0.004;privilegien
0;0.004;progression
0;0.004;progressionen
0;0.004;nan
0;0.004;praeferenz
0;0.004;praeferenzen
0;0.004;nan
0;0.004;nan
0;0.004;qualifikation
0;0.004;qualifikationen
0;0.004;qualitaet
0;0.004;qualitaeten
0;0.004;qualitaetsverbesserung
0;0.004;qualitaetsverbesserungen
0;0.004;rat
0;0.004;rate
0;0.004;rates
0;0.004;rats
0;0.004;raete
0;0.004;raeten
0;0.004;recht
0;0.004;rechten
0;0.004;rechte
0;0.004;rechts
0;0.004;rechtes
0;0.004;rechtmaessigkeit
0;0.004;rechtmaessigkeiten
0;0.004;rechtsgueltigkeit
0;0.004;rechtsgueltigkeiten
0;0.004;rehabilitation
0;0.004;rehabilitationen
0;0.004;reichtum
0;0.004;reichtumes
0;0.004;reichtums
0;0.004;reichtuemer
0;0.004;reichtuemern
0;0.004;nan
0;0.004;reinigung
0;0.004;reinigungen
0;0.004;relevanz
0;0.004;relevanzen
0;0.004;renovierung
0;0.004;renovierungen
0;0.004;nan
0;0.004;reparatur
0;0.004;reparaturen
0;0.004;respekt
0;0.004;respekte
0;0.004;respekts
0;0.004;respektes
0;0.0707;rettung
0;0.0707;rettungen
0;0.004;nan
0;0.0688;nan
0;0.5017;nan
0;0.004;ruhm
0;0.004;ruhms
0;0.004;ruhmes
0;0.004;nan
0;0.004;rueckgrat
0;0.004;rueckgrate
0;0.004;rueckgrats
0;0.004;rueckgrates
0;0.004;rueckgraten
0;0.004;ruecksicht
0;0.004;ruecksichten
0;0.004;rueckversicherung
0;0.004;rueckversicherungen
0;0.0755;nan
0;0.1096;schatz
0;0.1096;schaetze
0;0.1096;schatzes
0;0.1096;schaetzen
0;0.1096;schatze
0;0.004;schenkung
0;0.004;schenkungen
0;0.004;schirmherr
0;0.004;schirmherren
0;0.004;schirmherrschaft
0;0.004;schirmherrschaften
0;0.004;nan
0;0.004;schmuck
0;0.004;schmucks
0;0.004;schmucken
0;0.004;schmuckes
0;0.004;schmucke
0;0.004;schnelligkeit
0;0.004;schnelligkeiten
0;0.004;schnaeppchen
0;0.004;schnaeppchens
0;0.004;nan
0;0.004;schutz
0;0.004;schutze
0;0.004;schutzes
0;0.004;schutzen
0;0.004;schutzmassnahme
0;0.004;schutzmassnahmen
0;0.238;schwung
0;0.238;schwunges
0;0.238;schwungs
0;0.238;schwuengen
0;0.238;schwuenge
0;0.238;schwunge
0;0.3286;schoenheit
0;0.3286;schoenheiten
0;0.004;selbststaendigkeit
0;0.004;selbststaendigkeiten
0;0.004;sensation
0;0.004;sensationen
0;0.004;nan
0;0.004;sicherheit
0;0.004;sicherheiten
0;0.004;siegeszug
0;0.004;siegeszuges
0;0.004;siegeszuege
0;0.004;siegeszugs
0;0.004;siegeszuegen
0;0.004;siegeszuge
0;0.004;sinn
0;0.004;sinns
0;0.004;sinne
0;0.004;sinnes
0;0.004;sinnen
0;0.004;nan
0;0.004;nan
0;0.004;nan
0;0.004;sparsamkeit
0;0.004;sparsamkeiten
0;0.2823;spass
0;0.2823;spasse
0;0.2823;spasses
0;0.2823;spaesse
0;0.2823;spaessen
0;0.004;spende
0;0.004;spenden
0;0.004;spezialitaet
0;0.004;spezialitaeten
0;0.004;sprung
0;0.004;spruengen
0;0.004;sprunges
0;0.004;spruenge
0;0.004;sprungs
0;0.004;sprunge
0;0.004;nan
0;0.004;nan
0;0.004;nan
0;0.004;steigerung
0;0.004;steigerungen
0;0.004;steigflug
0;0.004;steigfluge
0;0.004;steigfluges
0;0.004;steigflugs
0;0.004;steigfluege
0;0.004;steigfluegen
0;0.004;stifter
0;0.004;stifters
0;0.004;stiftern
0;0.004;stiftung
0;0.004;stiftungen
0;0.3398;stil
0;0.3398;stile
0;0.3398;stilen
0;0.3398;stiles
0;0.3398;stils
0;0.004;stimulation
0;0.004;stimulationen
0;0.0797;stolz
0;0.0797;stolzes
0;0.0797;stolze
0;0.004;staerke
0;0.004;staerken
0;0.004;stuetze
0;0.004;stuetzen
0;0.004;subvention
0;0.004;subventionen
0;0.004;suchtfaktor
0;0.004;suchtfaktors
0;0.004;suchtfaktoren
0;0.004;superlativ
0;0.004;superlativen
0;0.004;superlative
0;0.004;superlativs
0;0.004;symbiose
0;0.004;symbiosen
0;0.004;sympathie
0;0.004;symphatien
0;0.3352;talent
0;0.3352;talents
0;0.3352;talenten
0;0.3352;talentes
0;0.3352;talente
0;0.004;toleranz
0;0.004;toleranzen
0;0.004;tradition
0;0.004;traditionen
0;0.2019;nan
0;0.004;triumph
0;0.004;triumphen
0;0.004;triumphes
0;0.004;triumphe
0;0.004;triumphs
0;0.004;trophaee
0;0.004;trophaeen
0;0.0706;trost
0;0.0706;trosts
0;0.0706;trostes
0;0.004;umbruch
0;0.004;umbruches
0;0.004;umbrueche
0;0.004;umbruchs
0;0.004;umbruechen
0;0.004;unabhaengigkeit
0;0.004;unabhaengigkeiten
0;0.004;nan
0;0.004;nan
0;0.004;nan
0;0.004;nan
0;0.004;nan
0;0.004;nan
0;0.004;unterstuetzung
0;0.004;unterstuetzungen
0;0.004;nan
0;0.004;unverzichtbarkeit
0;0.004;unverzichtbarkeiten
0;0.004;unwiderstehlichkeit
0;0.004;unwiderstehlichkeiten
0;0.004;upgrade
0;0.004;upgrades
0;0.004;verantwortung
0;0.004;verantwortungen
0;0.004;verband
0;0.004;verbaende
0;0.004;verbaenden
0;0.004;verbands
0;0.004;verbandes
0;0.004;verbesserung
0;0.004;verbesserungen
0;0.004;verbund
0;0.004;verbunde
0;0.004;verbunds
0;0.004;verbuende
0;0.004;verbuenden
0;0.004;verbundenheit
0;0.004;verbundenheiten
0;0.004;verbuendete
0;0.004;verbuendeten
0;0.004;verdienst
0;0.004;verdienstes
0;0.004;verdienste
0;0.004;verdiensts
0;0.004;verdiensten
0;0.004;veredelung
0;0.004;veredelung
0;0.004;verehrung
0;0.004;verehrungen
0;0.004;vereinbarung
0;0.004;vereinbarungen
0;0.004;vereinfachung
0;0.004;vereinfachungen
0;0.004;vereinigung
0;0.004;vereinigungen
0;0.004;vererbung
0;0.004;vererbungen
0;0.004;verfeinerung
0;0.004;verfeinerungen
0;0.004;vergebung
0;0.004;vergebungen
0;0.004;vergroesserung
0;0.004;vergroesserungen
0;0.004;vergoetterung
0;0.004;vergoetterungen
0;0.004;verhandelung
0;0.004;verhandelungen
0;0.004;verlobung
0;0.004;verlobungen
0;0.004;verloebnis
0;0.004;verloebnisse
0;0.004;verloebsnisses
0;0.004;verloebnissen
0;0.004;vermittlung
0;0.004;vermittlungen
0;0.004;nan
0;0.004;verschoenerung
0;0.004;verschoenerungen
0;0.004;versicherung
0;0.004;versicherungen
0;0.004;versprechen
0;0.004;versprechens
0;0.004;verstand
0;0.004;verstands
0;0.004;verstandes
0;0.004;verstaendnis
0;0.004;verstaendnissen
0;0.004;verstaendnisse
0;0.004;verstaendnisses
0;0.004;verstaerkung
0;0.004;verstaerkungen
0;0.004;versoehnung
0;0.004;versoehnungen
0;0.004;verteidiger
0;0.004;verteidigern
0;0.004;verteidigers
0;0.004;verteidigung
0;0.004;verteidigungen
0;0.004;vertrag
0;0.004;vertraegen
0;0.004;vertraege
0;0.004;vertrags
0;0.004;vertrages
0;0.3512;vertrauen
0;0.3512;vertrauens
0;0.004;vertrauenswuerdigkeit
0;0.004;vertrauenswuerdigkeiten
0;0.004;vertrauter
0;0.004;vertraute
0;0.004;vertrautheit
0;0.004;vertrautheiten
0;0.004;verwendbarkeit
0;0.004;verwendbarkeiten
0;0.004;verwirklichung
0;0.004;verwirklichungen
0;0.004;vielseitigkeit
0;0.004;vielseitigkeiten
0;0.004;nan
0;0.004;visionaer
0;0.004;visionaeres
0;0.004;visionaere
0;0.004;visionaers
0;0.004;visionaeren
0;0.004;nan
0;0.004;nan
0;0.004;vorbereitung
0;0.004;vorbereitungen
0;0.004;nan
0;0.004;vorsorge
0;0.004;vorsorgen
0;0.004;vorteil
0;0.004;vorteilen
0;0.004;vorteils
0;0.004;vorteiles
0;0.004;vorteile
0;0.004;nan
0;0.004;wachstum
0;0.004;wachstums
0;0.004;wahrheit
0;0.004;wahrheiten
0;0.004;weichheit
0;0.004;weichheiten
0;0.004;weisheit
0;0.004;weisheiten
0;0.004;nan
0;0.004;wert
0;0.004;werte
0;0.004;wertes
0;0.004;werts
0;0.004;werten
0;0.004;wertschaetzung
0;0.004;wertschaetzungen
0;0.004;wertsteigerung
0;0.004;wertsteigerungen
0;0.004;nan
0;0.004;wiederbelebung
0;0.004;wiederbelebungen
0;0.004;wiedergutmachung
0;0.004;wiedergutmachungen
0;0.004;wiederherstellung
0;0.004;wiederherstellungen
0;0.004;nan
0;0.004;wiedervereinigung
0;0.004;wiedervereinigungen
0;0.004;wille
0;0.004;willen
0;0.004;willens
0;0.004;wirksamkeit
0;0.004;wirksamkeiten
0;0.004;wissen
0;0.004;wissens
0;0.004;witz
0;0.004;witzen
0;0.004;witzes
0;0.004;witze
0;0.004;wohlergehen
0;0.004;wohlergehens
0;0.004;wohlgefallen
0;0.004;wohlgefallens
0;0.004;wohlstand
0;0.004;wohlstandes
0;0.004;wohlstands
0;0.004;wohlstande
0;0.004;wohltat
0;0.004;wohltaten
0;0.004;wohltaeter
0;0.004;wohltaeters
0;0.004;wohltaetern
0;0.004;wohltaetigkeit
0;0.004;wohltaetigkeiten
0;0.004;wohlwollen
0;0.004;wohlwollens
0;0.0741;wunder
0;0.0741;wundern
0;0.0741;wunders
0;0.004;nan
0;0.004;zenit
0;0.004;zenites
0;0.004;zeniten
0;0.004;zenits
0;0.004;zenite
0;0.004;ziel
0;0.004;ziels
0;0.004;ziele
0;0.004;zieles
0;0.004;zielen
0;0.004;zuflucht
0;0.004;zufluchten
0;0.2207;nan
0;0.0882;zugabe
0;0.0882;zugaben
0;0.004;nan
0;0.004;zulage
0;0.004;zulagen
0;0.004;nan
0;0.004;zuneigung
0;0.004;zuneigungen
0;0.0893;zusammenarbeit
0;0.0893;zusammenarbeiten
0;0.004;nan
0;0.1947;zusammenhalt
0;0.1947;zusammenhaltes
0;0.1947;zusammenhalte
0;0.1947;zusammenhalts
0;0.1947;zusammenhalten
0;0.004;zuschuss
0;0.004;zuschuesse
0;0.004;zuschusses
0;0.004;zuschuessen
0;0.004;zuschusss
0;0.004;zustimmung
0;0.004;zustimmungen
0;0.004;nan
0;0.0727;nan
0;0.004;abgesichert
0;0.004;abgesicherte
0;0.004;abgesichertem
0;0.004;abgesicherten
0;0.004;abgesicherter
0;0.004;abgesichertes
0;0.004;abgesichertere
0;0.004;abgesicherterem
0;0.004;abgesicherteren
0;0.004;abgesicherterer
0;0.004;abgesicherteres
0;0.004;abgesichertste
0;0.004;abgesichertstem
0;0.004;abgesichertsten
0;0.004;abgesichertster
0;0.004;abgesichertstes
0;0.004;abmachen
0;0.004;abgemacht
0;0.004;abmachst
0;0.004;abmachet
0;0.004;abmachten
0;0.004;abmacht
0;0.004;abmache
0;0.004;abmachtest
0;0.004;abmachte
0;0.004;abmachest
0;0.004;abmachtet
0;0.004;abschliessen
0;0.004;abschliesse
0;0.004;abschliesst
0;0.004;abschliessest
0;0.004;abschliesset
0;0.004;abschloss
0;0.004;abschloss
0;0.004;abschlossest
0;0.004;abschlosst
0;0.004;abschlosst
0;0.004;abschlossen
0;0.004;abschloesse
0;0.004;abschloessest
0;0.004;abschloessen
0;0.004;abschloesset
0;0.004;abgeschlossen
0;0.2418;absolut
0;0.2418;absoluterem
0;0.2418;absolutem
0;0.2418;absolutestem
0;0.2418;absolutesten
0;0.2418;absoluten
0;0.2418;absolutere
0;0.2418;absolutestes
0;0.2418;absolutester
0;0.2418;absoluteren
0;0.2418;absolutes
0;0.2418;absoluteres
0;0.2418;absoluterer
0;0.2418;absoluter
0;0.2418;absolute
0;0.2418;absoluteste
0;0.004;abstimmen
0;0.004;abstimmtest
0;0.004;abstimmtet
0;0.004;abstimmt
0;0.004;abstimmest
0;0.004;abstimmet
0;0.004;abstimmten
0;0.004;abgestimmt
0;0.004;abstimmte
0;0.004;abstimmst
0;0.004;abstimme
0;0.5797;abwechslungsreich
0;0.5797;abwechslungsreichster
0;0.5797;abwechslungsreichere
0;0.5797;abwechslungsreicheren
0;0.5797;abwechslungsreicherem
0;0.5797;abwechslungsreichsten
0;0.5797;abwechslungsreichstem
0;0.5797;abwechslungsreichstes
0;0.5797;abwechslungsreichste
0;0.5797;abwechslungsreichen
0;0.5797;abwechslungsreichem
0;0.5797;abwechslungsreicherer
0;0.5797;abwechslungsreicher
0;0.5797;abwechslungsreicheres
0;0.5797;abwechslungsreiches
0;0.5797;abwechslungsreiche
0;0.004;addieren
0;0.004;addierst
0;0.004;addierten
0;0.004;addierest
0;0.004;addiere
0;0.004;addiertet
0;0.004;addierte
0;0.004;addiertest
0;0.004;addieret
0;0.004;addiert
0;0.1987;adrett
0;0.1987;adrettestes
0;0.1987;adrettere
0;0.1987;adretteren
0;0.1987;adrettester
0;0.1987;adrettestem
0;0.1987;adrettesten
0;0.1987;adretterem
0;0.1987;adrettem
0;0.1987;adretten
0;0.1987;adretteste
0;0.1987;adrette
0;0.1987;adretter
0;0.1987;adrettes
0;0.1987;adretteres
0;0.1987;adretterer
0;0.1959;agil
0;0.1959;agilstes
0;0.1959;agilster
0;0.1959;agileren
0;0.1959;agilerem
0;0.1959;agilsten
0;0.1959;agilstem
0;0.1959;agilere
0;0.1959;agileres
0;0.1959;agiles
0;0.1959;agiler
0;0.1959;agilen
0;0.1959;agilem
0;0.1959;agilerer
0;0.1959;agilste
0;0.1959;agile
0;0.004;akkurat
0;0.004;akkuratester
0;0.004;akkuratestes
0;0.004;akkuratem
0;0.004;akkuraten
0;0.004;akkurater
0;0.004;akkurates
0;0.004;akkurateres
0;0.004;akkuratere
0;0.004;akkurate
0;0.004;akkuraterer
0;0.004;akkuratesten
0;0.004;akkuraterem
0;0.004;akkuratestem
0;0.004;akkurateren
0;0.004;akkurateste
0;0.0911;aktiv
0;0.0911;aktivere
0;0.0911;aktiveren
0;0.0911;aktiverem
0;0.0911;aktivste
0;0.0911;aktivem
0;0.0911;aktiven
0;0.0911;aktiver
0;0.0911;aktives
0;0.0911;aktivster
0;0.0911;aktiverer
0;0.0911;aktivstes
0;0.0911;aktiveres
0;0.0911;aktive
0;0.0911;aktivstem
0;0.0911;aktivsten
0;0.004;aktualisieren
0;0.004;aktualisiertest
0;0.004;aktualisieret
0;0.004;aktualisiert
0;0.004;aktualisiere
0;0.004;aktualisierte
0;0.004;aktualisierest
0;0.004;aktualisiertet
0;0.004;aktualisierst
0;0.004;aktualisierten
0;0.004;aktuell
0;0.004;aktuellere
0;0.004;aktueller
0;0.004;aktuelle
0;0.004;aktuellen
0;0.004;aktuellem
0;0.004;aktuellerem
0;0.004;aktuelles
0;0.004;aktuellsten
0;0.004;aktuellstem
0;0.004;aktuelleren
0;0.004;aktuellste
0;0.004;aktuelleres
0;0.004;aktuellerer
0;0.004;aktuellstes
0;0.004;aktuellster
0;0.004;akzeptabel
0;0.004;akzeptabelster
0;0.004;akzeptabler
0;0.004;akzeptabelstem
0;0.004;akzeptabelsten
0;0.004;akzeptablen
0;0.004;akzeptablere
0;0.004;akzeptablem
0;0.004;akzeptabelste
0;0.004;akzeptable
0;0.004;akzeptablerem
0;0.004;akzeptableres
0;0.004;akzeptablerer
0;0.004;akzeptables
0;0.004;akzeptabelstes
0;0.004;akzeptableren
0;0.004;akzeptieren
0;0.004;akzeptiertet
0;0.004;akzeptiertest
0;0.004;akzeptierest
0;0.004;akzeptiert
0;0.004;akzeptieret
0;0.004;akzeptierten
0;0.004;akzeptierst
0;0.004;akzeptiere
0;0.004;akzeptierte
0;0.004;allerbeste
0;0.004;allerbestem
0;0.004;allerbesten
0;0.004;allerbester
0;0.004;allersbestes
0;0.004;allererste
0;0.004;allererstem
0;0.004;allerersten
0;0.004;allererster
0;0.004;allererstes
0;0.004;allgemeingueltig
0;0.004;allgemeingueltige
0;0.004;allgemeingueltigem
0;0.004;allgemeingueltigen
0;0.004;allgemeingueltiger
0;0.004;allgemeingueltiges
0;0.004;allumfassend
0;0.004;allumfassende
0;0.004;allumfassendem
0;0.004;allumfassenden
0;0.004;allumfassender
0;0.004;allumfassendes
0;0.004;anbieten
0;0.004;anbiete
0;0.004;anbietest
0;0.004;anbietet
0;0.004;anbot
0;0.004;anbotest
0;0.004;anbotst
0;0.004;anboten
0;0.004;anbotet
0;0.004;anboete
0;0.004;anboetest
0;0.004;anboeten
0;0.004;anboetet
0;0.0785;anerkannt
0;0.0785;anerkannteren
0;0.0785;anerkannterem
0;0.0785;anerkannteres
0;0.0785;anerkannterer
0;0.0785;anerkanntester
0;0.0785;anerkannter
0;0.0785;anerkanntes
0;0.0785;anerkanntestem
0;0.0785;anerkanntesten
0;0.0785;anerkannten
0;0.0785;anerkannte
0;0.0785;anerkanntem
0;0.0785;anerkanntere
0;0.0785;anerkanntestes
0;0.0785;anerkannteste
0;0.004;anerkennen
0;0.004;anerkenne
0;0.004;anerkennst
0;0.004;anerkennt
0;0.004;anerkennest
0;0.004;anerkennet
0;0.004;anerkannte
0;0.004;anerkanntest
0;0.004;anerkannten
0;0.004;anerkanntet
0;0.004;anerkennenswert
0;0.004;anerkennenswertesten
0;0.004;anerkennenswerterem
0;0.004;anerkennenswertestem
0;0.004;anerkennenswertes
0;0.004;anerkennenswertester
0;0.004;anerkennenswerter
0;0.004;anerkennenswertestes
0;0.004;anerkennenswertere
0;0.004;anerkennenswerteren
0;0.004;anerkennenswertem
0;0.004;anerkennenswerterer
0;0.004;anerkennenswerteste
0;0.004;anerkennenswerten
0;0.004;anerkennenswerteres
0;0.004;anerkennenswerte
0;0.004;angemessen
0;0.004;angemessnerer
0;0.004;angemessenere
0;0.004;angemessneres
0;0.004;angemessneren
0;0.004;angemessenes
0;0.004;angemessnerem
0;0.004;angemessener
0;0.004;angemessene
0;0.004;angemessenem
0;0.004;angemessenen
0;0.004;angemesseneren
0;0.004;angemessenerem
0;0.004;angemesseneres
0;0.004;angemessenerer
0;0.004;angemessenstem
0;0.004;angemessensten
0;0.004;angemessner
0;0.004;angemessenster
0;0.004;angemessenstes
0;0.004;angemessenste
0;0.004;angemessnere
0;0.4887;angenehm
0;0.4887;angenehmes
0;0.4887;angenehmer
0;0.4887;angenehmeres
0;0.4887;angenehmerer
0;0.4887;angenehmen
0;0.4887;angenehmstem
0;0.4887;angenehmsten
0;0.4887;angenehmere
0;0.4887;angenehmstes
0;0.4887;angenehme
0;0.4887;angenehmster
0;0.4887;angenehmste
0;0.4887;angenehmem
0;0.4887;angenehmerem
0;0.4887;angenehmeren
0;0.004;angesehen
0;0.004;angesehnerem
0;0.004;angesehensten
0;0.004;angesehneren
0;0.004;angesehene
0;0.004;angeseheneren
0;0.004;angesehenerem
0;0.004;angesehenstem
0;0.004;angeseheneres
0;0.004;angesehnerer
0;0.004;angesehenerer
0;0.004;angesehneres
0;0.004;angesehenen
0;0.004;angesehenem
0;0.004;angesehnere
0;0.004;angesehenere
0;0.004;angesehenes
0;0.004;angesehener
0;0.004;angesehner
0;0.004;angesehenste
0;0.004;angesehenstes
0;0.004;angesehenster
0;0.004;anheben
0;0.004;anhebe
0;0.004;anhebst
0;0.004;anhebt
0;0.004;anhebest
0;0.004;anhebet
0;0.004;anhob
0;0.004;anhobst
0;0.004;anhoben
0;0.004;anhobt
0;0.004;anhoebe
0;0.004;anhoebest
0;0.004;anhoebst
0;0.004;anhoeben
0;0.004;anhoebet
0;0.004;anhoebt
0;0.004;anheitern
0;0.004;angeheitert
0;0.004;ankurbeln
0;0.004;ankurbele
0;0.004;ankurble
0;0.004;ankurbelst
0;0.004;ankurbelt
0;0.004;ankurblest
0;0.004;ankurblet
0;0.004;ankurbelte
0;0.004;ankurbeltest
0;0.004;ankurbelten
0;0.004;ankurbeltet
0;0.004;angekurbelt
0;0.004;anlocken
0;0.004;anlocke
0;0.004;anlockst
0;0.004;anlockt
0;0.004;anlockest
0;0.004;anlocket
0;0.004;anlockte
0;0.004;anlocktest
0;0.004;anlockten
0;0.004;anlocktet
0;0.004;angelockt
0;0.004;annehmbar
0;0.004;annehmbareren
0;0.004;annehmbareres
0;0.004;annehmbarerer
0;0.004;annehmbarste
0;0.004;annehmbare
0;0.004;annehmbarstem
0;0.004;annehmbarere
0;0.004;annehmbares
0;0.004;annehmbarsten
0;0.004;annehmbarstes
0;0.004;annehmbaren
0;0.004;annehmbarster
0;0.004;annehmbarem
0;0.004;annehmbarer
0;0.004;annehmbarerem
0;0.004;annaehern
0;0.004;angenaehert
0;0.004;annaehertet
0;0.004;annaeherte
0;0.004;annaehert
0;0.004;annaehere
0;0.004;annaehertest
0;0.004;annaeherten
0;0.004;annaeheren
0;0.004;annaeherst
0;0.004;anpassen
0;0.004;anpasse
0;0.004;anpasst
0;0.004;anpasst
0;0.004;anpassest
0;0.004;anpasset
0;0.004;anpasste
0;0.004;anpasste
0;0.004;anpasstest
0;0.004;anpasstest
0;0.004;anpassten
0;0.004;anpassten
0;0.004;anpasstet
0;0.004;anpasstet
0;0.0799;anpassungsfaehig
0;0.0799;anpassungsfaehigstes
0;0.0799;anpassungsfaehige
0;0.0799;anpassungsfaehigster
0;0.0799;anpassungsfaehiger
0;0.0799;anpassungsfaehiges
0;0.0799;anpassungsfaehigeres
0;0.0799;anpassungsfaehigerer
0;0.0799;anpassungsfaehigere
0;0.0799;anpassungsfaehigerem
0;0.0799;anpassungsfaehigste
0;0.0799;anpassungsfaehigeren
0;0.0799;anpassungsfaehigem
0;0.0799;anpassungsfaehigstem
0;0.0799;anpassungsfaehigsten
0;0.0799;anpassungsfaehigen
0;0.004;anreichern
0;0.004;anreichertet
0;0.004;anreicheren
0;0.004;anreicherten
0;0.004;anreicherst
0;0.004;anreichere
0;0.004;angereichert
0;0.004;anreichert
0;0.004;anreichertest
0;0.004;anreicherte
0;0.0931;ansehnlich
0;0.0931;ansehnlicheres
0;0.0931;ansehnlicherer
0;0.0931;ansehnlichem
0;0.0931;ansehnlichstes
0;0.0931;ansehnlichster
0;0.0931;ansehnlichste
0;0.0931;ansehnlichstem
0;0.0931;ansehnlichsten
0;0.0931;ansehnlichen
0;0.0931;ansehnlicheren
0;0.0931;ansehnlicherem
0;0.0931;ansehnlicher
0;0.0931;ansehnliches
0;0.0931;ansehnliche
0;0.0931;ansehnlichere
0;0.3382;ansprechend
0;0.3382;ansprechende
0;0.3382;ansprechendem
0;0.3382;ansprechenden
0;0.3382;ansprechender
0;0.3382;ansprechenderen
0;0.3382;ansprechenderem
0;0.3382;ansprechendes
0;0.3382;ansprechendstem
0;0.3382;ansprechendsten
0;0.3382;ansprechenderer
0;0.3382;ansprechendste
0;0.3382;ansprechenderes
0;0.3382;ansprechendster
0;0.3382;ansprechendere
0;0.3382;ansprechendstes
0;0.2216;anspruchsvoll
0;0.2216;anspruchsvollerem
0;0.2216;anspruchsvollere
0;0.2216;anspruchsvollen
0;0.2216;anspruchsvollem
0;0.2216;anspruchsvolleres
0;0.2216;anspruchsvollerer
0;0.2216;anspruchsvoller
0;0.2216;anspruchsvollstes
0;0.2216;anspruchsvollster
0;0.2216;anspruchsvolleren
0;0.2216;anspruchsvollsten
0;0.2216;anspruchsvolle
0;0.2216;anspruchsvolles
0;0.2216;anspruchsvollstem
0;0.2216;anspruchsvollste
0;0.004;ansteigen
0;0.004;ansteige
0;0.004;ansteigst
0;0.004;ansteigt
0;0.004;ansteigest
0;0.004;ansteiget
0;0.004;anstieg
0;0.004;anstiegst
0;0.004;anstiegen
0;0.004;anstiegt
0;0.004;anstiege
0;0.004;anstiegest
0;0.004;anstieget
0;0.0977;anstaendig
0;0.0977;anstaendigere
0;0.0977;anstaendiges
0;0.0977;anstaendigeres
0;0.0977;anstaendiger
0;0.0977;anstaendigerer
0;0.0977;anstaendigem
0;0.0977;anstaendigen
0;0.0977;anstaendigeren
0;0.0977;anstaendigsten
0;0.0977;anstaendigste
0;0.0977;anstaendigerem
0;0.0977;anstaendige
0;0.0977;anstaendigstem
0;0.0977;anstaendigster
0;0.0977;anstaendigstes
0;0.004;anteilig
0;0.004;anteiligeres
0;0.004;anteiligerer
0;0.004;anteiligerem
0;0.004;anteiligeren
0;0.004;anteiliger
0;0.004;anteiligere
0;0.004;anteiliges
0;0.004;anteiligen
0;0.004;anteilige
0;0.004;anteiligster
0;0.004;anteiligste
0;0.004;anteiligstes
0;0.004;anteiligem
0;0.004;anteiligsten
0;0.004;anteiligstem
0;0.004;anvertrauen
0;0.004;anvertrautet
0;0.004;anvertraust
0;0.004;anvertraute
0;0.004;anvertraut
0;0.004;anvertraue
0;0.004;anvertrauet
0;0.004;anvertrauest
0;0.004;anvertrautest
0;0.004;anvertrauten
0;0.004;anziehen
0;0.004;anziehen
0;0.004;anziehst
0;0.004;anzieht
0;0.004;anziehest
0;0.004;anziehet
0;0.004;anzog
0;0.004;anzogst
0;0.004;anzogen
0;0.004;anzogt
0;0.004;anzoege
0;0.004;anzoegest
0;0.004;anzoegst
0;0.004;anzoegen
0;0.004;anzoeget
0;0.004;anzoegt
0;0.004;applaudieren
0;0.004;applaudieret
0;0.004;applaudierten
0;0.004;applaudierte
0;0.004;applaudierest
0;0.004;applaudiertest
0;0.004;applaudiertet
0;0.004;applaudierst
0;0.004;applaudiert
0;0.004;applaudiere
0;0.225;artig
0;0.225;artigstem
0;0.225;artigsten
0;0.225;artigster
0;0.225;artigere
0;0.225;artigerem
0;0.225;artige
0;0.225;artigeren
0;0.225;artigem
0;0.225;artigerer
0;0.225;artigstes
0;0.225;artigen
0;0.225;artigste
0;0.225;artigeres
0;0.225;artiges
0;0.225;artiger
0;0.3261;atemberaubend
0;0.3261;atemberaubenderen
0;0.3261;atemberaubenderem
0;0.3261;atemberaubendster
0;0.3261;atemberaubenderer
0;0.3261;atemberaubende
0;0.3261;atemberaubendstem
0;0.3261;atemberaubendsten
0;0.3261;atemberaubenderes
0;0.3261;atemberaubendere
0;0.3261;atemberaubendstes
0;0.3261;atemberaubendes
0;0.3261;atemberaubender
0;0.3261;atemberaubendste
0;0.3261;atemberaubenden
0;0.3261;atemberaubendem
0;0.2162;attraktiv
0;0.2162;attraktives
0;0.2162;attraktiver
0;0.2162;attraktivstes
0;0.2162;attraktiveres
0;0.2162;attraktivster
0;0.2162;attraktiverer
0;0.2162;attraktive
0;0.2162;attraktivsten
0;0.2162;attraktiveren
0;0.2162;attraktivstem
0;0.2162;attraktiverem
0;0.2162;attraktivste
0;0.2162;attraktivere
0;0.2162;attraktiven
0;0.2162;attraktivem
0;0.004;aufbereiten
0;0.004;aufbereite
0;0.004;aufbereitest
0;0.004;aufbereitet
0;0.004;aufbereitete
0;0.004;aufbereitetest
0;0.004;aufbereiteten
0;0.004;aufbereitetet
0;0.004;aufbessern
0;0.004;aufbessertest
0;0.004;aufbesserten
0;0.004;aufbesseren
0;0.004;aufbessertet
0;0.004;aufgebessert
0;0.004;aufbesserst
0;0.004;aufbesserte
0;0.004;aufbessert
0;0.004;aufbessere
0;0.0845;aufbluehen
0;0.0845;aufbluehe
0;0.0845;aufbluehst
0;0.0845;aufblueht
0;0.0845;aufbluehest
0;0.0845;aufbluehet
0;0.0845;aufbluehte
0;0.0845;aufbluehtest
0;0.0845;aufbluehten
0;0.0845;aufbluehtet
0;0.0845;aufgeblueht
0;0.004;auferstehen
0;0.004;auferstehe
0;0.004;auferstehst
0;0.004;aufersteht
0;0.004;auferstehest
0;0.004;auferstehet
0;0.004;auferstand
0;0.004;auferstandest
0;0.004;auferstandst
0;0.004;auferstanden
0;0.004;auferstandet
0;0.004;auferstaende
0;0.004;auferstuende
0;0.004;auferstaendest
0;0.004;auferstuendest
0;0.004;auferstaendet
0;0.004;auferstuendet
0;0.004;aufmerksam
0;0.004;aufmerksamstem
0;0.004;aufmerksamsten
0;0.004;aufmerksamere
0;0.004;aufmerksame
0;0.004;aufmerksamster
0;0.004;aufmerksamstes
0;0.004;aufmerksames
0;0.004;aufmerksamer
0;0.004;aufmerksameres
0;0.004;aufmerksamerer
0;0.004;aufmerksamste
0;0.004;aufmerksameren
0;0.004;aufmerksamen
0;0.004;aufmerksamerem
0;0.004;aufmerksamem
0;0.004;aufmuntern
0;0.004;aufmunterte
0;0.004;aufmuntertet
0;0.004;aufmunterst
0;0.004;aufmunteren
0;0.004;aufmuntere
0;0.004;aufmunterten
0;0.004;aufmuntertest
0;0.004;aufmuntert
0;0.004;aufgemuntert
0;0.004;aufmunternd
0;0.004;aufmunternde
0;0.004;aufmunterndem
0;0.004;aufmunternden
0;0.004;aufmunternder
0;0.004;aufmunterndes
0;0.004;aufmunterndere
0;0.004;aufmunternderem
0;0.004;aufmunternderen
0;0.004;aufmunternderer
0;0.004;aufmunternderes
0;0.004;aufmunterndste
0;0.004;aufmunterndstem
0;0.004;aufmunterndsten
0;0.004;aufmunterndster
0;0.004;aufmunterndstes
0;0.004;aufrecht
0;0.004;aufrechtester
0;0.004;aufrechterem
0;0.004;aufrechtestes
0;0.004;aufrechte
0;0.004;aufrechtestem
0;0.004;aufrechtesten
0;0.004;aufrechtere
0;0.004;aufrechtem
0;0.004;aufrechten
0;0.004;aufrechter
0;0.004;aufrechteren
0;0.004;aufrechtes
0;0.004;aufrechteres
0;0.004;aufrechterer
0;0.004;aufrechteste
0;0.004;aufrichtig
0;0.004;aufrichtigerem
0;0.004;aufrichtigste
0;0.004;aufrichtigeren
0;0.004;aufrichtige
0;0.004;aufrichtigeres
0;0.004;aufrichtigerer
0;0.004;aufrichtigster
0;0.004;aufrichtiger
0;0.004;aufrichtigstes
0;0.004;aufrichtiges
0;0.004;aufrichtigem
0;0.004;aufrichtigsten
0;0.004;aufrichtigen
0;0.004;aufrichtigstem
0;0.004;aufrichtigere
0;0.004;aufschwingen
0;0.004;aufschwinge
0;0.004;aufschwingst
0;0.004;aufschwingt
0;0.004;aufschwingest
0;0.004;aufschwinget
0;0.004;aufschwang
0;0.004;aufschwangst
0;0.004;aufschwangen
0;0.004;aufschwangt
0;0.004;aufschwaenge
0;0.004;aufschwaengest
0;0.004;aufschwaengst
0;0.004;aufschwaengen
0;0.004;aufschwaenget
0;0.004;aufschwaengt
0;0.004;aufgeschwungen
0;0.004;aufsteigen
0;0.004;aufsteige
0;0.004;aufsteigst
0;0.004;aufsteigt
0;0.004;aufsteigest
0;0.004;aufsteiget
0;0.004;aufstieg
0;0.004;aufstiegst
0;0.004;aufstiegen
0;0.004;aufstiegt
0;0.004;aufstiege
0;0.004;aufstiegest
0;0.004;aufstieget
0;0.004;aufgestiegen
0;0.004;aufstocken
0;0.004;aufgestockt
0;0.004;aufstocket
0;0.004;aufstockest
0;0.004;aufstockten
0;0.004;aufstocktet
0;0.004;aufstockst
0;0.004;aufstockte
0;0.004;aufstockt
0;0.004;aufstocke
0;0.004;aufstocktest
0;0.004;auftreiben
0;0.004;auftreibe
0;0.004;auftreibst
0;0.004;auftreibt
0;0.004;auftreibest
0;0.004;auftreibet
0;0.004;auftrieb
0;0.004;auftrieben
0;0.004;auftriebt
0;0.004;auftriebe
0;0.004;auftriebest
0;0.004;auftriebet
0;0.004;aufgetrieben
0;0.004;aufwendig
0;0.004;aufwendiger
0;0.004;aufwendiges
0;0.004;aufwendigem
0;0.004;aufwendigere
0;0.004;aufwendigstem
0;0.004;aufwendigen
0;0.004;aufwendigsten
0;0.004;aufwendigerer
0;0.004;aufwendigeres
0;0.004;aufwendigste
0;0.004;aufwendigerem
0;0.004;aufwendigeren
0;0.004;aufwendige
0;0.004;aufwendigster
0;0.004;aufwendigstes
0;0.004;aufwerten
0;0.004;aufwerte
0;0.004;aufwertest
0;0.004;aufwertet
0;0.004;aufwertete
0;0.004;aufwertetest
0;0.004;aufwerteten
0;0.004;aufwertetet
0;0.004;aufgewertet
0;0.004;nan
0;0.004;ausbauen
0;0.004;ausbaue
0;0.004;ausbaut
0;0.004;ausbautest
0;0.004;ausbauten
0;0.004;ausbauet
0;0.004;ausbaute
0;0.004;ausgebaut
0;0.004;ausbaust
0;0.004;ausbauest
0;0.004;ausbautet
0;0.004;ausbilden
0;0.004;ausbildete
0;0.004;ausgebildet
0;0.004;ausbildet
0;0.004;ausbildte
0;0.004;ausbildten
0;0.004;ausbildeten
0;0.004;ausbildtet
0;0.004;ausbildest
0;0.004;ausbildetest
0;0.004;ausbildetet
0;0.004;ausbildtest
0;0.004;ausbilde
0;0.004;ausdauern
0;0.004;ausdauere
0;0.004;ausdauerst
0;0.004;ausdauert
0;0.004;ausdauerte
0;0.004;ausdauertest
0;0.004;ausdauerten
0;0.004;ausdauertet
0;0.004;ausgedauert
0;0.004;ausfuehrlich
0;0.004;ausfuehrlichem
0;0.004;ausfuehrlicherer
0;0.004;ausfuehrlichen
0;0.004;ausfuehrliche
0;0.004;ausfuehrlicher
0;0.004;ausfuehrlicheres
0;0.004;ausfuehrlichere
0;0.004;ausfuehrliches
0;0.004;ausfuehrlichster
0;0.004;ausfuehrlicherem
0;0.004;ausfuehrlichstem
0;0.004;ausfuehrlichsten
0;0.004;ausfuehrlicheren
0;0.004;ausfuehrlichstes
0;0.004;ausfuehrlichste
0;0.0756;ausgeflippt
0;0.0756;ausflippe
0;0.0756;ausflippst
0;0.0756;ausflippt
0;0.0756;ausflippest
0;0.0756;ausflippet
0;0.0756;ausflippte
0;0.0756;ausflipptest
0;0.0756;ausflippten
0;0.0756;ausflipptet
0;0.0756;ausgeflippt
0;0.0987;ausgeglichen
0;0.0987;ausgeglicheneres
0;0.0987;ausgeglichner
0;0.0987;ausgeglichene
0;0.0987;ausgeglichenstes
0;0.0987;ausgeglichenem
0;0.0987;ausgeglichnere
0;0.0987;ausgeglichenen
0;0.0987;ausgeglichenere
0;0.0987;ausgeglichenster
0;0.0987;ausgeglichneres
0;0.0987;ausgeglichnerer
0;0.0987;ausgeglichensten
0;0.0987;ausgeglichener
0;0.0987;ausgeglichenes
0;0.0987;ausgeglichenstem
0;0.0987;ausgeglichenste
0;0.0987;ausgeglichneren
0;0.0987;ausgeglichnerem
0;0.0987;ausgeglichenerem
0;0.0987;ausgeglicheneren
0;0.0987;ausgeglichenerer
0;0.004;ausgeweitet
0;0.004;ausgeweitete
0;0.004;ausgeweitetem
0;0.004;ausgeweiteten
0;0.004;ausgeweiteter
0;0.004;ausgeweitetes
0;0.004;ausgeweitetere
0;0.004;ausgeweiteterem
0;0.004;ausgeweiteteren
0;0.004;ausgeweiteterer
0;0.004;ausgeweiteteres
0;0.004;ausgeweitetste
0;0.004;ausgeweitetstem
0;0.004;ausgeweitetsten
0;0.004;ausgeweitetster
0;0.004;ausgeweitetstes
0;0.206;ausgewogen
0;0.206;ausgewogenstes
0;0.206;ausgewogenere
0;0.206;ausgewogner
0;0.206;ausgewogenster
0;0.206;ausgewognere
0;0.206;ausgewognerem
0;0.206;ausgewogneren
0;0.206;ausgewognerer
0;0.206;ausgewogenstem
0;0.206;ausgewogneres
0;0.206;ausgewogensten
0;0.206;ausgewogene
0;0.206;ausgewogenes
0;0.206;ausgewogener
0;0.206;ausgewogenste
0;0.206;ausgewogenem
0;0.206;ausgewogenerer
0;0.206;ausgewogeneres
0;0.206;ausgewogenerem
0;0.206;ausgewogeneren
0;0.206;ausgewogenen
0;0.004;ausgewaehlt
0;0.004;ausgewaehltere
0;0.004;ausgewaehltste
0;0.004;ausgewaehltstem
0;0.004;ausgewaehlteren
0;0.004;ausgewaehlterem
0;0.004;ausgewaehlten
0;0.004;ausgewaehltem
0;0.004;ausgewaehlter
0;0.004;ausgewaehltes
0;0.004;ausgewaehltster
0;0.004;ausgewaehltstes
0;0.004;ausgewaehlte
0;0.004;ausgewaehltsten
0;0.004;ausgewaehlterer
0;0.004;ausgewaehlteres
0;0.3146;ausgezeichnet
0;0.3146;ausgezeichneteres
0;0.3146;ausgezeichnetere
0;0.3146;ausgezeichnetste
0;0.3146;ausgezeichneterer
0;0.3146;ausgezeichnetster
0;0.3146;ausgezeichnetes
0;0.3146;ausgezeichnetstes
0;0.3146;ausgezeichneter
0;0.3146;ausgezeichnetsten
0;0.3146;ausgezeichnetem
0;0.3146;ausgezeichnete
0;0.3146;ausgezeichnetstem
0;0.3146;ausgezeichneten
0;0.3146;ausgezeichneteren
0;0.3146;ausgezeichneterem
0;0.004;ausgleichen
0;0.004;ausgleiche
0;0.004;ausgleichst
0;0.004;aufgleicht
0;0.004;ausgleichest
0;0.004;ausgleichet
0;0.004;ausglich
0;0.004;ausglichst
0;0.004;ausglicht
0;0.004;ausglichen
0;0.004;ausgliche
0;0.004;ausglichest
0;0.004;ausglichet
0;0.004;ausgeglichen
0;0.004;auskommen
0;0.004;auskomme
0;0.004;auskommst
0;0.004;auskommt
0;0.004;auskommest
0;0.004;auskommet
0;0.004;auskam
0;0.004;auskamst
0;0.004;auskamen
0;0.004;auskamt
0;0.004;auskaeme
0;0.004;auskaemest
0;0.004;auskaemst
0;0.004;auskaemen
0;0.004;auskaemet
0;0.004;auskaemt
0;0.004;ausgekommen
0;0.004;auskurieren
0;0.004;auskurierte
0;0.004;auskurierst
0;0.004;auskurierten
0;0.004;auskuriere
0;0.004;auskurieret
0;0.004;auskurierest
0;0.004;auskuriert
0;0.004;auskuriertet
0;0.004;auskuriertest
0;0.004;ausreichen
0;0.004;ausreiche
0;0.004;ausreichst
0;0.004;ausreicht
0;0.004;ausreichest
0;0.004;ausreichet
0;0.004;ausreichte
0;0.004;ausreichtest
0;0.004;ausreichten
0;0.004;ausreichtet
0;0.004;ausgereicht
0;0.004;ausreichend
0;0.004;ausreichenderer
0;0.004;ausreichenderes
0;0.004;ausreichenderen
0;0.004;ausreichenderem
0;0.004;ausreichendere
0;0.004;ausreichendste
0;0.004;ausreichendem
0;0.004;ausreichende
0;0.004;ausreichenden
0;0.004;ausreichendstes
0;0.004;ausreichendster
0;0.004;ausreichender
0;0.004;ausreichendes
0;0.004;ausreichendsten
0;0.004;ausreichendstem
0;0.004;aussichtsreich
0;0.004;aussichtsreicher
0;0.004;aussichtsreicheren
0;0.004;aussichtsreichste
0;0.004;aussichtsreichstes
0;0.004;aussichtsreichster
0;0.004;aussichtsreichen
0;0.004;aussichtsreicheres
0;0.004;aussichtsreichem
0;0.004;aussichtsreicherer
0;0.004;aussichtsreiche
0;0.004;aussichtsreicherem
0;0.004;aussichtsreichsten
0;0.004;aussichtsreiches
0;0.004;aussichtsreichere
0;0.004;aussichtsreichstem
0;0.004;ausweiten
0;0.004;ausweite
0;0.004;ausweitest
0;0.004;ausweitet
0;0.004;ausweitete
0;0.004;ausweitetest
0;0.004;ausweiteten
0;0.004;ausweitetet
0;0.004;ausgeweitet
0;0.004;auszeichnen
0;0.004;auszeichnetest
0;0.004;auszeichnet
0;0.004;ausgezeichnet
0;0.004;auszeichnete
0;0.004;auszeichnest
0;0.004;auszeichneten
0;0.004;auszeichnetet
0;0.004;auszeichne
0;0.1885;authentisch
0;0.1885;authentische
0;0.1885;authentischer
0;0.1885;authentischen
0;0.1885;authentischem
0;0.1885;authentischstem
0;0.1885;authentischsten
0;0.1885;authentischster
0;0.1885;authentischstes
0;0.1885;authentischerer
0;0.1885;authentischeres
0;0.1885;authentischste
0;0.1885;authentischeren
0;0.1885;authentischerem
0;0.1885;authentischere
0;0.1885;authentisches
0;0.004;autonom
0;0.004;autonome
0;0.004;autonomerer
0;0.004;autonomer
0;0.004;autonomeren
0;0.004;autonomerem
0;0.004;autonomes
0;0.004;autonomem
0;0.004;autonomen
0;0.004;autonomeres
0;0.004;autonomere
0;0.004;autonomste
0;0.004;autonomstes
0;0.004;autonomster
0;0.004;autonomsten
0;0.004;autonomstem
0;0.3395;aussergewoehnlich
0;0.3395;aussergewoehnlichstes
0;0.3395;aussergewoehnliche
0;0.3395;aussergewoehnlichere
0;0.3395;aussergewoehnlicheres
0;0.3395;aussergewoehnlichster
0;0.3395;aussergewoehnlicherer
0;0.3395;aussergewoehnlichstem
0;0.3395;aussergewoehnlichsten
0;0.3395;aussergewoehnlichste
0;0.3395;aussergewoehnlicherem
0;0.3395;aussergewoehnlicheren
0;0.3395;aussergewoehnliches
0;0.3395;aussergewoehnlicher
0;0.3395;aussergewoehnlichen
0;0.3395;aussergewoehnlichem
0;0.1137;ausserordentlich
0;0.1137;ausserordentlichsten
0;0.1137;ausserordentlichstem
0;0.1137;ausserordentlicher
0;0.1137;ausserordentliches
0;0.1137;ausserordentliche
0;0.1137;ausserordentlicherem
0;0.1137;ausserordentlicheren
0;0.1137;ausserordentlichen
0;0.1137;ausserordentlichem
0;0.1137;ausserordentlichere
0;0.1137;ausserordentlicherer
0;0.1137;ausserordentlicheres
0;0.1137;ausserordentlichste
0;0.1137;ausserordentlichstes
0;0.1137;ausserordentlichster
0;0.004;bahnbrechend
0;0.004;bahnbrechenden
0;0.004;bahnbrechendem
0;0.004;bahnbrechendstem
0;0.004;bahnbrechendere
0;0.004;bahnbrechende
0;0.004;bahnbrechendsten
0;0.004;bahnbrechenderem
0;0.004;bahnbrechenderen
0;0.004;bahnbrechenderer
0;0.004;bahnbrechenderes
0;0.004;bahnbrechendster
0;0.004;bahnbrechendstes
0;0.004;bahnbrechender
0;0.004;bahnbrechendes
0;0.004;bahnbrechendste
0;0.0744;barmherzig
0;0.0744;barmherzige
0;0.0744;barmherzigere
0;0.0744;barmherzigstem
0;0.0744;barmherzigsten
0;0.0744;barmherziges
0;0.0744;barmherziger
0;0.0744;barmherzigste
0;0.0744;barmherzigstes
0;0.0744;barmherzigem
0;0.0744;barmherzigster
0;0.0744;barmherzigen
0;0.0744;barmherzigerem
0;0.0744;barmherzigeren
0;0.0744;barmherzigerer
0;0.0744;barmherzigeres
0;0.004;beachtenswert
0;0.004;beachtenswertesten
0;0.004;beachtenswerten
0;0.004;beachtenswertem
0;0.004;beachtenswerterem
0;0.004;beachtenswertestem
0;0.004;beachtenswerteren
0;0.004;beachtenswertes
0;0.004;beachtenswerter
0;0.004;beachtenswerteste
0;0.004;beachtenswertestes
0;0.004;beachtenswertester
0;0.004;beachtenswerte
0;0.004;beachtenswertere
0;0.004;beachtenswerterer
0;0.004;beachtenswerteres
0;0.004;beachtlich
0;0.004;beachtlichstes
0;0.004;beachtlichster
0;0.004;beachtliches
0;0.004;beachtliche
0;0.004;beachtlicher
0;0.004;beachtlichsten
0;0.004;beachtlicheren
0;0.004;beachtlicherem
0;0.004;beachtlichstem
0;0.004;beachtlichen
0;0.004;beachtlichste
0;0.004;beachtlichem
0;0.004;beachtlicherer
0;0.004;beachtlichere
0;0.004;beachtlicheres
0;0.004;beauftragen
0;0.004;beauftragten
0;0.004;beauftragest
0;0.004;beauftragt
0;0.004;beauftrage
0;0.004;beauftragtest
0;0.004;beauftragte
0;0.004;beauftragst
0;0.004;beauftragtet
0;0.004;beauftraget
0;0.004;bedarfsgerecht
0;0.004;bedarfsgerechten
0;0.004;bedarfsgerechtestes
0;0.004;bedarfsgerechtester
0;0.004;bedarfsgerechter
0;0.004;bedarfsgerechtes
0;0.004;bedarfsgerechtesten
0;0.004;bedarfsgerechteste
0;0.004;bedarfsgerechtem
0;0.004;bedarfsgerechterem
0;0.004;bedarfsgerechteren
0;0.004;bedarfsgerechtere
0;0.004;bedarfsgerechte
0;0.004;bedarfsgerechtestem
0;0.004;bedarfsgerechterer
0;0.004;bedarfsgerechteres
0;0.004;bedarfsorientiert
0;0.004;bedarfsorientiertsten
0;0.004;bedarfsorientierte
0;0.004;bedarfsorientierterem
0;0.004;bedarfsorientiertes
0;0.004;bedarfsorientiertstem
0;0.004;bedarfsorientierterer
0;0.004;bedarfsorientierteres
0;0.004;bedarfsorientierteren
0;0.004;bedarfsorientiertere
0;0.004;bedarfsorientierter
0;0.004;bedarfsorientiertster
0;0.004;bedarfsorientiertste
0;0.004;bedarfsorientiertstes
0;0.004;bedarfsorientiertem
0;0.004;bedarfsorientierten
0;0.004;bedarft
0;0.004;bedarfteren
0;0.004;bedarfterem
0;0.004;bedarften
0;0.004;bedarftem
0;0.004;bedarftere
0;0.004;bedarftstem
0;0.004;bedarftsten
0;0.004;bedarfter
0;0.004;bedarfteres
0;0.004;bedarfterer
0;0.004;bedarftster
0;0.004;bedarftstes
0;0.004;bedarftes
0;0.004;bedarftste
0;0.004;bedarfte
0;0.004;bedenken
0;0.004;bedenke
0;0.004;bedenkst
0;0.004;bedenkt
0;0.004;bedenkest
0;0.004;bedenket
0;0.004;bedachte
0;0.004;bedachtest
0;0.004;bedachten
0;0.004;bedachtet
0;0.004;bedaechte
0;0.004;bedaechtest
0;0.004;bedaechten
0;0.004;bedaechtet
0;0.004;bedeuten
0;0.004;bedeute
0;0.004;bedeutest
0;0.004;bedeutet
0;0.004;bedeutete
0;0.004;bedeutetest
0;0.004;bedeuteten
0;0.004;bedeutetet
0;0.004;bedeutend
0;0.004;bedeutendere
0;0.004;bedeutenderer
0;0.004;bedeutenderes
0;0.004;bedeutendste
0;0.004;bedeutendem
0;0.004;bedeutende
0;0.004;bedeutenden
0;0.004;bedeutendes
0;0.004;bedeutender
0;0.004;bedeutenderem
0;0.004;bedeutendsten
0;0.004;bedeutendstem
0;0.004;bedeutenderen
0;0.004;bedeutendstes
0;0.004;bedeutendster
0;0.004;bedeutsam
0;0.004;bedeutsamsten
0;0.004;bedeutsamen
0;0.004;bedeutsamem
0;0.004;bedeutsamstem
0;0.004;bedeutsamster
0;0.004;bedeutsamer
0;0.004;bedeutsamerer
0;0.004;bedeutsamstes
0;0.004;bedeutsameres
0;0.004;bedeutsame
0;0.004;bedeutsames
0;0.004;bedeutsameren
0;0.004;bedeutsamerem
0;0.004;bedeutsamere
0;0.004;bedeutsamste
0;0.2126;beeindrucken
0;0.2126;beeindruckten
0;0.2126;beeindruckest
0;0.2126;beeindruckt
0;0.2126;beeindrucke
0;0.2126;beeindrucktet
0;0.2126;beeindrucktest
0;0.2126;beeindruckte
0;0.2126;beeindruckst
0;0.2126;beeindrucket
0;0.3408;beeindruckend
0;0.3408;beeindruckende
0;0.3408;beeindruckendem
0;0.3408;beeindruckenden
0;0.3408;beeindruckender
0;0.3408;beeindruckendes
0;0.3408;beeindruckendere
0;0.3408;beeindruckenderem
0;0.3408;beeindruckenderen
0;0.3408;beeindruckenderer
0;0.3408;beeindruckenderes
0;0.3408;beeindruckendste
0;0.3408;beeindruckendstem
0;0.3408;beeindruckendsten
0;0.3408;beeindruckendster
0;0.3408;beeindruckendstes
0;0.004;befreien
0;0.004;befreiten
0;0.004;befreist
0;0.004;befreite
0;0.004;befreit
0;0.004;befreie
0;0.004;befreiest
0;0.004;befreitet
0;0.004;befreitest
0;0.004;befreiet
0;0.0809;befriedigen
0;0.0809;befriedigtest
0;0.0809;befriedigt
0;0.0809;befriedigest
0;0.0809;befriedige
0;0.0809;befriedigst
0;0.0809;befriedigten
0;0.0809;befriedigte
0;0.0809;befriediget
0;0.0809;befriedigtet
0;0.2152;befriedigend
0;0.2152;befriedigendes
0;0.2152;befriedigendstem
0;0.2152;befriedigendsten
0;0.2152;befriedigender
0;0.2152;befriedigendstes
0;0.2152;befriedigenden
0;0.2152;befriedigendster
0;0.2152;befriedigendem
0;0.2152;befriedigendste
0;0.2152;befriedigende
0;0.2152;befriedigendere
0;0.2152;befriedigenderem
0;0.2152;befriedigenderen
0;0.2152;befriedigenderer
0;0.2152;befriedigenderes
0;0.004;befoerdern
0;0.004;befoerdere
0;0.004;befoerderten
0;0.004;befoerderen
0;0.004;befoerdertet
0;0.004;befoerdertest
0;0.004;befoerderst
0;0.004;befoerderte
0;0.004;befoerdert
0;0.004;begehrt
0;0.004;begehrtere
0;0.004;begehrteste
0;0.004;begehrtester
0;0.004;begehrtestes
0;0.004;begehrten
0;0.004;begehrtestem
0;0.004;begehrtesten
0;0.004;begehrtem
0;0.004;begehrterer
0;0.004;begehrtes
0;0.004;begehrter
0;0.004;begehrteres
0;0.004;begehrterem
0;0.004;begehrteren
0;0.004;begehrte
0;0.4324;begeistern
0;0.4324;begeistertest
0;0.4324;begeistert
0;0.4324;begeistere
0;0.4324;begeistertet
0;0.4324;begeisteren
0;0.4324;begeisterst
0;0.4324;begeisterten
0;0.4324;begeisterte
0;0.004;beglueckend
0;0.004;beglueckende
0;0.004;beglueckendem
0;0.004;beglueckenden
0;0.004;beglueckender
0;0.004;beglueckendes
0;0.004;beglueckendere
0;0.004;beglueckenderem
0;0.004;beglueckenderen
0;0.004;beglueckenderer
0;0.004;beglueckenderes
0;0.004;beglueckendste
0;0.004;beglueckendstem
0;0.004;beglueckendsten
0;0.004;beglueckendster
0;0.004;beglueckendstes
0;0.004;begnadet
0;0.004;begnadetste
0;0.004;begnadeteres
0;0.004;begnadeterer
0;0.004;begnadeteren
0;0.004;begnadeterem
0;0.004;begnadetstem
0;0.004;begnadetem
0;0.004;begnadetsten
0;0.004;begnadeten
0;0.004;begnadete
0;0.004;begnadetes
0;0.004;begnadetere
0;0.004;begnadetstes
0;0.004;begnadetster
0;0.004;begnadeter
0;0.004;begnadigen
0;0.004;begnadigtet
0;0.004;begnadigte
0;0.004;begnadigst
0;0.004;begnadigt
0;0.004;begnadiget
0;0.004;begnadigest
0;0.004;begnadige
0;0.004;begnadigtest
0;0.004;begnadigten
0;0.004;beguenstigen
0;0.004;beguenstigest
0;0.004;beguenstiget
0;0.004;beguenstigtet
0;0.004;beguenstigten
0;0.004;beguenstige
0;0.004;beguenstigt
0;0.004;beguenstigtest
0;0.004;beguenstigte
0;0.004;beguenstigst
0;0.2007;behaglich
0;0.2007;behaglichste
0;0.2007;behaglichstes
0;0.2007;behaglichem
0;0.2007;behaglichen
0;0.2007;behaglicherer
0;0.2007;behaglicherem
0;0.2007;behaglichster
0;0.2007;behaglicheren
0;0.2007;behaglichstem
0;0.2007;behaglichsten
0;0.2007;behagliche
0;0.2007;behaglichere
0;0.2007;behaglicheres
0;0.2007;behaglicher
0;0.2007;behagliches
0;0.004;beheben
0;0.004;behebe
0;0.004;behebst
0;0.004;behebt
0;0.004;behebest
0;0.004;behebet
0;0.004;behob
0;0.004;behobst
0;0.004;behoben
0;0.004;behobt
0;0.004;behoebe
0;0.004;behoebest
0;0.004;behoebst
0;0.004;behoeben
0;0.004;behoebet
0;0.004;behoebt
0;0.004;beheizbar
0;0.004;beheizbarstes
0;0.004;beheizbarster
0;0.004;beheizbares
0;0.004;beheizbarerem
0;0.004;beheizbareren
0;0.004;beheizbarerer
0;0.004;beheizbareres
0;0.004;beheizbare
0;0.004;beheizbarstem
0;0.004;beheizbarer
0;0.004;beheizbarste
0;0.004;beheizbarsten
0;0.004;beheizbarem
0;0.004;beheizbaren
0;0.004;beheizbarere
0;0.4635;beherrscht
0;0.4635;beherrschtem
0;0.4635;beherrschteste
0;0.4635;beherrschten
0;0.4635;beherrschtes
0;0.4635;beherrschteres
0;0.4635;beherrschter
0;0.4635;beherrschterer
0;0.4635;beherrschterem
0;0.4635;beherrschteren
0;0.4635;beherrschtester
0;0.4635;beherrschtesten
0;0.4635;beherrschtestem
0;0.4635;beherrschtere
0;0.4635;beherrschte
0;0.4635;beherrschtestes
0;0.004;behutsam
0;0.004;behutsame
0;0.004;behutsamste
0;0.004;behutsamerer
0;0.004;behutsamere
0;0.004;behutsameres
0;0.004;behutsameren
0;0.004;behutsamerem
0;0.004;behutsamster
0;0.004;behutsamstes
0;0.004;behutsames
0;0.004;behutsamer
0;0.004;behutsamen
0;0.004;behutsamem
0;0.004;behutsamstem
0;0.004;behutsamsten
0;0.004;behuetet
0;0.004;behuetete
0;0.004;behuetetem
0;0.004;behueteten
0;0.004;behueteter
0;0.004;behuetetes
0;0.004;beilegen
0;0.004;beilegte
0;0.004;beilegt
0;0.004;beilegst
0;0.004;beilegtet
0;0.004;beilegtest
0;0.004;beilege
0;0.004;beigelegt
0;0.004;beilegest
0;0.004;beileget
0;0.004;beilegten
0;0.004;beispielhaft
0;0.004;beispielhafte
0;0.004;beispielhaftesten
0;0.004;beispielhaftestem
0;0.004;beispielhaften
0;0.004;beispielhaftem
0;0.004;beispielhaftester
0;0.004;beispielhaftestes
0;0.004;beispielhafter
0;0.004;beispielhaftes
0;0.004;beispielhaftere
0;0.004;beispielhafteren
0;0.004;beispielhafterem
0;0.004;beispielhafteres
0;0.004;beispielhafterer
0;0.004;beispielhafteste
0;0.004;beisteuern
0;0.004;beisteuerte
0;0.004;beisteueren
0;0.004;beisteuerst
0;0.004;beisteuertest
0;0.004;beigesteuert
0;0.004;beisteuertet
0;0.004;beisteuert
0;0.004;beisteuere
0;0.004;beisteuerten
0;0.004;beitragen
0;0.004;beitrage
0;0.004;betraegst
0;0.004;beitraegt
0;0.004;beitragt
0;0.004;beitragest
0;0.004;beitraget
0;0.004;beitrug
0;0.004;beitrugst
0;0.004;beitrugen
0;0.004;beitrugt
0;0.004;beitruege
0;0.004;beitruegest
0;0.004;beitruegst
0;0.004;beitruegen
0;0.004;beitrueget
0;0.004;beitruegt
0;0.004;beitreten
0;0.004;beitrete
0;0.004;beitrittst
0;0.004;beitritt
0;0.004;beitretet
0;0.004;beitretest
0;0.004;beitrat
0;0.004;beitratest
0;0.004;beitratst
0;0.004;beitraten
0;0.004;beitratet
0;0.004;beitraete
0;0.004;beitraetest
0;0.004;beitraeten
0;0.004;beitraetet
0;0.004;beigetreten
0;0.004;bejubelt
0;0.004;bejubelte
0;0.004;bejubeltem
0;0.004;bejubelten
0;0.004;bejubelter
0;0.004;bejubeltes
0;0.004;bejubeltere
0;0.004;bejubelterem
0;0.004;bejubelteren
0;0.004;bejubelterer
0;0.004;bejubelteres
0;0.004;bejubeltste
0;0.004;bejubeltstem
0;0.004;bejubeltsten
0;0.004;bejubeltster
0;0.004;bejubeltstes
0;0.004;bekannt
0;0.004;bekanntesten
0;0.004;bekanntere
0;0.004;bekanntestem
0;0.004;bekannte
0;0.004;bekanntester
0;0.004;bekannteste
0;0.004;bekanntestes
0;0.004;bekannter
0;0.004;bekanntes
0;0.004;bekanntem
0;0.004;bekannteren
0;0.004;bekannterem
0;0.004;bekannteres
0;0.004;bekannten
0;0.004;bekannterer
0;0.004;bekennend
0;0.004;bekennende
0;0.004;bekennendem
0;0.004;bekennenden
0;0.004;bekennender
0;0.004;bekennendes
0;0.004;bekennendere
0;0.004;bekennenderem
0;0.004;bekennenderen
0;0.004;bekennenderer
0;0.004;bekennenderes
0;0.004;bekennendste
0;0.004;bekennendstem
0;0.004;bekennendsten
0;0.004;bekennendster
0;0.004;bekennendstes
0;0.004;bekraeftigen
0;0.004;bekraeftigtest
0;0.004;bekraeftigte
0;0.004;bekraeftigst
0;0.004;bekraeftigt
0;0.004;bekraeftiget
0;0.004;bekraeftigtet
0;0.004;bekraeftigten
0;0.004;bekraeftigest
0;0.004;bekraeftige
0;0.004;belastbar
0;0.004;belastbarstes
0;0.004;belastbaren
0;0.004;belastbarster
0;0.004;belastbarem
0;0.004;belastbare
0;0.004;belastbarer
0;0.004;belastbarstem
0;0.004;belastbares
0;0.004;belastbarsten
0;0.004;belastbarerem
0;0.004;belastbareren
0;0.004;belastbarerer
0;0.004;belastbareres
0;0.004;belastbarere
0;0.004;belastbarste
0;0.004;beleben
0;0.004;belebe
0;0.004;belebten
0;0.004;belebet
0;0.004;belebt
0;0.004;belebst
0;0.004;belebte
0;0.004;belebtet
0;0.004;belebtest
0;0.004;belebest
0;0.004;belehrbar
0;0.004;belehrbarstes
0;0.004;belehrbareren
0;0.004;belehrbarerem
0;0.004;belehrbarerer
0;0.004;belehrbarster
0;0.004;belehrbare
0;0.004;belehrbarstem
0;0.004;belehrbarsten
0;0.004;belehrbareres
0;0.004;belehrbarere
0;0.004;belehrbaren
0;0.004;belehrbarem
0;0.004;belehrbarste
0;0.004;belehrbarer
0;0.004;belehrbares
0;0.2172;beliebt
0;0.2172;beliebteres
0;0.2172;beliebten
0;0.2172;beliebterer
0;0.2172;beliebtes
0;0.2172;beliebter
0;0.2172;beliebte
0;0.2172;beliebteste
0;0.2172;beliebtestem
0;0.2172;beliebtesten
0;0.2172;beliebtere
0;0.2172;beliebtestes
0;0.2172;beliebteren
0;0.2172;beliebtester
0;0.2172;beliebtem
0;0.2172;beliebterem
0;0.0893;belohnen
0;0.0893;belohntest
0;0.0893;belohnest
0;0.0893;belohnte
0;0.0893;belohnst
0;0.0893;belohntet
0;0.0893;belohnt
0;0.0893;belohnten
0;0.0893;belohnet
0;0.0893;belohne
0;0.4515;bemerkenswert
0;0.4515;bemerkenswertester
0;0.4515;bemerkenswerter
0;0.4515;bemerkenswertestes
0;0.4515;bemerkenswertesten
0;0.4515;bemerkenswertes
0;0.4515;bemerkenswertestem
0;0.4515;bemerkenswerte
0;0.4515;bemerkenswerterer
0;0.4515;bemerkenswerteres
0;0.4515;bemerkenswertere
0;0.4515;bemerkenswerterem
0;0.4515;bemerkenswerteste
0;0.4515;bemerkenswertem
0;0.4515;bemerkenswerteren
0;0.4515;bemerkenswerten
0;0.004;beneidenswert
0;0.004;beneidenswertes
0;0.004;beneidenswerter
0;0.004;beneidenswertesten
0;0.004;beneidenswertere
0;0.004;beneidenswertestem
0;0.004;beneidenswertestes
0;0.004;beneidenswertester
0;0.004;beneidenswerteres
0;0.004;beneidenswerterer
0;0.004;beneidenswerteren
0;0.004;beneidenswerterem
0;0.004;beneidenswerteste
0;0.004;beneidenswerte
0;0.004;beneidenswertem
0;0.004;beneidenswerten
0;0.2344;bequem
0;0.2344;bequemeres
0;0.2344;bequemem
0;0.2344;bequemerer
0;0.2344;bequemste
0;0.2344;bequemstem
0;0.2344;bequemsten
0;0.2344;bequemen
0;0.2344;bequemeren
0;0.2344;bequemerem
0;0.2344;bequemes
0;0.2344;bequemster
0;0.2344;bequemer
0;0.2344;bequemstes
0;0.2344;bequemere
0;0.2344;bequeme
0;0.0809;berauschend
0;0.0809;berauschendsten
0;0.0809;berauschendere
0;0.0809;berauschendster
0;0.0809;berauschendstes
0;0.0809;berauschenden
0;0.0809;berauschendem
0;0.0809;berauschenderer
0;0.0809;berauschenderes
0;0.0809;berauschende
0;0.0809;berauschendste
0;0.0809;berauschenderem
0;0.0809;berauschendes
0;0.0809;berauschender
0;0.0809;berauschenderen
0;0.0809;berauschendstem
0;0.0718;bereichern
0;0.0718;bereichere
0;0.0718;bereicherte
0;0.0718;bereicherst
0;0.0718;bereichertet
0;0.0718;bereichertest
0;0.0718;bereichert
0;0.0718;bereicheren
0;0.0718;bereicherten
0;0.004;bereit
0;0.004;bereite
0;0.004;bereitem
0;0.004;bereiten
0;0.004;bereiter
0;0.004;bereites
0;0.004;bereitstellen
0;0.004;bereitstelltet
0;0.004;bereitstellest
0;0.004;bereitstelltest
0;0.004;bereitstellten
0;0.004;bereitstellet
0;0.004;bereitstellst
0;0.004;bereitstellte
0;0.004;bereitstellt
0;0.004;bereitgestellt
0;0.004;bereitstelle
0;0.004;beruhigen
0;0.004;beruhigte
0;0.004;beruhigst
0;0.004;beruhiget
0;0.004;beruhigtet
0;0.004;beruhigten
0;0.004;beruhigtest
0;0.004;beruhigest
0;0.004;beruhigt
0;0.004;beruhige
0;0.2133;beruhigend
0;0.2133;beruhigende
0;0.2133;beruhigendem
0;0.2133;beruhigenden
0;0.2133;beruhigender
0;0.2133;beruhigendes
0;0.2133;beruhigendere
0;0.2133;beruhigenderem
0;0.2133;beruhigenderen
0;0.2133;beruhigenderer
0;0.2133;beruhigenderes
0;0.2133;beruhigendste
0;0.2133;beruhigendstem
0;0.2133;beruhigendsten
0;0.2133;beruhigendster
0;0.2133;beruhigendstes
0;0.3267;beruehmt
0;0.3267;beruehmtester
0;0.3267;beruehmtestes
0;0.3267;beruehmtes
0;0.3267;beruehmte
0;0.3267;beruehmtem
0;0.3267;beruehmten
0;0.3267;beruehmteren
0;0.3267;beruehmter
0;0.3267;beruehmtere
0;0.3267;beruehmteres
0;0.3267;beruehmterer
0;0.3267;beruehmteste
0;0.3267;beruehmtesten
0;0.3267;beruehmtestem
0;0.3267;beruehmterem
0;0.0956;bescheiden
0;0.0956;bescheidnere
0;0.0956;bescheidenste
0;0.0956;bescheidensten
0;0.0956;bescheidenstem
0;0.0956;bescheidner
0;0.0956;bescheidenem
0;0.0956;bescheidenen
0;0.0956;bescheidene
0;0.0956;bescheideneren
0;0.0956;bescheidneren
0;0.0956;bescheidnerem
0;0.0956;bescheidenerem
0;0.0956;bescheidener
0;0.0956;bescheidenerer
0;0.0956;bescheidneres
0;0.0956;bescheideneres
0;0.0956;bescheidnerer
0;0.0956;bescheidenes
0;0.0956;bescheidenere
0;0.0956;bescheidenster
0;0.0956;bescheidenstes
0;0.004;beschleunigen
0;0.004;beschleunigst
0;0.004;beschleuniget
0;0.004;beschleunigtest
0;0.004;beschleunigte
0;0.004;beschleunigt
0;0.004;beschleunigten
0;0.004;beschleunigtet
0;0.004;beschleunigest
0;0.004;beschleunige
0;0.004;beschwichtigen
0;0.004;beschwichtigten
0;0.004;beschwichtigest
0;0.004;beschwichtigst
0;0.004;beschwichtiget
0;0.004;beschwichtigte
0;0.004;beschwichtige
0;0.004;beschwichtigtest
0;0.004;beschwichtigtet
0;0.004;beschwichtigt
0;0.004;besitzen
0;0.004;besitze
0;0.004;besitzt
0;0.004;besitzest
0;0.004;besitzet
0;0.004;besass
0;0.004;besassest
0;0.004;besasst
0;0.004;besassen
0;0.004;besaesse
0;0.004;besaessest
0;0.004;besaessen
0;0.004;besaesset
0;0.004;besondere
0;0.004;besonderem
0;0.004;besonderen
0;0.004;besondereren
0;0.004;besonderes
0;0.5391;nan
0;0.004;besonnen
0;0.004;besonnenstes
0;0.004;besonnener
0;0.004;besonnenster
0;0.004;besonnenes
0;0.004;besonnenen
0;0.004;besonnensten
0;0.004;besonnenem
0;0.004;besonnenerem
0;0.004;besonneneren
0;0.004;besonnenstem
0;0.004;besonnenere
0;0.004;besonnenste
0;0.004;besonneneres
0;0.004;besonnene
0;0.004;besonnenerer
0;0.004;besser
0;0.004;bessere
0;0.004;besserem
0;0.004;besseren
0;0.004;besserer
0;0.004;besseres
0;0.004;beste
0;0.004;bestem
0;0.004;besten
0;0.004;bester
0;0.004;bestes
0;0.004;bessern
0;0.004;bessert
0;0.004;bessertet
0;0.004;bessere
0;0.004;gebessert
0;0.004;bessertest
0;0.004;besserten
0;0.004;besserte
0;0.004;besserst
0;0.004;besseren
0;0.004;bestehen
0;0.004;bestehe
0;0.004;bestehst
0;0.004;besteht
0;0.004;bestehest
0;0.004;bestehet
0;0.004;bestand
0;0.004;bestandest
0;0.004;bestandst
0;0.004;bestanden
0;0.004;bestaende
0;0.004;bestuende
0;0.004;bestaendest
0;0.004;bestuendest
0;0.004;bestaenden
0;0.004;bestuenden
0;0.004;bestaendet
0;0.004;bestuendet
0;0.0808;nan
0;0.004;bestmoeglich
0;0.004;bestmoeglichen
0;0.004;bestmoeglichem
0;0.004;bestmoeglichere
0;0.004;bestmoeglicheres
0;0.004;bestmoeglicherer
0;0.004;bestmoegliche
0;0.004;bestmoeglicher
0;0.004;bestmoeglicheren
0;0.004;bestmoeglicherem
0;0.004;bestmoegliches
0;0.004;bestmoeglichste
0;0.004;bestmoeglichstes
0;0.004;bestmoeglichster
0;0.004;bestmoeglichstem
0;0.004;bestmoeglichsten
0;0.0854;bestaetigen
0;0.0854;bestaetiget
0;0.0854;bestaetigte
0;0.0854;bestaetigtest
0;0.0854;bestaetigtet
0;0.0854;bestaetige
0;0.0854;bestaetigt
0;0.0854;bestaetigest
0;0.0854;bestaetigten
0;0.0854;bestaetigst
0;0.004;beteiligen
0;0.004;beteiligst
0;0.004;beteiliget
0;0.004;beteiligten
0;0.004;beteiligte
0;0.004;beteiligtet
0;0.004;beteiligt
0;0.004;beteiligest
0;0.004;beteilige
0;0.004;beteiligtest
0;0.004;betraechtlich
0;0.004;betraechtlichstes
0;0.004;betraechtlichster
0;0.004;betraechtlicher
0;0.004;betraechtlicheres
0;0.004;betraechtliches
0;0.004;betraechtlichsten
0;0.004;betraechtlicherer
0;0.004;betraechtlicheren
0;0.004;betraechtlichere
0;0.004;betraechtlichstem
0;0.004;betraechtlichem
0;0.004;betraechtlicherem
0;0.004;betraechtlichen
0;0.004;betraechtliche
0;0.004;betraechtlichste
0;0.004;bevorzugt
0;0.004;bevorzugte
0;0.004;bevorzugtem
0;0.004;bevorzugten
0;0.004;bevorzugter
0;0.004;bevorzugtes
0;0.004;bewegend
0;0.004;bewegende
0;0.004;bewegendem
0;0.004;bewegenden
0;0.004;bewegender
0;0.004;bewegendes
0;0.004;bewegendere
0;0.004;bewegenderem
0;0.004;bewegenderen
0;0.004;bewegenderer
0;0.004;bewegenderes
0;0.004;bewegendste
0;0.004;bewegendstem
0;0.004;bewegendsten
0;0.004;bewegendster
0;0.004;bewegendstes
0;0.004;bewirken
0;0.004;bewirktet
0;0.004;bewirktest
0;0.004;bewirket
0;0.004;bewirkten
0;0.004;bewirkte
0;0.004;bewirkst
0;0.004;bewirkest
0;0.004;bewirke
0;0.004;bewirkt
0;0.004;bewundern
0;0.004;bewunderten
0;0.004;bewundertet
0;0.004;bewundert
0;0.004;bewundere
0;0.004;bewunderte
0;0.004;bewunderen
0;0.004;bewunderst
0;0.004;bewundertest
0;0.0823;bewundernswert
0;0.0823;bewundernswertesten
0;0.0823;bewundernswerter
0;0.0823;bewundernswertestem
0;0.0823;bewundernswertes
0;0.0823;bewundernswertem
0;0.0823;bewundernswerten
0;0.0823;bewundernswerterer
0;0.0823;bewundernswertestes
0;0.0823;bewundernswertester
0;0.0823;bewundernswerteres
0;0.0823;bewundernswertere
0;0.0823;bewundernswerteste
0;0.0823;bewundernswerteren
0;0.0823;bewundernswerte
0;0.0823;bewundernswerterem
0;0.004;bewundert
0;0.004;bewunderte
0;0.004;bewundertem
0;0.004;bewunderten
0;0.004;bewunderter
0;0.004;bewundertes
0;0.004;bewundertere
0;0.004;bewunderterem
0;0.004;bewunderteren
0;0.004;bewunderterer
0;0.004;bewunderteres
0;0.004;bewundertste
0;0.004;bewundertstem
0;0.004;bewundertsten
0;0.004;bewundertster
0;0.004;bewundertstes
0;0.465;bewaehrt
0;0.465;bewaehrteren
0;0.465;bewaehrtes
0;0.465;bewaehrterer
0;0.465;bewaehrtestes
0;0.465;bewaehrteres
0;0.465;bewaehrtester
0;0.465;bewaehrten
0;0.465;bewaehrtem
0;0.465;bewaehrtesten
0;0.465;bewaehrtestem
0;0.465;bewaehrter
0;0.465;bewaehrteste
0;0.465;bewaehrtere
0;0.465;bewaehrte
0;0.465;bewaehrterem
0;0.3081;bezaubernd
0;0.3081;bezauberndere
0;0.3081;bezaubernderem
0;0.3081;bezaubernde
0;0.3081;bezauberndste
0;0.3081;bezauberndstes
0;0.3081;bezauberndster
0;0.3081;bezaubernder
0;0.3081;bezauberndem
0;0.3081;bezaubernden
0;0.3081;bezaubernderen
0;0.3081;bezauberndstem
0;0.3081;bezaubernderer
0;0.3081;bezauberndsten
0;0.3081;bezaubernderes
0;0.3081;bezauberndes
0;0.3096;blendend
0;0.3096;blendender
0;0.3096;blendendem
0;0.3096;blendenden
0;0.3096;blendendste
0;0.3096;blendenderer
0;0.3096;blendenderes
0;0.3096;blendenderen
0;0.3096;blendendes
0;0.3096;blendenderem
0;0.3096;blendendstes
0;0.3096;blendendster
0;0.3096;blendendere
0;0.3096;blendendstem
0;0.3096;blendende
0;0.3096;blendendsten
0;0.2028;bluehen
0;0.2028;bluehtet
0;0.2028;bluehst
0;0.2028;bluehte
0;0.2028;geblueht
0;0.2028;bluehten
0;0.2028;bluehest
0;0.2028;bluehet
0;0.2028;blueht
0;0.2028;bluehe
0;0.2028;bluehtest
0;0.2053;bombastisch
0;0.2053;bombastischster
0;0.2053;bombastischstes
0;0.2053;bombastischsten
0;0.2053;bombastischeren
0;0.2053;bombastischerem
0;0.2053;bombastischste
0;0.2053;bombastischstem
0;0.2053;bombastischerer
0;0.2053;bombastische
0;0.2053;bombastischeres
0;0.2053;bombastischem
0;0.2053;bombastischere
0;0.2053;bombastisches
0;0.2053;bombastischer
0;0.2053;bombastischen
0;0.0837;bombig
0;0.0837;bombigstem
0;0.0837;bombigeren
0;0.0837;bombigerem
0;0.0837;bombigsten
0;0.0837;bombigstes
0;0.0837;bombigster
0;0.0837;bombiger
0;0.0837;bombiges
0;0.0837;bombige
0;0.0837;bombigen
0;0.0837;bombigeres
0;0.0837;bombigem
0;0.0837;bombigerer
0;0.0837;bombigste
0;0.0837;bombigere
0;0.004;boomen
0;0.004;boome
0;0.004;boomst
0;0.004;boomt
0;0.004;boomest
0;0.004;boomet
0;0.004;boomte
0;0.004;boomtest
0;0.004;boomten
0;0.004;boomtet
0;0.004;geboomt
0;0.004;brandneu
0;0.004;brandneue
0;0.004;brandneuem
0;0.004;brandneuen
0;0.004;brandneuer
0;0.004;brandneues
0;0.004;bravouroes
0;0.004;bravouroesem
0;0.004;bravouroesen
0;0.004;bravouroeseste
0;0.004;bravouroesester
0;0.004;bravouroesere
0;0.004;bravouroeseres
0;0.004;bravouroeserer
0;0.004;bravouroesesten
0;0.004;bravouroeserem
0;0.004;bravouroesestem
0;0.004;bravouroeseren
0;0.004;bravouroesestes
0;0.004;bravouroese
0;0.004;bravouroeses
0;0.004;bravouroeser
0;0.004;breitgefaechert
0;0.004;breitgefaechertster
0;0.004;breitgefaechertstes
0;0.004;breitgefaecherteren
0;0.004;breitgefaechertsten
0;0.004;breitgefaechertem
0;0.004;breitgefaecherten
0;0.004;breitgefaecherterem
0;0.004;breitgefaecherter
0;0.004;breitgefaechertere
0;0.004;breitgefaechertstem
0;0.004;breitgefaecherteres
0;0.004;breitgefaecherterer
0;0.004;breitgefaechertste
0;0.004;breitgefaechertes
0;0.004;breitgefaecherte
0;0.3064;brillant
0;0.3064;brillantesten
0;0.3064;brillanten
0;0.3064;brillantem
0;0.3064;brillanteren
0;0.3064;brillantestem
0;0.3064;brillanterem
0;0.3064;brillantestes
0;0.3064;brillantester
0;0.3064;brillantes
0;0.3064;brillante
0;0.3064;brillanter
0;0.3064;brillanteres
0;0.3064;brillanterer
0;0.3064;brillanteste
0;0.3064;brillantere
0;0.183;brilliant
0;0.183;brilliante
0;0.183;brilliantem
0;0.183;brillianten
0;0.183;brillianter
0;0.183;brilliantes
0;0.183;brilliantere
0;0.183;brillianterem
0;0.183;brillianteren
0;0.183;brillianterer
0;0.183;brillianteres
0;0.183;brillianteste
0;0.183;brilliantestem
0;0.183;brilliantesten
0;0.183;brilliantester
0;0.183;brilliantestes
0;0.004;brillieren
0;0.004;brilliere
0;0.004;brillierst
0;0.004;brilliert
0;0.004;brillierest
0;0.004;brillieret
0;0.004;brillierte
0;0.004;brilliertest
0;0.004;brillierten
0;0.004;brilliertet
0;0.004;bruederlich
0;0.004;bruederliche
0;0.004;bruederlichste
0;0.004;bruederlichstes
0;0.004;bruederlicheres
0;0.004;bruederlicherer
0;0.004;bruederlichster
0;0.004;bruederlichen
0;0.004;bruederliches
0;0.004;bruederlichstem
0;0.004;bruederlichsten
0;0.004;bruederlicher
0;0.004;bruederlicherem
0;0.004;bruederlichem
0;0.004;bruederlicheren
0;0.004;bruederlichere
0;0.3507;bunt
0;0.3507;buntester
0;0.3507;buntestes
0;0.3507;bunterer
0;0.3507;bunteres
0;0.3507;buntesten
0;0.3507;buntestem
0;0.3507;buntere
0;0.3507;bunte
0;0.3507;bunteste
0;0.3507;bunter
0;0.3507;buntes
0;0.3507;buntem
0;0.3507;bunten
0;0.3507;bunteren
0;0.3507;bunterem
0;0.004;baerenstark
0;0.004;baerenstarkster
0;0.004;baerenstarkere
0;0.004;baerenstarkstes
0;0.004;baerenstarksten
0;0.004;baerenstarke
0;0.004;baerenstarkstem
0;0.004;baerenstarker
0;0.004;baerenstarkeres
0;0.004;baerenstarkes
0;0.004;baerenstarkerer
0;0.004;baerenstarkem
0;0.004;baerenstarken
0;0.004;baerenstarkste
0;0.004;baerenstarkerem
0;0.004;baerenstarkeren
0;0.004;charakterstark
0;0.004;charakterstarke
0;0.004;charakterstarkem
0;0.004;charakterstarken
0;0.004;charakterstarker
0;0.004;charakterstarkes
0;0.004;charismatisch
0;0.004;charismatischerer
0;0.004;charismatischeres
0;0.004;charismatischste
0;0.004;charismatischeren
0;0.004;charismatischerem
0;0.004;charismatische
0;0.004;charismatischere
0;0.004;charismatischem
0;0.004;charismatischstem
0;0.004;charismatischsten
0;0.004;charismatischen
0;0.004;charismatisches
0;0.004;charismatischster
0;0.004;charismatischer
0;0.004;charismatischstes
0;0.3223;charmant
0;0.3223;charmante
0;0.3223;charmantere
0;0.3223;charmanteren
0;0.3223;charmanterem
0;0.3223;charmantester
0;0.3223;charmantestes
0;0.3223;charmanten
0;0.3223;charmantem
0;0.3223;charmanteres
0;0.3223;charmanterer
0;0.3223;charmantes
0;0.3223;charmanteste
0;0.3223;charmanter
0;0.3223;charmantestem
0;0.3223;charmantesten
0;0.0787;chic
0;0.0787;chicster
0;0.0787;chicstes
0;0.0787;chicstem
0;0.0787;chicsten
0;0.0787;chicere
0;0.0787;chicste
0;0.0787;chicst
0;0.0787;chicem
0;0.0787;chiceren
0;0.0787;chicerem
0;0.0787;chicerer
0;0.0787;chice
0;0.0787;chices
0;0.0787;chicer
0;0.0787;chiceres
0;0.0787;chicen
0;0.2243;clever
0;0.2243;cleverem
0;0.2243;clevererem
0;0.2243;clevereren
0;0.2243;clevere
0;0.2243;clevrerer
0;0.2243;clevreres
0;0.2243;clevrerem
0;0.2243;clevrer
0;0.2243;clevrere
0;0.2243;cleversten
0;0.2243;cleverste
0;0.2243;clevreren
0;0.2243;cleverstem
0;0.2243;cleverstes
0;0.2243;cleverere
0;0.2243;cleverster
0;0.2243;clevererer
0;0.2243;cleveren
0;0.2243;clevereres
0;0.2243;cleveres
0;0.2243;cleverer
0;0.004;cool
0;0.004;coolsten
0;0.004;coolstem
0;0.004;coolster
0;0.004;coolstes
0;0.004;coolerem
0;0.004;cooleren
0;0.004;cooler
0;0.004;cooles
0;0.004;coolerer
0;0.004;coolste
0;0.004;coole
0;0.004;coolen
0;0.004;cooleres
0;0.004;coolem
0;0.004;coolere
0;0.0854;dankbar
0;0.0854;dankbares
0;0.0854;dankbarer
0;0.0854;dankbarerer
0;0.0854;dankbaren
0;0.0854;dankbareres
0;0.0854;dankbarem
0;0.0854;dankbarere
0;0.0854;dankbarstem
0;0.0854;dankbarsten
0;0.0854;dankbarste
0;0.0854;dankbarster
0;0.0854;dankbarstes
0;0.0854;dankbare
0;0.0854;dankbarerem
0;0.0854;dankbareren
0;0.191;danken
0;0.191;dankte
0;0.191;danktet
0;0.191;danktest
0;0.191;dankst
0;0.191;dankest
0;0.191;dankt
0;0.191;danke
0;0.191;gedankt
0;0.191;dankten
0;0.191;danket
0;0.205;dauerhaft
0;0.205;dauerhaften
0;0.205;dauerhaftem
0;0.205;dauerhaftere
0;0.205;dauerhafteste
0;0.205;dauerhafteren
0;0.205;dauerhafterem
0;0.205;dauerhafte
0;0.205;dauerhafter
0;0.205;dauerhafteres
0;0.205;dauerhafterer
0;0.205;dauerhaftes
0;0.205;dauerhaftestes
0;0.205;dauerhaftester
0;0.205;dauerhaftestem
0;0.205;dauerhaftesten
0;0.004;denkwuerdig
0;0.004;denkwuerdigere
0;0.004;denkwuerdigstes
0;0.004;denkwuerdige
0;0.004;denkwuerdiges
0;0.004;denkwuerdigster
0;0.004;denkwuerdiger
0;0.004;denkwuerdigen
0;0.004;denkwuerdigem
0;0.004;denkwuerdigeren
0;0.004;denkwuerdigerem
0;0.004;denkwuerdigste
0;0.004;denkwuerdigerer
0;0.004;denkwuerdigstem
0;0.004;denkwuerdigsten
0;0.004;denkwuerdigeres
0;0.004;detailliert
0;0.004;detaillierterer
0;0.004;detaillierteres
0;0.004;detaillierte
0;0.004;detailliertesten
0;0.004;detailliertestem
0;0.004;detailliertere
0;0.004;detaillierteren
0;0.004;detaillierterem
0;0.004;detaillierter
0;0.004;detailliertes
0;0.004;detailliertestes
0;0.004;detaillierteste
0;0.004;detailliertester
0;0.004;detailliertem
0;0.004;detaillierten
0;0.004;dienlich
0;0.004;dienlichsten
0;0.004;dienlichstem
0;0.004;dienlichere
0;0.004;dienlichstes
0;0.004;dienlichster
0;0.004;dienlichem
0;0.004;dienlichste
0;0.004;dienlichen
0;0.004;dienliche
0;0.004;dienlicherer
0;0.004;dienlicher
0;0.004;dienlicheres
0;0.004;dienliches
0;0.004;dienlicheren
0;0.004;dienlicherem
0;0.004;diplomatisch
0;0.004;diplomatischem
0;0.004;diplomatischste
0;0.004;diplomatischen
0;0.004;diplomatische
0;0.004;diplomatisches
0;0.004;diplomatischer
0;0.004;diplomatischstem
0;0.004;diplomatischsten
0;0.004;diplomatischster
0;0.004;diplomatischstes
0;0.004;diplomatischeres
0;0.004;diplomatischere
0;0.004;diplomatischerer
0;0.004;diplomatischerem
0;0.004;diplomatischeren
0;0.004;diskret
0;0.004;diskretem
0;0.004;diskretester
0;0.004;diskreten
0;0.004;diskrete
0;0.004;diskretestem
0;0.004;diskretesten
0;0.004;diskreteste
0;0.004;diskretere
0;0.004;diskreteren
0;0.004;diskreterem
0;0.004;diskreteres
0;0.004;diskretestes
0;0.004;diskreterer
0;0.004;diskretes
0;0.004;diskreter
0;0.004;diszipliniert
0;0.004;diszipliniertester
0;0.004;disziplinierterem
0;0.004;disziplinierteren
0;0.004;diszipliniertesten
0;0.004;disziplinierteste
0;0.004;diszipliniertestem
0;0.004;disziplinierteres
0;0.004;disziplinierterer
0;0.004;diszipliniertestes
0;0.004;disziplinierte
0;0.004;diszipliniertes
0;0.004;disziplinierter
0;0.004;disziplinierten
0;0.004;diszipliniertere
0;0.004;diszipliniertem
0;0.1958;dufte
0;0.1958;duftester
0;0.1958;duftestes
0;0.1958;dufteres
0;0.1958;duftesten
0;0.1958;dufterer
0;0.1958;dufterem
0;0.1958;dufteren
0;0.1958;duftes
0;0.1958;dufter
0;0.1958;duften
0;0.1958;duftem
0;0.1958;duftestem
0;0.1958;duftere
0;0.1958;dufteste
0;0.2132;duften
0;0.2132;dufte
0;0.2132;duftest
0;0.2132;duftet
0;0.2132;duftete
0;0.2132;duftetest
0;0.2132;dufteten
0;0.2132;duftetet
0;0.2132;geduftet
0;0.2131;durchdacht
0;0.2131;durchdachteren
0;0.2131;durchdachterem
0;0.2131;durchdachterer
0;0.2131;durchdachteres
0;0.2131;durchdachtestes
0;0.2131;durchdachtester
0;0.2131;durchdachtesten
0;0.2131;durchdachte
0;0.2131;durchdachtestem
0;0.2131;durchdachtem
0;0.2131;durchdachten
0;0.2131;durchdachtere
0;0.2131;durchdachtes
0;0.2131;durchdachteste
0;0.2131;durchdachter
0;0.004;durchhalten
0;0.004;durchhalte
0;0.004;durchhaeltst
0;0.004;durchhaelt
0;0.004;durchhaltet
0;0.004;durchhaltest
0;0.004;durchhielt
0;0.004;durchhieltest
0;0.004;durchhieltst
0;0.004;durchhielten
0;0.004;durchhieltet
0;0.004;durchgehalten
0;0.004;durchschlagend
0;0.004;durchschlagenderen
0;0.004;durchschlagenderem
0;0.004;durchschlagendem
0;0.004;durchschlagende
0;0.004;durchschlagendere
0;0.004;durchschlagenderer
0;0.004;durchschlagenden
0;0.004;durchschlagenderes
0;0.004;durchschlagendes
0;0.004;durchschlagender
0;0.004;durchschlagendstem
0;0.004;durchschlagendsten
0;0.004;durchschlagendstes
0;0.004;durchschlagendste
0;0.004;durchschlagendster
0;0.004;dynamisch
0;0.004;dynamischster
0;0.004;dynamischstes
0;0.004;dynamischen
0;0.004;dynamischem
0;0.004;dynamischere
0;0.004;dynamischerer
0;0.004;dynamischeres
0;0.004;dynamischeren
0;0.004;dynamischerem
0;0.004;dynamisches
0;0.004;dynamischsten
0;0.004;dynamischstem
0;0.004;dynamische
0;0.004;dynamischer
0;0.004;dynamischste
0;0.2235;edel
0;0.2235;edles
0;0.2235;edler
0;0.2235;edelsten
0;0.2235;edlem
0;0.2235;edelstes
0;0.2235;edelster
0;0.2235;edlen
0;0.2235;edelste
0;0.2235;edlerer
0;0.2235;edlere
0;0.2235;edelstem
0;0.2235;edleren
0;0.2235;edlerem
0;0.2235;edleres
0;0.2235;edle
0;0.0971;effektiv
0;0.0971;effektivem
0;0.0971;effektiverem
0;0.0971;effektiven
0;0.0971;effektiveren
0;0.0971;effektivstem
0;0.0971;effektivste
0;0.0971;effektivere
0;0.0971;effektiverer
0;0.0971;effektive
0;0.0971;effektiveres
0;0.0971;effektivstes
0;0.0971;effektivster
0;0.0971;effektives
0;0.0971;effektiver
0;0.0971;effektivsten
0;0.004;effektvoll
0;0.004;effektvollere
0;0.004;effektvollerer
0;0.004;effektvolleres
0;0.004;effektvolle
0;0.004;effektvolleren
0;0.004;effektvoller
0;0.004;effektvollerem
0;0.004;effektvollster
0;0.004;effektvollstes
0;0.004;effektvollem
0;0.004;effektvollen
0;0.004;effektvollste
0;0.004;effektvollstem
0;0.004;effektvollsten
0;0.004;effektvolles
0;0.004;effizient
0;0.004;effiziente
0;0.004;effizientere
0;0.004;effizientestem
0;0.004;effizientesten
0;0.004;effizientester
0;0.004;effizientestes
0;0.004;effizienteres
0;0.004;effizienterer
0;0.004;effizienteren
0;0.004;effizienterem
0;0.004;effizienteste
0;0.004;effizientem
0;0.004;effizienten
0;0.004;effizientes
0;0.004;effizienter
0;0.0612;ehren
0;0.0612;ehret
0;0.0612;ehrest
0;0.0612;ehrt
0;0.0612;ehre
0;0.0612;ehrtest
0;0.0612;ehrten
0;0.0612;ehrst
0;0.0612;ehrte
0;0.0612;ehrtet
0;0.0612;geehrt
0;0.004;ehrenwert
0;0.004;ehrenwertere
0;0.004;ehrenwerteres
0;0.004;ehrenwerterer
0;0.004;ehrenwerteste
0;0.004;ehrenwerte
0;0.004;ehrenwertesten
0;0.004;ehrenwertestem
0;0.004;ehrenwertem
0;0.004;ehrenwerten
0;0.004;ehrenwertester
0;0.004;ehrenwerteren
0;0.004;ehrenwertestes
0;0.004;ehrenwerter
0;0.004;ehrenwertes
0;0.004;ehrenwerterem
0;0.004;ehrfuerchtig
0;0.004;ehrfuerchtigstes
0;0.004;ehrfuerchtigster
0;0.004;ehrfuerchtigstem
0;0.004;ehrfuerchtigsten
0;0.004;ehrfuerchtigere
0;0.004;ehrfuerchtigeren
0;0.004;ehrfuerchtigerem
0;0.004;ehrfuerchtigeres
0;0.004;ehrfuerchtigerer
0;0.004;ehrfuerchtiges
0;0.004;ehrfuerchtiger
0;0.004;ehrfuerchtigste
0;0.004;ehrfuerchtige
0;0.004;ehrfuerchtigen
0;0.004;ehrfuerchtigem
0;0.2076;ehrgeizig
0;0.2076;ehrgeizigster
0;0.2076;ehrgeizigerer
0;0.2076;ehrgeizigstes
0;0.2076;ehrgeiziger
0;0.2076;ehrgeizigeres
0;0.2076;ehrgeiziges
0;0.2076;ehrgeizigeren
0;0.2076;ehrgeizigere
0;0.2076;ehrgeizigerem
0;0.2076;ehrgeizigsten
0;0.2076;ehrgeizige
0;0.2076;ehrgeizigem
0;0.2076;ehrgeizigste
0;0.2076;ehrgeizigen
0;0.2076;ehrgeizigstem
0;0.1212;ehrlich
0;0.1212;ehrlicherer
0;0.1212;ehrlichste
0;0.1212;ehrlicheres
0;0.1212;ehrliche
0;0.1212;ehrlichster
0;0.1212;ehrlicheren
0;0.1212;ehrlichstem
0;0.1212;ehrlichsten
0;0.1212;ehrlicherem
0;0.1212;ehrlichere
0;0.1212;ehrlichstes
0;0.1212;ehrlichen
0;0.1212;ehrlichem
0;0.1212;ehrlicher
0;0.1212;ehrliches
0;0.004;ehrwuerdig
0;0.004;ehrwuerdigste
0;0.004;ehrwuerdigstem
0;0.004;ehrwuerdigen
0;0.004;ehrwuerdigsten
0;0.004;ehrwuerdigem
0;0.004;ehrwuerdigere
0;0.004;ehrwuerdige
0;0.004;ehrwuerdiges
0;0.004;ehrwuerdigster
0;0.004;ehrwuerdigstes
0;0.004;ehrwuerdiger
0;0.004;ehrwuerdigerer
0;0.004;ehrwuerdigeres
0;0.004;ehrwuerdigeren
0;0.004;ehrwuerdigerem
0;0.004;eifern
0;0.004;eifert
0;0.004;eifere
0;0.004;eiferen
0;0.004;geeifert
0;0.004;eifertet
0;0.004;eifertest
0;0.004;eiferte
0;0.004;eiferst
0;0.004;eiferten
0;0.004;eifrig
0;0.004;eifrigere
0;0.004;eifrigstem
0;0.004;eifrigster
0;0.004;eifrigstes
0;0.004;eifrigste
0;0.004;eifrigsten
0;0.004;eifriges
0;0.004;eifriger
0;0.004;eifrigeres
0;0.004;eifrigerer
0;0.004;eifrige
0;0.004;eifrigen
0;0.004;eifrigem
0;0.004;eifrigeren
0;0.004;eifrigerem
0;0.1006;eignen
0;0.1006;eigne
0;0.1006;eignest
0;0.1006;eignet
0;0.1006;eignete
0;0.1006;eignetest
0;0.1006;eigneten
0;0.1006;eignetet
0;0.1006;geeignet
0;0.004;eindeutig
0;0.004;eindeutigeres
0;0.004;eindeutigerer
0;0.004;eindeutigsten
0;0.004;eindeutigstem
0;0.004;eindeutigstes
0;0.004;eindeutigster
0;0.004;eindeutiges
0;0.004;eindeutiger
0;0.004;eindeutigen
0;0.004;eindeutigste
0;0.004;eindeutigem
0;0.004;eindeutigerem
0;0.004;eindeutige
0;0.004;eindeutigeren
0;0.004;eindeutigere
0;0.3001;eindrucksvoll
0;0.3001;eindrucksvollerer
0;0.3001;eindrucksvolleres
0;0.3001;eindrucksvollere
0;0.3001;eindrucksvollster
0;0.3001;eindrucksvollen
0;0.3001;eindrucksvollstes
0;0.3001;eindrucksvolles
0;0.3001;eindrucksvollstem
0;0.3001;eindrucksvollsten
0;0.3001;eindrucksvoller
0;0.3001;eindrucksvollem
0;0.3001;eindrucksvollste
0;0.3001;eindrucksvolle
0;0.3001;eindrucksvollerem
0;0.3001;eindrucksvolleren
0;0.004;einfach
0;0.004;einfache
0;0.004;einfachstem
0;0.004;einfachsten
0;0.004;einfachster
0;0.004;einfachstes
0;0.004;einfacherem
0;0.004;einfachste
0;0.004;einfacheren
0;0.004;einfacheres
0;0.004;einfaches
0;0.004;einfacherer
0;0.004;einfacher
0;0.004;einfachere
0;0.004;einfachem
0;0.004;einfachen
0;0.2031;einfallsreich
0;0.2031;einfallsreichsten
0;0.2031;einfallsreichstem
0;0.2031;einfallsreiches
0;0.2031;einfallsreicher
0;0.2031;einfallsreichster
0;0.2031;einfallsreichem
0;0.2031;einfallsreichen
0;0.2031;einfallsreichere
0;0.2031;einfallsreiche
0;0.2031;einfallsreichstes
0;0.2031;einfallsreicherer
0;0.2031;einfallsreicheren
0;0.2031;einfallsreicherem
0;0.2031;einfallsreichste
0;0.2031;einfallsreicheres
0;0.004;einflussreich
0;0.004;einflussreicheren
0;0.004;einflussreichstem
0;0.004;einflussreichsten
0;0.004;einflussreicherem
0;0.004;einflussreichster
0;0.004;einflussreiche
0;0.004;einflussreichere
0;0.004;einflussreicheres
0;0.004;einflussreicherer
0;0.004;einflussreichem
0;0.004;einflussreichen
0;0.004;einflussreichste
0;0.004;einflussreiches
0;0.004;einflussreicher
0;0.004;einflussreichst
0;0.004;einflussreichstes
0;0.004;einflussreich
0;0.004;einflussreiche
0;0.004;einflussreichem
0;0.004;einflussreichen
0;0.004;einflussreicher
0;0.004;einflussreiches
0;0.004;einflussreichere
0;0.004;einflussreicherem
0;0.004;einflussreicheren
0;0.004;einflussreicherer
0;0.004;einflussreicheres
0;0.004;einflussreichste
0;0.004;einflussreichstem
0;0.004;einflussreichsten
0;0.004;einflussreichster
0;0.004;einflussreichstes
0;0.004;einhalten
0;0.004;einhalte
0;0.004;einhaeltst
0;0.004;einhaelt
0;0.004;einhaltet
0;0.004;einhaltest
0;0.004;einhielt
0;0.004;einhieltest
0;0.004;einhieltst
0;0.004;einhielten
0;0.004;einhieltet
0;0.004;einhielte
0;0.004;eingehalten
0;0.004;einheitlich
0;0.004;einheitlichste
0;0.004;einheitliches
0;0.004;einheitlichsten
0;0.004;einheitlicheres
0;0.004;einheitlichstem
0;0.004;einheitlicher
0;0.004;einheitlicherer
0;0.004;einheitlicherem
0;0.004;einheitliche
0;0.004;einheitlicheren
0;0.004;einheitlichere
0;0.004;einheitlichster
0;0.004;einheitlichstes
0;0.004;einheitlichem
0;0.004;einheitlichen
0;0.2249;einkaufen
0;0.2249;einkaufest
0;0.2249;einkauftet
0;0.2249;eingekauft
0;0.2249;einkaufet
0;0.2249;einkaufe
0;0.2249;einkaufst
0;0.2249;einkauftest
0;0.2249;einkaufte
0;0.2249;einkauft
0;0.2249;einkauften
0;0.3137;einmalig
0;0.3137;einmaligere
0;0.3137;einmaligeren
0;0.3137;einmaligerem
0;0.3137;einmaligerer
0;0.3137;einmaligeres
0;0.3137;einmaligstem
0;0.3137;einmaligen
0;0.3137;einmaligsten
0;0.3137;einmaligem
0;0.3137;einmaligste
0;0.3137;einmalige
0;0.3137;einmaliges
0;0.3137;einmaligstes
0;0.3137;einmaliger
0;0.3137;einmaligster
0;0.004;einnehmen
0;0.004;einnehme
0;0.004;einnimmst
0;0.004;einnimmt
0;0.004;einnehmt
0;0.004;einnehmest
0;0.004;einnehmet
0;0.004;einnahm
0;0.004;einnahmst
0;0.004;einnahmen
0;0.004;einnahmt
0;0.004;einnaehme
0;0.004;einnaehmest
0;0.004;einnaehmst
0;0.004;einnaehmen
0;0.004;einnaehmet
0;0.004;einnaehmt
0;0.004;eingenommen
0;0.004;einsparen
0;0.004;einsparten
0;0.004;einsparet
0;0.004;einspart
0;0.004;einspare
0;0.004;einsparst
0;0.004;einsparest
0;0.004;einspartest
0;0.004;einsparte
0;0.004;einspartet
0;0.004;eingespart
0;0.004;eintraeglich
0;0.004;eintraeglichster
0;0.004;eintraeglichstes
0;0.004;eintraegliche
0;0.004;eintraeglichstem
0;0.004;eintraeglichsten
0;0.004;eintraeglichere
0;0.004;eintraeglichste
0;0.004;eintraeglicherer
0;0.004;eintraeglichen
0;0.004;eintraeglichem
0;0.004;eintraeglicheren
0;0.004;eintraeglicherem
0;0.004;eintraegliches
0;0.004;eintraeglicher
0;0.004;eintraeglicheres
0;0.0949;einwandfrei
0;0.0949;einwandfreiem
0;0.0949;einwandfreierer
0;0.0949;einwandfreien
0;0.0949;einwandfreieres
0;0.0949;einwandfreiste
0;0.0949;einwandfreieren
0;0.0949;einwandfreier
0;0.0949;einwandfreie
0;0.0949;einwandfreies
0;0.0949;einwandfreieste
0;0.0949;einwandfreiere
0;0.0949;einwandfreisten
0;0.0949;einwandfreiester
0;0.0949;einwandfreiest
0;0.0949;einwandfreiestes
0;0.0949;einwandfreistem
0;0.0949;einwandfreierem
0;0.0949;einwandfreistes
0;0.0949;einwandfreiestem
0;0.0949;einwandfreister
0;0.0949;einwandfreiesten
0;0.004;einweihen
0;0.004;einweihe
0;0.004;einweihst
0;0.004;einweiht
0;0.004;einweihest
0;0.004;einweihet
0;0.004;einweihte
0;0.004;einweihtest
0;0.004;einweihten
0;0.004;einweihtet
0;0.004;eingeweiht
0;0.3078;einzigartig
0;0.3078;einzigartigstes
0;0.3078;einzigartigster
0;0.3078;einzigartigerer
0;0.3078;einzigartigste
0;0.3078;einzigartiger
0;0.3078;einzigartigeres
0;0.3078;einzigartiges
0;0.3078;einzigartigeren
0;0.3078;einzigartigerem
0;0.3078;einzigartigem
0;0.3078;einzigartigere
0;0.3078;einzigartigen
0;0.3078;einzigartige
0;0.3078;einzigartigsten
0;0.3078;einzigartigstem
0;0.2115;elegant
0;0.2115;eleganteren
0;0.2115;eleganter
0;0.2115;elegantes
0;0.2115;eleganterem
0;0.2115;elegantere
0;0.2115;elegantesten
0;0.2115;elegantestem
0;0.2115;elegantestes
0;0.2115;elegantester
0;0.2115;elegante
0;0.2115;elegantem
0;0.2115;eleganterer
0;0.2115;eleganteste
0;0.2115;eleganten
0;0.2115;eleganteres
0;0.004;empathisch
0;0.004;empathischste
0;0.004;empathischsten
0;0.004;empathischstem
0;0.004;empathischstes
0;0.004;empathischeres
0;0.004;empathischster
0;0.004;empathischerer
0;0.004;empathischeren
0;0.004;empathischerem
0;0.004;empathischer
0;0.004;empathisches
0;0.004;empathischen
0;0.004;empathischere
0;0.004;empathische
0;0.004;empathischem
0;0.004;empfehlen
0;0.004;empfehle
0;0.004;empfiehlst
0;0.004;empfiehlt
0;0.004;empfehlt
0;0.004;empfehlest
0;0.004;empfehlet
0;0.004;empfahl
0;0.004;empfahlst
0;0.004;empfahlen
0;0.004;empfahlt
0;0.004;empfaehle
0;0.004;empfoehle
0;0.004;empfaehlest
0;0.004;empfaehlst
0;0.004;empfoehlest
0;0.004;empfoehlst
0;0.004;empfaehlen
0;0.004;empfoehlen
0;0.004;empfaehlet
0;0.004;empfaehlt
0;0.004;empfoehlet
0;0.004;empfoehlt
0;0.004;empfohlen
0;0.093;empfehlenswert
0;0.093;empfehlenswerteres
0;0.093;empfehlenswerterer
0;0.093;empfehlenswerteren
0;0.093;empfehlenswerterem
0;0.093;empfehlenswertestem
0;0.093;empfehlenswertestes
0;0.093;empfehlenswertester
0;0.093;empfehlenswerte
0;0.093;empfehlenswertere
0;0.093;empfehlenswertesten
0;0.093;empfehlenswertem
0;0.093;empfehlenswerten
0;0.093;empfehlenswerter
0;0.093;empfehlenswerteste
0;0.093;empfehlenswertes
0;0.004;energisch
0;0.004;energische
0;0.004;energischstes
0;0.004;energischer
0;0.004;energischster
0;0.004;energischere
0;0.004;energisches
0;0.004;energischen
0;0.004;energischsten
0;0.004;energischem
0;0.004;energischstem
0;0.004;energischerem
0;0.004;energischeren
0;0.004;energischste
0;0.004;energischeres
0;0.004;energischerer
0;0.004;engagieren
0;0.004;engagiertet
0;0.004;engagierst
0;0.004;engagierte
0;0.004;engagieret
0;0.004;engagierest
0;0.004;engagierten
0;0.004;engagiertest
0;0.004;engagiere
0;0.004;engagiert
0;0.0869;engagiert
0;0.0869;engagierteste
0;0.0869;engagiertes
0;0.0869;engagierte
0;0.0869;engagiertestem
0;0.0869;engagiertesten
0;0.0869;engagiertestes
0;0.0869;engagiertester
0;0.0869;engagierteren
0;0.0869;engagierteres
0;0.0869;engagierterer
0;0.0869;engagierten
0;0.0869;engagiertem
0;0.0869;engagiertere
0;0.0869;engagierter
0;0.0869;engagierterem
0;0.0898;enorm
0;0.0898;enormstes
0;0.0898;enormere
0;0.0898;enorme
0;0.0898;enormen
0;0.0898;enormem
0;0.0898;enormes
0;0.0898;enormer
0;0.0898;enormste
0;0.0898;enormerem
0;0.0898;enormeren
0;0.0898;enormstem
0;0.0898;enormsten
0;0.0898;enormerer
0;0.0898;enormeres
0;0.0898;enormster
0;0.004;enthusiastisch
0;0.004;enthusiastischem
0;0.004;enthusiastischen
0;0.004;enthusiastischstem
0;0.004;enthusiastischsten
0;0.004;enthusiastischstes
0;0.004;enthusiastischster
0;0.004;enthusiastischere
0;0.004;enthusiastische
0;0.004;enthusiastischerer
0;0.004;enthusiastischste
0;0.004;enthusiastischer
0;0.004;enthusiastischeres
0;0.004;enthusiastisches
0;0.004;enthusiastischerem
0;0.004;enthusiastischeren
0;0.004;entlasten
0;0.004;entlaste
0;0.004;entlastest
0;0.004;entlastet
0;0.004;entlastete
0;0.004;entlastetest
0;0.004;entlasteten
0;0.004;entlastetet
0;0.004;entlohnen
0;0.004;entlohne
0;0.004;entlohnst
0;0.004;entlohnt
0;0.004;entlohnest
0;0.004;entlohnet
0;0.004;entlohnte
0;0.004;entlohntest
0;0.004;entlohnten
0;0.004;entlohntet
0;0.004;entraetseln
0;0.004;entraetsele
0;0.004;entraetsle
0;0.004;entraetselst
0;0.004;entraetselt
0;0.004;entraetselest
0;0.004;entraetslet
0;0.004;entraetselte
0;0.004;entraetseltest
0;0.004;entraetselten
0;0.004;entraetseltet
0;0.004;entschlossen
0;0.004;entschlossenstem
0;0.004;entschlossensten
0;0.004;entschlossene
0;0.004;entschlossenerer
0;0.004;entschlossenster
0;0.004;entschlossenere
0;0.004;entschlosseneres
0;0.004;entschlossner
0;0.004;entschlossenem
0;0.004;entschlossenstes
0;0.004;entschlossenen
0;0.004;entschlossener
0;0.004;entschlossenes
0;0.004;entschlossnerem
0;0.004;entschlossnere
0;0.004;entschlossneren
0;0.004;entschlossnerer
0;0.004;entschlossenste
0;0.004;entschlossneres
0;0.004;entschlosseneren
0;0.004;entschlossenerem
0;0.004;entschluesseln
0;0.004;entschluessele
0;0.004;entschluesselt
0;0.004;entschluesseltest
0;0.004;entschluessel
0;0.004;entschluesselten
0;0.004;entschluesseltet
0;0.004;entschluesselst
0;0.004;entschluesselen
0;0.004;entschluesselte
0;0.004;entschluessle
0;0.004;entschaedigen
0;0.004;entschaedige
0;0.004;entschaedigst
0;0.004;entschaedigt
0;0.004;entschaedigest
0;0.004;entschaediget
0;0.004;entschaedigte
0;0.004;entschaedigtest
0;0.004;entschaedigten
0;0.004;entschaedigtet
0;0.2406;entspannen
0;0.2406;entspannet
0;0.2406;entspanntet
0;0.2406;entspannst
0;0.2406;entspannte
0;0.2406;entspannten
0;0.2406;entspannest
0;0.2406;entspanne
0;0.2406;entspanntest
0;0.2406;entspannt
0;0.004;entwirren
0;0.004;entwirrtest
0;0.004;entwirrten
0;0.004;entwirrest
0;0.004;entwirrtet
0;0.004;entwirre
0;0.004;entwirrt
0;0.004;entwirrst
0;0.004;entwirret
0;0.004;entwirrte
0;0.0844;entzueckend
0;0.0844;entzueckendstem
0;0.0844;entzueckenderem
0;0.0844;entzueckenderen
0;0.0844;entzueckendste
0;0.0844;entzueckender
0;0.0844;entzueckendes
0;0.0844;entzueckende
0;0.0844;entzueckenden
0;0.0844;entzueckendem
0;0.0844;entzueckendstes
0;0.0844;entzueckendster
0;0.0844;entzueckenderes
0;0.0844;entzueckendsten
0;0.0844;entzueckendere
0;0.0844;entzueckenderer
0;0.004;epochal
0;0.004;epochalem
0;0.004;epochalere
0;0.004;epochalen
0;0.004;epochalster
0;0.004;epochalstes
0;0.004;epochaleres
0;0.004;epochalerer
0;0.004;epochalerem
0;0.004;epochalste
0;0.004;epochaleren
0;0.004;epochale
0;0.004;epochalsten
0;0.004;epochales
0;0.004;epochaler
0;0.004;epochalstem
0;0.004;erarbeiten
0;0.004;erarbeitest
0;0.004;erarbeitetest
0;0.004;erarbeiteten
0;0.004;erarbeite
0;0.004;erarbeitete
0;0.004;erarbeitet
0;0.004;erarbeitetet
0;0.004;erarbeiten
0;0.004;erben
0;0.004;erbst
0;0.004;geerbt
0;0.004;erbt
0;0.004;erbest
0;0.004;erbe
0;0.004;erbten
0;0.004;erbtet
0;0.004;erbtest
0;0.004;erbet
0;0.004;erbte
0;0.0927;erfahren
0;0.0927;erfahrenere
0;0.0927;erfahrensten
0;0.0927;erfahrenstem
0;0.0927;erfahrneren
0;0.0927;erfahrenstes
0;0.0927;erfahrnerem
0;0.0927;erfahrenster
0;0.0927;erfahrnere
0;0.0927;erfahrneres
0;0.0927;erfahrnerer
0;0.0927;erfahrner
0;0.0927;erfahrenes
0;0.0927;erfahrener
0;0.0927;erfahrenerer
0;0.0927;erfahrene
0;0.0927;erfahrenem
0;0.0927;erfahreneres
0;0.0927;erfahrenerem
0;0.0927;erfahrenen
0;0.0927;erfahreneren
0;0.0927;erfahrenste
0;0.2193;erfolgreich
0;0.2193;erfolgreichstem
0;0.2193;erfolgreicheres
0;0.2193;erfolgreichste
0;0.2193;erfolgreicherer
0;0.2193;erfolgreicherem
0;0.2193;erfolgreiches
0;0.2193;erfolgreichsten
0;0.2193;erfolgreicheren
0;0.2193;erfolgreicher
0;0.2193;erfolgreichstes
0;0.2193;erfolgreichster
0;0.2193;erfolgreichem
0;0.2193;erfolgreichen
0;0.2193;erfolgreiche
0;0.2193;erfolgreichere
0;0.2112;erfreuen
0;0.2112;erfreutest
0;0.2112;erfreuten
0;0.2112;erfreutet
0;0.2112;erfreut
0;0.2112;erfreute
0;0.2112;erfreust
0;0.2112;erfreuet
0;0.2112;erfreuest
0;0.2112;erfreue
0;0.2197;erfreulich
0;0.2197;erfreulicher
0;0.2197;erfreulicherem
0;0.2197;erfreulicheren
0;0.2197;erfreuliches
0;0.2197;erfreulichsten
0;0.2197;erfreulicherer
0;0.2197;erfreulichste
0;0.2197;erfreulichstem
0;0.2197;erfreulicheres
0;0.2197;erfreulichster
0;0.2197;erfreuliche
0;0.2197;erfreulichstes
0;0.2197;erfreulichem
0;0.2197;erfreulichen
0;0.2197;erfreulichere
0;0.2227;erfrischend
0;0.2227;erfrischende
0;0.2227;erfrischendem
0;0.2227;erfrischenden
0;0.2227;erfrischender
0;0.2227;erfrischendes
0;0.2227;erfrischendere
0;0.2227;erfrischenderem
0;0.2227;erfrischenderen
0;0.2227;erfrischenderer
0;0.2227;erfrischenderes
0;0.2227;erfrischendste
0;0.2227;erfrischendstem
0;0.2227;erfrischendsten
0;0.2227;erfrischendster
0;0.2227;erfrischendstes
0;0.004;erfuellen
0;0.004;erfuellten
0;0.004;erfuellest
0;0.004;erfuellte
0;0.004;erfuellst
0;0.004;erfuellet
0;0.004;erfuelltet
0;0.004;erfuelle
0;0.004;erfuelltest
0;0.004;erfuellt
0;0.004;ergebnisreich
0;0.004;ergebnisreicherem
0;0.004;ergebnisreichstem
0;0.004;ergebnisreichsten
0;0.004;ergebnisreiches
0;0.004;ergebnisreichstes
0;0.004;ergebnisreicher
0;0.004;ergebnisreichster
0;0.004;ergebnisreichste
0;0.004;ergebnisreichen
0;0.004;ergebnisreichem
0;0.004;ergebnisreiche
0;0.004;ergebnisreichere
0;0.004;ergebnisreicherer
0;0.004;ergebnisreicheres
0;0.004;ergebnisreicheren
0;0.004;ergiebig
0;0.004;ergiebiger
0;0.004;ergiebigere
0;0.004;ergiebigen
0;0.004;ergiebigem
0;0.004;ergiebigerem
0;0.004;ergiebiges
0;0.004;ergiebigerer
0;0.004;ergiebigeres
0;0.004;ergiebigeren
0;0.004;ergiebigstes
0;0.004;ergiebigster
0;0.004;ergiebigste
0;0.004;ergiebigsten
0;0.004;ergiebige
0;0.004;ergiebigstem
0;0.2074;ergaenzen
0;0.2074;ergaenzte
0;0.2074;ergaenze
0;0.2074;ergaenzt
0;0.2074;ergaenzten
0;0.2074;ergaenzet
0;0.2074;ergaenzest
0;0.2074;ergaenztet
0;0.2074;ergaenztest
0;0.004;erhalten
0;0.004;erhalte
0;0.004;erhaeltst
0;0.004;erhaelt
0;0.004;erhaltet
0;0.004;erhaltest
0;0.004;erhielt
0;0.004;erhieltest
0;0.004;erhieltst
0;0.004;erhielten
0;0.004;erhieltet
0;0.004;erhielte
0;0.004;erhebend
0;0.004;erhebendstem
0;0.004;erhebendsten
0;0.004;erhebender
0;0.004;erhebendes
0;0.004;erhebenden
0;0.004;erhebende
0;0.004;erhebendem
0;0.004;erhebendste
0;0.004;erhebendere
0;0.004;erhebenderer
0;0.004;erhebenderes
0;0.004;erhebendster
0;0.004;erhebenderen
0;0.004;erhebenderem
0;0.004;erhebendstes
0;0.004;erheblich
0;0.004;erheblichste
0;0.004;erheblicherem
0;0.004;erheblichsten
0;0.004;erhebliche
0;0.004;erheblicheres
0;0.004;erheblicherer
0;0.004;erhebliches
0;0.004;erheblicheren
0;0.004;erheblichstem
0;0.004;erheblichen
0;0.004;erheblichem
0;0.004;erheblichere
0;0.004;erheblichster
0;0.004;erheblicher
0;0.004;erheblichstes
0;0.2357;erholen
0;0.2357;erholet
0;0.2357;erholten
0;0.2357;erholtet
0;0.2357;erholest
0;0.2357;erhole
0;0.2357;erholt
0;0.2357;erholtest
0;0.2357;erholte
0;0.2357;erholst
0;0.2188;erholsam
0;0.2188;erholsamem
0;0.2188;erholsamste
0;0.2188;erholsamere
0;0.2188;erholsameres
0;0.2188;erholsameren
0;0.2188;erholsamerer
0;0.2188;erholsamerem
0;0.2188;erholsamster
0;0.2188;erholsamstes
0;0.2188;erholsamsten
0;0.2188;erholsamstem
0;0.2188;erholsame
0;0.2188;erholsamer
0;0.2188;erholsames
0;0.2188;erholsamen
0;0.004;erhaeltlich
0;0.004;erhaeltlichere
0;0.004;erhaeltliches
0;0.004;erhaeltlicher
0;0.004;erhaeltlichstem
0;0.004;erhaeltlichsten
0;0.004;erhaeltlichste
0;0.004;erhaeltlicheres
0;0.004;erhaeltlicherer
0;0.004;erhaeltliche
0;0.004;erhaeltlicheren
0;0.004;erhaeltlicherem
0;0.004;erhaeltlichster
0;0.004;erhaeltlichem
0;0.004;erhaeltlichstes
0;0.004;erhaeltlichen
0;0.004;erhoehen
0;0.004;erhoehtest
0;0.004;erhoehet
0;0.004;erhoeht
0;0.004;erhoehest
0;0.004;erhoehte
0;0.004;erhoehst
0;0.004;erhoehten
0;0.004;erhoehtet
0;0.004;erhoehe
0;0.004;erkennbar
0;0.004;erkennbare
0;0.004;erkennbarste
0;0.004;erkennbarer
0;0.004;erkennbarstes
0;0.004;erkennbares
0;0.004;erkennbarster
0;0.004;erkennbarerer
0;0.004;erkennbareres
0;0.004;erkennbarem
0;0.004;erkennbareren
0;0.004;erkennbarstem
0;0.004;erkennbaren
0;0.004;erkennbarere
0;0.004;erkennbarsten
0;0.004;erkennbarerem
0;0.004;erklimmen
0;0.004;erklimme
0;0.004;erklimmst
0;0.004;erklimmt
0;0.004;erklimmest
0;0.004;erklimmet
0;0.004;erklomm
0;0.004;erklommst
0;0.004;erklommen
0;0.004;erklommt
0;0.004;erkloemme
0;0.004;erkloemmest
0;0.004;erkloemmst
0;0.004;erkloemmen
0;0.004;erkloemmet
0;0.004;erkloemmt
0;0.004;erklaert
0;0.004;erklaerte
0;0.004;erklaerter
0;0.004;erklaertere
0;0.004;erklaertes
0;0.004;erklaerten
0;0.004;erklaertem
0;0.004;erklaerteren
0;0.004;erklaerterem
0;0.004;erklaerteste
0;0.004;erklaerterer
0;0.004;erklaerteres
0;0.004;erklaertester
0;0.004;erklaertestes
0;0.004;erklaertestem
0;0.004;erklaertesten
0;0.004;erlauben
0;0.004;erlaubst
0;0.004;erlaubtet
0;0.004;erlaube
0;0.004;erlaubt
0;0.004;erlaubtest
0;0.004;erlaubte
0;0.004;erlaubest
0;0.004;erlaubet
0;0.004;erlaubten
0;0.004;erleichtern
0;0.004;erleichterten
0;0.004;erleichterte
0;0.004;erleichterst
0;0.004;erleichtert
0;0.004;erleichtere
0;0.004;erleichteren
0;0.004;erleichtertest
0;0.004;erleichtertet
0;0.004;erleuchten
0;0.004;erleuchte
0;0.004;erleuchtest
0;0.004;erleuchtet
0;0.004;erleuchtete
0;0.004;erleuchtetest
0;0.004;erleuchteten
0;0.004;erleuchtetet
0;0.004;erloesen
0;0.004;erloeset
0;0.004;erloese
0;0.004;erloest
0;0.004;erloesten
0;0.004;erloeste
0;0.004;erloestest
0;0.004;erloestet
0;0.004;erloesest
0;0.004;ermunternd
0;0.004;ermunternde
0;0.004;ermunterndem
0;0.004;ermunternden
0;0.004;ermunternder
0;0.004;ermunterndes
0;0.004;ermunterndere
0;0.004;ermunternderem
0;0.004;ermunternderen
0;0.004;ermunternderer
0;0.004;ermunternderes
0;0.004;ermunterndste
0;0.004;ermunterndstem
0;0.004;ermunterndsten
0;0.004;ermunterndster
0;0.004;ermunterndstes
0;0.004;ermutigen
0;0.004;ermutiget
0;0.004;ermutigst
0;0.004;ermutigest
0;0.004;ermutige
0;0.004;ermutigte
0;0.004;ermutigtet
0;0.004;ermutigt
0;0.004;ermutigtest
0;0.004;ermutigten
0;0.0735;ermutigend
0;0.0735;ermutigende
0;0.0735;ermutigendem
0;0.0735;ermutigenden
0;0.0735;ermutigender
0;0.0735;ermutigendes
0;0.0735;ermutigendere
0;0.0735;ermutigenderem
0;0.0735;ermutigenderen
0;0.0735;ermutigenderer
0;0.0735;ermutigenderes
0;0.0735;ermutigendste
0;0.0735;ermutigendstem
0;0.0735;ermutigendsten
0;0.0735;ermutigendster
0;0.0735;ermutigendstes
0;0.004;ermoeglichen
0;0.004;ermoegliche
0;0.004;ermoeglicht
0;0.004;ermoeglichst
0;0.004;ermoeglichtet
0;0.004;ermoeglichte
0;0.004;ermoeglichtest
0;0.004;ermoeglichet
0;0.004;ermoeglichest
0;0.004;ermoeglichten
0;0.004;erneuern
0;0.004;erneuertet
0;0.004;erneuertest
0;0.004;erneuere
0;0.004;erneuert
0;0.004;erneuerst
0;0.004;erneuerte
0;0.004;erneueren
0;0.004;erneuerten
0;0.004;ernsthaft
0;0.004;ernsthaftem
0;0.004;ernsthaften
0;0.004;ernsthafter
0;0.004;ernsthaftes
0;0.004;ernsthafteres
0;0.004;ernsthafterer
0;0.004;ernsthafterem
0;0.004;ernsthafteren
0;0.004;ernsthaftester
0;0.004;ernsthaftestes
0;0.004;ernsthaftesten
0;0.004;ernsthafteste
0;0.004;ernsthafte
0;0.004;ernsthaftestem
0;0.004;ernsthaftere
0;0.004;erreichen
0;0.004;erreichten
0;0.004;erreichst
0;0.004;erreichte
0;0.004;erreichtet
0;0.004;erreichest
0;0.004;erreichet
0;0.004;erreiche
0;0.004;erreicht
0;0.004;erreichtest
0;0.004;erschaffen
0;0.004;erschaffe
0;0.004;erschaffst
0;0.004;erschafft
0;0.004;erschaffest
0;0.004;erschaffet
0;0.004;erschuf
0;0.004;erschufst
0;0.004;erschufen
0;0.004;erschuefe
0;0.004;erschuefest
0;0.004;erschuefst
0;0.004;erschuefen
0;0.004;erschuefet
0;0.004;erschueft
0;0.004;erschlossen
0;0.004;erschlossene
0;0.004;erschlossenem
0;0.004;erschlossenen
0;0.004;erschlossener
0;0.004;erschlossenes
0;0.004;erspriesslich
0;0.004;erspriesslicher
0;0.004;erspriessliches
0;0.004;erspriesslichere
0;0.004;erspriesslichste
0;0.004;erspriesslichem
0;0.004;erspriesslichen
0;0.004;erspriesslicherer
0;0.004;erspriesslicheren
0;0.004;erspriesslicherem
0;0.004;erspriesslichstem
0;0.004;erspriesslichsten
0;0.004;erspriessliche
0;0.004;erspriesslichster
0;0.004;erspriesslichstes
0;0.004;erspriesslicheres
0;0.004;erstaunen
0;0.004;erstaunten
0;0.004;erstaunte
0;0.004;erstaunst
0;0.004;erstaunet
0;0.004;erstauntet
0;0.004;erstauntest
0;0.004;erstaunt
0;0.004;erstaune
0;0.004;erstaunest
0;0.004;erstaunlich
0;0.004;erstaunlichste
0;0.004;erstaunlichere
0;0.004;erstaunlicheren
0;0.004;erstaunliches
0;0.004;erstaunlichstem
0;0.004;erstaunlicher
0;0.004;erstaunlicherem
0;0.004;erstaunlichstes
0;0.004;erstaunlichem
0;0.004;erstaunlichster
0;0.004;erstaunlichen
0;0.004;erstaunlicheres
0;0.004;erstaunlichsten
0;0.004;erstaunliche
0;0.004;erstaunlicherer
0;0.1967;erstklassig
0;0.1967;erstklassige
0;0.1967;erstklassigste
0;0.1967;erstklassigeres
0;0.1967;erstklassiges
0;0.1967;erstklassigerer
0;0.1967;erstklassigstem
0;0.1967;erstklassigsten
0;0.1967;erstklassiger
0;0.1967;erstklassigster
0;0.1967;erstklassigem
0;0.1967;erstklassigstes
0;0.1967;erstklassigen
0;0.1967;erstklassigere
0;0.1967;erstklassigeren
0;0.1967;erstklassigerem
0;0.004;erstrangig
0;0.004;erstrangigste
0;0.004;erstrangigstes
0;0.004;erstrangigster
0;0.004;erstrangiger
0;0.004;erstrangiges
0;0.004;erstrangige
0;0.004;erstrangigem
0;0.004;erstrangigere
0;0.004;erstrangigen
0;0.004;erstrangigeren
0;0.004;erstrangigerem
0;0.004;erstrangigsten
0;0.004;erstrangigeres
0;0.004;erstrangigerer
0;0.004;erstrangigstem
0;0.0765;erstrebenswert
0;0.0765;erstrebenswerten
0;0.0765;erstrebenswerteres
0;0.0765;erstrebenswertem
0;0.0765;erstrebenswerter
0;0.0765;erstrebenswertes
0;0.0765;erstrebenswertestem
0;0.0765;erstrebenswertesten
0;0.0765;erstrebenswerterer
0;0.0765;erstrebenswertester
0;0.0765;erstrebenswertestes
0;0.0765;erstrebenswerteste
0;0.0765;erstrebenswerte
0;0.0765;erstrebenswerteren
0;0.0765;erstrebenswerterem
0;0.0765;erstrebenswertere
0;0.004;ertragreich
0;0.004;ertragreichere
0;0.004;ertragreichstem
0;0.004;ertragreichem
0;0.004;ertragreichen
0;0.004;ertragreicherem
0;0.004;ertragreichsten
0;0.004;ertragreicher
0;0.004;ertragreiches
0;0.004;ertragreichster
0;0.004;ertragreichstes
0;0.004;ertragreiche
0;0.004;ertragreicheres
0;0.004;ertragreicherer
0;0.004;ertragreicheren
0;0.004;ertragreichste
0;0.004;erweitern
0;0.004;erweitere
0;0.004;erweiterten
0;0.004;erweiteren
0;0.004;erweiterst
0;0.004;erweitertest
0;0.004;erweitertet
0;0.004;erweiterte
0;0.004;erweitert
0;0.004;erweitert
0;0.004;erweiterte
0;0.004;erweitertem
0;0.004;erweiterten
0;0.004;erweiterter
0;0.004;erweitertes
0;0.004;erweitertere
0;0.004;erweiterterem
0;0.004;erweiterteren
0;0.004;erweiterterer
0;0.004;erweiterteres
0;0.004;erweitertste
0;0.004;erweitertstem
0;0.004;erweitertsten
0;0.004;erweitertster
0;0.004;erweitertstes
0;0.004;erwuenscht
0;0.004;erwuenschtesten
0;0.004;erwuenschtestem
0;0.004;erwuenschten
0;0.004;erwuenschtem
0;0.004;erwuenschte
0;0.004;erwuenschterer
0;0.004;erwuenschteres
0;0.004;erwuenschtes
0;0.004;erwuenschter
0;0.004;erwuenschteste
0;0.004;erwuenschtestes
0;0.004;erwuenschtester
0;0.004;erwuenschteren
0;0.004;erwuenschtere
0;0.004;erwuenschterem
0;0.004;erzeugen
0;0.004;erzeuge
0;0.004;erzeugten
0;0.004;erzeuget
0;0.004;erzeugtest
0;0.004;erzeugest
0;0.004;erzeugte
0;0.004;erzeugst
0;0.004;erzeugt
0;0.004;erzeugtet
0;0.004;erzielen
0;0.004;erzielst
0;0.004;erzielte
0;0.004;erzielest
0;0.004;erziele
0;0.004;erzielt
0;0.004;erzieltest
0;0.004;erzielten
0;0.004;erzielet
0;0.004;erzieltet
0;0.004;etabliert
0;0.004;etablierteste
0;0.004;etablierterem
0;0.004;etabliertere
0;0.004;etabliertestes
0;0.004;etabliertester
0;0.004;etabliertem
0;0.004;etablierten
0;0.004;etablierte
0;0.004;etablierter
0;0.004;etablierteren
0;0.004;etabliertes
0;0.004;etablierterer
0;0.004;etablierteres
0;0.004;etabliertesten
0;0.004;etabliertestem
0;0.5505;euphorisch
0;0.5505;euphorischerem
0;0.5505;euphorische
0;0.5505;euphorisches
0;0.5505;euphorischstes
0;0.5505;euphorischster
0;0.5505;euphorischste
0;0.5505;euphorischeres
0;0.5505;euphorischstem
0;0.5505;euphorischerer
0;0.5505;euphorischem
0;0.5505;euphorischen
0;0.5505;euphorischere
0;0.5505;euphorischeren
0;0.5505;euphorischsten
0;0.5505;euphorischer
0;0.004;exakt
0;0.004;exaktere
0;0.004;exakterer
0;0.004;exaktem
0;0.004;exakteres
0;0.004;exakte
0;0.004;exaktes
0;0.004;exakter
0;0.004;exakteste
0;0.004;exaktestem
0;0.004;exakterem
0;0.004;exakten
0;0.004;exakteren
0;0.004;exaktester
0;0.004;exaktestes
0;0.004;exaktesten
0;0.004;exklusiv
0;0.004;exklusivstem
0;0.004;exklusivsten
0;0.004;exklusivster
0;0.004;exklusivstes
0;0.004;exklusivem
0;0.004;exklusiven
0;0.004;exklusives
0;0.004;exklusiver
0;0.004;exklusivste
0;0.004;exklusiverem
0;0.004;exklusiveren
0;0.004;exklusive
0;0.004;exklusiveres
0;0.004;exklusivere
0;0.004;exklusiverer
0;0.004;exorbitant
0;0.004;exorbitante
0;0.004;exorbitanteres
0;0.004;exorbitantestem
0;0.004;exorbitantesten
0;0.004;exorbitanterer
0;0.004;exorbitanter
0;0.004;exorbitantere
0;0.004;exorbitantes
0;0.004;exorbitantem
0;0.004;exorbitanten
0;0.004;exorbitanteren
0;0.004;exorbitanterem
0;0.004;exorbitanteste
0;0.004;exorbitantestes
0;0.004;exorbitantester
0;0.1944;exotisch
0;0.1944;exotischste
0;0.1944;exotische
0;0.1944;exotischerer
0;0.1944;exotischem
0;0.1944;exotischeres
0;0.1944;exotischer
0;0.1944;exotisches
0;0.1944;exotischstem
0;0.1944;exotischsten
0;0.1944;exotischstes
0;0.1944;exotischen
0;0.1944;exotischster
0;0.1944;exotischere
0;0.1944;exotischerem
0;0.1944;exotischeren
0;0.004;explosiv
0;0.004;explosive
0;0.004;explosivstes
0;0.004;explosiver
0;0.004;explosivster
0;0.004;explosives
0;0.004;explosiven
0;0.004;explosiverer
0;0.004;explosivsten
0;0.004;explosivem
0;0.004;explosiveres
0;0.004;explosivstem
0;0.004;explosivere
0;0.004;explosiveren
0;0.004;explosiverem
0;0.004;explosivste
0;0.004;exponiert
0;0.004;exponierte
0;0.004;exponierteren
0;0.004;exponierteres
0;0.004;exponierterer
0;0.004;exponiertes
0;0.004;exponiertere
0;0.004;exponierteste
0;0.004;exponiertester
0;0.004;exponierterem
0;0.004;exponiertestes
0;0.004;exponiertestem
0;0.004;exponiertesten
0;0.004;exponiertem
0;0.004;exponierten
0;0.004;exponierter
0;0.004;exquisit
0;0.004;exquisiteste
0;0.004;exquisite
0;0.004;exquisitere
0;0.004;exquisitestes
0;0.004;exquisitem
0;0.004;exquisiten
0;0.004;exquisiterer
0;0.004;exquisiter
0;0.004;exquisiteres
0;0.004;exquisites
0;0.004;exquisitestem
0;0.004;exquisitesten
0;0.004;exquisiteren
0;0.004;exquisitester
0;0.004;exquisiterem
0;0.004;extravagant
0;0.004;extravagante
0;0.004;extravaganteste
0;0.004;extravaganterem
0;0.004;extravaganteren
0;0.004;extravaganteres
0;0.004;extravagantere
0;0.004;extravaganterer
0;0.004;extravagantestes
0;0.004;extravaganten
0;0.004;extravagantester
0;0.004;extravagantem
0;0.004;extravagantestem
0;0.004;extravaganter
0;0.004;extravagantesten
0;0.004;extravagantes
0;0.4198;exzellent
0;0.4198;exzellentere
0;0.4198;exzellenterem
0;0.4198;exzellenteren
0;0.4198;exzellenterer
0;0.4198;exzellenteres
0;0.4198;exzellente
0;0.4198;exzellentesten
0;0.4198;exzellenteste
0;0.4198;exzellentestem
0;0.4198;exzellentester
0;0.4198;exzellentestes
0;0.4198;exzellenten
0;0.4198;exzellentem
0;0.4198;exzellentes
0;0.4198;exzellenter
0;0.1952;fabelhaft
0;0.1952;fabelhafteste
0;0.1952;fabelhafterer
0;0.1952;fabelhaftestes
0;0.1952;fabelhaftester
0;0.1952;fabelhafte
0;0.1952;fabelhafteren
0;0.1952;fabelhaftestem
0;0.1952;fabelhaftem
0;0.1952;fabelhafterem
0;0.1952;fabelhaften
0;0.1952;fabelhaftesten
0;0.1952;fabelhaftes
0;0.1952;fabelhafter
0;0.1952;fabelhafteres
0;0.1952;fabelhaftere
0;0.3281;fair
0;0.3281;fairen
0;0.3281;fairem
0;0.3281;fairster
0;0.3281;fairstes
0;0.3281;fairste
0;0.3281;fairerem
0;0.3281;faireren
0;0.3281;fairstem
0;0.3281;fairerer
0;0.3281;fairsten
0;0.3281;faireres
0;0.3281;fairere
0;0.3281;faires
0;0.3281;fairer
0;0.3281;faire
0;0.2018;famos
0;0.2018;famoserem
0;0.2018;famoses
0;0.2018;famoseste
0;0.2018;famoser
0;0.2018;famoseren
0;0.2018;famosere
0;0.2018;famose
0;0.2018;famosestem
0;0.2018;famosesten
0;0.2018;famosester
0;0.2018;famosestes
0;0.2018;famosem
0;0.2018;famoseres
0;0.2018;famosen
0;0.2018;famoserer
0;0.004;fantasievoll
0;0.004;fantasievolle
0;0.004;fantasievolleren
0;0.004;fantasievollerem
0;0.004;fantasievoller
0;0.004;fantasievollsten
0;0.004;fantasievollstem
0;0.004;fantasievolles
0;0.004;fantasievollstes
0;0.004;fantasievollen
0;0.004;fantasievollster
0;0.004;fantasievollem
0;0.004;fantasievolleres
0;0.004;fantasievollerer
0;0.004;fantasievollere
0;0.004;fantasievollste
0;0.3319;fantastisch
0;0.3319;fantastische
0;0.3319;fantastischem
0;0.3319;fantastischen
0;0.3319;fantastischer
0;0.3319;fantastisches
0;0.3319;fantastischere
0;0.3319;fantastischerem
0;0.3319;fantastischeren
0;0.3319;fantastischerer
0;0.3319;fantastischeres
0;0.3319;fantastischste
0;0.3319;fantastischstem
0;0.3319;fantastischsten
0;0.3319;fantastischster
0;0.3319;fantastischstes
0;0.0663;faszinieren
0;0.0663;fasziniere
0;0.0663;fasziniert
0;0.0663;fasziniertet
0;0.0663;faszinierst
0;0.0663;faszinierte
0;0.0663;faszinierten
0;0.0663;faszinieret
0;0.0663;fasziniertest
0;0.0663;faszinierest
0;0.3037;faszinierend
0;0.3037;faszinierende
0;0.3037;faszinierendem
0;0.3037;faszinierenden
0;0.3037;faszinierender
0;0.3037;faszinierendes
0;0.3037;faszinierendere
0;0.3037;faszinierenderem
0;0.3037;faszinierenderen
0;0.3037;faszinierenderer
0;0.3037;faszinierenderes
0;0.3037;faszinierendste
0;0.3037;faszinierendstem
0;0.3037;faszinierendsten
0;0.3037;faszinierendster
0;0.3037;faszinierendstes
0;0.004;favorisieren
0;0.004;favorisierst
0;0.004;favorisieret
0;0.004;favorisier
0;0.004;favorisierte
0;0.004;favorisiertet
0;0.004;favorisierest
0;0.004;favorisiere
0;0.004;favorisierten
0;0.004;favorisiert
0;0.004;fehlerfrei
0;0.004;fehlerfreistes
0;0.004;fehlerfreister
0;0.004;fehlerfreiste
0;0.004;fehlerfreie
0;0.004;fehlerfreiere
0;0.004;fehlerfreiest
0;0.004;fehlerfreisten
0;0.004;fehlerfreistem
0;0.004;fehlerfreiesten
0;0.004;fehlerfreiestem
0;0.004;fehlerfreiestes
0;0.004;fehlerfreiem
0;0.004;fehlerfreien
0;0.004;fehlerfreierem
0;0.004;fehlerfreies
0;0.004;fehlerfreiester
0;0.004;fehlerfreier
0;0.004;fehlerfreieren
0;0.004;fehlerfreieres
0;0.004;fehlerfreierer
0;0.004;fehlerfreieste
0;0.494;feiern
0;0.494;gefeiert
0;0.494;feiert
0;0.494;feiertest
0;0.494;feiere
0;0.494;feiertet
0;0.494;feierest
0;0.494;feieret
0;0.494;feierte
0;0.494;feierten
0;0.494;feieren
0;0.494;feierst
0;0.4734;fein
0;0.4734;feinem
0;0.4734;feinen
0;0.4734;feinsten
0;0.4734;feinstem
0;0.4734;feinstes
0;0.4734;feinster
0;0.4734;feine
0;0.4734;feinere
0;0.4734;feinerem
0;0.4734;feinste
0;0.4734;feineren
0;0.4734;feines
0;0.4734;feiner
0;0.4734;feinerer
0;0.4734;feineres
0;0.3757;fertig
0;0.3757;fertigstes
0;0.3757;fertigster
0;0.3757;fertigstem
0;0.3757;fertigsten
0;0.3757;fertigeres
0;0.3757;fertigem
0;0.3757;fertigerer
0;0.3757;fertigere
0;0.3757;fertige
0;0.3757;fertiger
0;0.3757;fertigste
0;0.3757;fertiges
0;0.3757;fertigen
0;0.3757;fertigerem
0;0.3757;fertigeren
0;0.004;fertigen
0;0.004;fertigten
0;0.004;fertigest
0;0.004;fertige
0;0.004;fertigt
0;0.004;fertigtest
0;0.004;fertiget
0;0.004;gefertigt
0;0.004;fertigtet
0;0.004;fertigte
0;0.004;fertigst
0;0.0806;fesch
0;0.0806;feschen
0;0.0806;feschem
0;0.0806;feschester
0;0.0806;feschere
0;0.0806;fescherem
0;0.0806;fesches
0;0.0806;feschestes
0;0.0806;fescher
0;0.0806;fescheren
0;0.0806;feschesten
0;0.0806;feschestem
0;0.0806;feschstes
0;0.0806;fescheste
0;0.0806;feschste
0;0.0806;fescherer
0;0.0806;fesche
0;0.0806;feschster
0;0.0806;feschst
0;0.0806;feschsten
0;0.0806;feschstem
0;0.0806;fescheres
0;0.004;fesselnd
0;0.004;fesselnde
0;0.004;fesselndem
0;0.004;fesselnden
0;0.004;fesselnder
0;0.004;fesselndes
0;0.004;fesselndere
0;0.004;fesselnderem
0;0.004;fesselnderen
0;0.004;fesselnderer
0;0.004;fesselnderes
0;0.004;fesselndste
0;0.004;fesselndstem
0;0.004;fesselndsten
0;0.004;fesselndster
0;0.004;fesselndstes
0;0.2021;festlich
0;0.2021;festlicher
0;0.2021;festlichere
0;0.2021;festlicherem
0;0.2021;festlichen
0;0.2021;festlichem
0;0.2021;festlichstes
0;0.2021;festlichster
0;0.2021;festlicheren
0;0.2021;festlicheres
0;0.2021;festlicherer
0;0.2021;festlichstem
0;0.2021;festlichsten
0;0.2021;festliche
0;0.2021;festliches
0;0.2021;festlichste
0;0.004;fidel
0;0.004;fidelerem
0;0.004;fideleren
0;0.004;fidelste
0;0.004;fidelere
0;0.004;fidelster
0;0.004;fideleres
0;0.004;fidelstes
0;0.004;fidelerer
0;0.004;fidelsten
0;0.004;fidelstem
0;0.004;fidele
0;0.004;fidelen
0;0.004;fidelem
0;0.004;fideles
0;0.004;fideler
0;0.004;finanzieren
0;0.004;fasziniere
0;0.004;faszinierst
0;0.004;fasziniert
0;0.004;faszinierest
0;0.004;faszinieret
0;0.004;faszinierte
0;0.004;fasziniertest
0;0.004;faszinierten
0;0.004;fasziniertet
0;0.004;findig
0;0.004;findigem
0;0.004;findigerem
0;0.004;findigeren
0;0.004;findige
0;0.004;findigerer
0;0.004;findigere
0;0.004;findigste
0;0.004;findigstem
0;0.004;findigsten
0;0.004;findigeres
0;0.004;findigstes
0;0.004;findigster
0;0.004;findiges
0;0.004;findiger
0;0.004;findigen
0;0.3686;fit
0;0.3686;fitte
0;0.3686;fittem
0;0.3686;fitten
0;0.3686;fitter
0;0.3686;fittes
0;0.3686;fittere
0;0.3686;fitterem
0;0.3686;fitteren
0;0.3686;fitterer
0;0.3686;fitteres
0;0.3686;fitteste
0;0.3686;fittestem
0;0.3686;fittesten
0;0.3686;fittester
0;0.3686;fittestes
0;0.3571;fleissig
0;0.3571;fleissigste
0;0.3571;fleissige
0;0.3571;fleissigem
0;0.3571;fleissigstes
0;0.3571;fleissigster
0;0.3571;fleissiges
0;0.3571;fleissiger
0;0.3571;fleissigere
0;0.3571;fleissigen
0;0.3571;fleissigerer
0;0.3571;fleissigeres
0;0.3571;fleissigeren
0;0.3571;fleissigstem
0;0.3571;fleissigsten
0;0.3571;fleissigerem
0;0.004;flexibel
0;0.004;flexiblen
0;0.004;flexiblem
0;0.004;flexibler
0;0.004;flexiblerem
0;0.004;flexibles
0;0.004;flexible
0;0.004;flexiblere
0;0.004;flexibelstes
0;0.004;flexibelste
0;0.004;flexibleren
0;0.004;flexibelster
0;0.004;flexibleres
0;0.004;flexiblerer
0;0.004;flexibelstem
0;0.004;flexibelsten
0;0.0878;flink
0;0.0878;flinkeren
0;0.0878;flinkem
0;0.0878;flinken
0;0.0878;flinkerem
0;0.0878;flinke
0;0.0878;flinkes
0;0.0878;flinker
0;0.0878;flinkstes
0;0.0878;flinkster
0;0.0878;flinkste
0;0.0878;flinkerer
0;0.0878;flinkstem
0;0.0878;flinkere
0;0.0878;flinkeres
0;0.0878;flinksten
0;0.004;florieren
0;0.004;florierte
0;0.004;florierst
0;0.004;florierest
0;0.004;floriertet
0;0.004;florierten
0;0.004;floriert
0;0.004;florieret
0;0.004;floriertest
0;0.004;floriere
0;0.3394;flott
0;0.3394;flotte
0;0.3394;flotteste
0;0.3394;flotterem
0;0.3394;flotteren
0;0.3394;flotten
0;0.3394;flotterer
0;0.3394;flottem
0;0.3394;flottester
0;0.3394;flotter
0;0.3394;flottestes
0;0.3394;flottes
0;0.3394;flotteres
0;0.3394;flottesten
0;0.3394;flottestem
0;0.3394;flottere
0;0.2229;fluessig
0;0.2229;fluessigere
0;0.2229;fluessigste
0;0.2229;fluessige
0;0.2229;fluessigster
0;0.2229;fluessiges
0;0.2229;fluessigstes
0;0.2229;fluessiger
0;0.2229;fluessigen
0;0.2229;fluessigerer
0;0.2229;fluessigem
0;0.2229;fluessigeres
0;0.2229;fluessigeren
0;0.2229;fluessigstem
0;0.2229;fluessigsten
0;0.2229;fluessigerem
0;0.004;formvollendet
0;0.004;formvollendetstes
0;0.004;formvollendeteres
0;0.004;formvollendetster
0;0.004;formvollendetem
0;0.004;formvollendeten
0;0.004;formvollendetstem
0;0.004;formvollendetsten
0;0.004;formvollendeter
0;0.004;formvollendeterer
0;0.004;formvollendetes
0;0.004;formvollendeterem
0;0.004;formvollendeteren
0;0.004;formvollendetste
0;0.004;formvollendetere
0;0.004;formvollendete
0;0.004;fortdauernd
0;0.004;fortdauernde
0;0.004;fortdauerndem
0;0.004;fortdauernden
0;0.004;fortdauernder
0;0.004;fortdauerndes
0;0.004;fortdauerndere
0;0.004;fortdauernderem
0;0.004;fortdauernderen
0;0.004;fortdauernderer
0;0.004;fortdauernderes
0;0.004;fortdauerndste
0;0.004;fortdauerndstem
0;0.004;fortdauerndsten
0;0.004;fortdauerndster
0;0.004;fortdauerndstes
0;0.004;fortschreiten
0;0.004;fortschreite
0;0.004;fortschreitest
0;0.004;fortschreitet
0;0.004;fortschritt
0;0.004;fortschrittest
0;0.004;fortschritten
0;0.004;fortschrittet
0;0.004;fortschritte
0;0.004;fortgeschritten
0;0.004;frei
0;0.004;freiestem
0;0.004;freiesten
0;0.004;freiste
0;0.004;freistem
0;0.004;freisten
0;0.004;freistes
0;0.004;freister
0;0.004;freieres
0;0.004;freiere
0;0.004;freierer
0;0.004;freieste
0;0.004;freiest
0;0.004;freier
0;0.004;freieren
0;0.004;freiester
0;0.004;freierem
0;0.004;freies
0;0.004;freien
0;0.004;freiestes
0;0.004;freiem
0;0.004;freie
0;0.004;freikommen
0;0.004;freikomme
0;0.004;freikommst
0;0.004;freikommt
0;0.004;freikommest
0;0.004;freikommet
0;0.004;freikam
0;0.004;freikamst
0;0.004;freikamen
0;0.004;freikamt
0;0.004;freikaeme
0;0.004;freikaemest
0;0.004;freikaemst
0;0.004;freikaemen
0;0.004;freikaemet
0;0.004;freikaemt
0;0.004;freigekommen
0;0.004;freisprechen
0;0.004;freispreche
0;0.004;freisprichst
0;0.004;freispricht
0;0.004;freisprecht
0;0.004;freisprechest
0;0.004;freisprechet
0;0.004;freisprach
0;0.004;freisprachst
0;0.004;freisprachen
0;0.004;freispracht
0;0.004;freispraeche
0;0.004;freispraechest
0;0.004;freispraechst
0;0.004;freispraechen
0;0.004;freispraechet
0;0.004;freispraecht
0;0.004;freiwillig
0;0.004;freiwilligste
0;0.004;freiwilligere
0;0.004;freiwilligster
0;0.004;freiwilligstes
0;0.004;freiwilligeren
0;0.004;freiwilligerem
0;0.004;freiwilligsten
0;0.004;freiwilligstem
0;0.004;freiwillige
0;0.004;freiwilliger
0;0.004;freiwilliges
0;0.004;freiwilligem
0;0.004;freiwilligeres
0;0.004;freiwilligen
0;0.004;freiwilligerer
0;0.3256;freudig
0;0.3256;freudigstem
0;0.3256;freudigere
0;0.3256;freudigste
0;0.3256;freudigeren
0;0.3256;freudigerem
0;0.3256;freudigen
0;0.3256;freudigem
0;0.3256;freudiger
0;0.3256;freudige
0;0.3256;freudigeres
0;0.3256;freudiges
0;0.3256;freudigerer
0;0.3256;freudigster
0;0.3256;freudigstes
0;0.3256;freudigsten
0;0.2198;freuen
0;0.2198;freute
0;0.2198;freust
0;0.2198;freutest
0;0.2198;freut
0;0.2198;freue
0;0.2198;freuet
0;0.2198;freuten
0;0.2198;freuest
0;0.2198;freutet
0;0.2198;gefreut
0;0.6022;freundlich
0;0.6022;freundlichsten
0;0.6022;freundlichstem
0;0.6022;freundlicheren
0;0.6022;freundlichen
0;0.6022;freundlicherem
0;0.6022;freundlichem
0;0.6022;freundlicheres
0;0.6022;freundlicherer
0;0.6022;freundlichere
0;0.6022;freundlicher
0;0.6022;freundliche
0;0.6022;freundlichster
0;0.6022;freundlichste
0;0.6022;freundlichstes
0;0.6022;freundliches
0;0.004;freundschaftlich
0;0.004;freundschaftlichste
0;0.004;freundschaftliche
0;0.004;freundschaftlicherer
0;0.004;freundschaftlicheres
0;0.004;freundschaftlicheren
0;0.004;freundschaftlicherem
0;0.004;freundschaftlichem
0;0.004;freundschaftlichsten
0;0.004;freundschaftlichstem
0;0.004;freundschaftlichen
0;0.004;freundschaftlichere
0;0.004;freundschaftlicher
0;0.004;freundschaftliches
0;0.004;freundschaftlichstes
0;0.004;freundschaftlichster
0;0.0924;friedlich
0;0.0924;friedlichsten
0;0.0924;friedliches
0;0.0924;friedlicherem
0;0.0924;friedliche
0;0.0924;friedlichster
0;0.0924;friedlichste
0;0.0924;friedlichstes
0;0.0924;friedlicheren
0;0.0924;friedlicher
0;0.0924;friedlicheres
0;0.0924;friedlicherer
0;0.0924;friedlichem
0;0.0924;friedlichen
0;0.0924;friedlichere
0;0.0924;friedlichstem
0;0.0908;friedvoll
0;0.0908;friedvolle
0;0.0908;friedvollem
0;0.0908;friedvollen
0;0.0908;friedvoller
0;0.0908;friedvolles
0;0.0908;friedvollere
0;0.0908;friedvollerem
0;0.0908;friedvolleren
0;0.0908;friedvollerer
0;0.0908;friedvolleres
0;0.0908;friedvollste
0;0.0908;friedvollstem
0;0.0908;friedvollsten
0;0.0908;friedvollster
0;0.0908;friedvollstes
0;0.1364;froh
0;0.1364;froher
0;0.1364;frohes
0;0.1364;froheres
0;0.1364;frohster
0;0.1364;frohstes
0;0.1364;frohe
0;0.1364;frohere
0;0.1364;frohste
0;0.1364;frohstem
0;0.1364;frohsten
0;0.1364;froheren
0;0.1364;froherem
0;0.1364;frohem
0;0.1364;froherer
0;0.1364;frohen
0;0.004;frohlocken
0;0.004;frohlocktest
0;0.004;frohlocke
0;0.004;frohlockt
0;0.004;frohlockte
0;0.004;frohlocket
0;0.004;frohlock
0;0.004;frohlockten
0;0.004;frohlockest
0;0.004;frohlocktet
0;0.004;gefrohlockt
0;0.0878;fruchtbar
0;0.0878;fruchtbarster
0;0.0878;fruchtbarste
0;0.0878;fruchtbarstes
0;0.0878;fruchtbarsten
0;0.0878;fruchtbarere
0;0.0878;fruchtbarstem
0;0.0878;fruchtbaren
0;0.0878;fruchtbarerer
0;0.0878;fruchtbarem
0;0.0878;fruchtbarerem
0;0.0878;fruchtbare
0;0.0878;fruchtbareren
0;0.0878;fruchtbarer
0;0.0878;fruchtbares
0;0.0878;fruchtbareres
0;0.2501;froehlich
0;0.2501;froehlichen
0;0.2501;froehlichere
0;0.2501;froehlicherer
0;0.2501;froehlichem
0;0.2501;froehlicheres
0;0.2501;froehlichstes
0;0.2501;froehliche
0;0.2501;froehlichster
0;0.2501;froehlicher
0;0.2501;froehlichstem
0;0.2501;froehlichsten
0;0.2501;froehliches
0;0.2501;froehlicheren
0;0.2501;froehlicherem
0;0.2501;froehlichste
0;0.004;fulminant
0;0.004;fulminantestem
0;0.004;fulminantesten
0;0.004;fulminanteren
0;0.004;fulminanteres
0;0.004;fulminanterer
0;0.004;fulminantes
0;0.004;fulminante
0;0.004;fulminanterem
0;0.004;fulminanter
0;0.004;fulminanteste
0;0.004;fulminanten
0;0.004;fulminantem
0;0.004;fulminantestes
0;0.004;fulminantere
0;0.004;fulminantester
0;0.004;funkeln
0;0.004;funkele
0;0.004;funkle
0;0.004;funkelst
0;0.004;funkelt
0;0.004;funklest
0;0.004;funklet
0;0.004;funkelte
0;0.004;funkeltest
0;0.004;funkelten
0;0.004;funkeltet
0;0.004;gefunkelt
0;0.004;funktionieren
0;0.004;funktionierest
0;0.004;funktioniertet
0;0.004;funktionieret
0;0.004;funktioniere
0;0.004;funktioniert
0;0.004;funktionierten
0;0.004;funktionierst
0;0.004;funktionierte
0;0.004;funktioniertest
0;0.2022;funktionierend
0;0.2022;funktionierende
0;0.2022;funktionierendem
0;0.2022;funktionierenden
0;0.2022;funktionierender
0;0.2022;funktionierendes
0;0.2022;funktionierendere
0;0.2022;funktionierenderem
0;0.2022;funktionierenderen
0;0.2022;funktionierenderer
0;0.2022;funktionierenderes
0;0.2022;funktionierendste
0;0.2022;funktionierendstem
0;0.2022;funktionierendsten
0;0.2022;funktionierendster
0;0.2022;funktionierendstes
0;0.004;funktionsfaehig
0;0.004;funktionsfaehigen
0;0.004;funktionsfaehigste
0;0.004;funktionsfaehigem
0;0.004;funktionsfaehige
0;0.004;funktionsfaehigsten
0;0.004;funktionsfaehigeres
0;0.004;funktionsfaehigstem
0;0.004;funktionsfaehigster
0;0.004;funktionsfaehigerer
0;0.004;funktionsfaehigstes
0;0.004;funktionsfaehigere
0;0.004;funktionsfaehigerem
0;0.004;funktionsfaehigeren
0;0.004;funktionsfaehiger
0;0.004;funktionsfaehiges
0;0.004;furchtlos
0;0.004;furchtlosesten
0;0.004;furchtlosestem
0;0.004;furchtlosester
0;0.004;furchtlose
0;0.004;furchtloses
0;0.004;furchtloser
0;0.004;furchtlosere
0;0.004;furchtloseste
0;0.004;furchtlosestes
0;0.004;furchtlosem
0;0.004;furchtloserer
0;0.004;furchtlosen
0;0.004;furchtloseres
0;0.004;furchtloserem
0;0.004;furchtloseren
0;0.004;faehig
0;0.004;faehigeres
0;0.004;faehigerer
0;0.004;faehige
0;0.004;faehigem
0;0.004;faehigen
0;0.004;faehiges
0;0.004;faehiger
0;0.004;faehigstes
0;0.004;faehigster
0;0.004;faehigste
0;0.004;faehigere
0;0.004;faehigsten
0;0.004;faehigstem
0;0.004;faehigerem
0;0.004;faehigeren
0;0.004;foerdern
0;0.004;gefoerdert
0;0.004;foerderten
0;0.004;foerderst
0;0.004;foerderen
0;0.004;foerdert
0;0.004;foerdere
0;0.004;foerderte
0;0.004;foerdertet
0;0.004;foerdertest
0;0.004;fuehren
0;0.004;fuehrtest
0;0.004;fuehrten
0;0.004;fuehrt
0;0.004;fuehre
0;0.004;fuehrte
0;0.004;fuehrst
0;0.004;fuehret
0;0.004;fuehrtet
0;0.004;fuehrest
0;0.004;gefuehrt
0;0.004;fuehrend
0;0.004;fuehrendstem
0;0.004;fuehrendsten
0;0.004;fuehrende
0;0.004;fuehrenderes
0;0.004;fuehrenderer
0;0.004;fuehrendster
0;0.004;fuehrendstes
0;0.004;fuehrenderem
0;0.004;fuehrendste
0;0.004;fuehrenderen
0;0.004;fuehrender
0;0.004;fuehrendes
0;0.004;fuehrenden
0;0.004;fuehrendere
0;0.004;fuehrendem
0;0.004;fuellen
0;0.004;fuellten
0;0.004;fuellte
0;0.004;fuellest
0;0.004;fuellt
0;0.004;fuelle
0;0.004;fuellst
0;0.004;fuelltet
0;0.004;fuellet
0;0.004;fuelltest
0;0.004;gefuellt
0;0.004;galant
0;0.004;galanteren
0;0.004;galanterem
0;0.004;galanter
0;0.004;galanterer
0;0.004;galantes
0;0.004;galantestem
0;0.004;galante
0;0.004;galantesten
0;0.004;galanteste
0;0.004;galantestes
0;0.004;galantester
0;0.004;galantere
0;0.004;galanteres
0;0.004;galanten
0;0.004;galantem
0;0.004;garantiert
0;0.004;garantierteres
0;0.004;garantierterer
0;0.004;garantiertere
0;0.004;garantierteren
0;0.004;garantierterem
0;0.004;garantiertes
0;0.004;garantierter
0;0.004;garantiertsten
0;0.004;garantiertstem
0;0.004;garantiertster
0;0.004;garantiertem
0;0.004;garantierte
0;0.004;garantiertste
0;0.004;garantiertstes
0;0.004;garantierten
0;0.0854;gastfreundlich
0;0.0854;gastfreundlichen
0;0.0854;gastfreundlichere
0;0.0854;gastfreundlicher
0;0.0854;gastfreundliches
0;0.0854;gastfreundlichstem
0;0.0854;gastfreundlichsten
0;0.0854;gastfreundliche
0;0.0854;gastfreundlichste
0;0.0854;gastfreundlichster
0;0.0854;gastfreundlichem
0;0.0854;gastfreundlichstes
0;0.0854;gastfreundlicheres
0;0.0854;gastfreundlicherer
0;0.0854;gastfreundlicheren
0;0.0854;gastfreundlicherem
0;0.2166;gedeihen
0;0.2166;gedeihe
0;0.2166;gedeihst
0;0.2166;gedeiht
0;0.2166;gedeihest
0;0.2166;gedeihet
0;0.2166;gedieh
0;0.2166;gediehst
0;0.2166;gediehen
0;0.2166;gedieht
0;0.2166;gediehe
0;0.2166;gediehest
0;0.2166;gediehet
0;0.004;gedeihlich
0;0.004;gedeihlichere
0;0.004;gedeihlicher
0;0.004;gedeihliches
0;0.004;gedeihlichem
0;0.004;gedeihlicheren
0;0.004;gedeihlichen
0;0.004;gedeihliche
0;0.004;gedeihlicherem
0;0.004;gedeihlichster
0;0.004;gedeihlicherer
0;0.004;gedeihlichstes
0;0.004;gedeihlicheres
0;0.004;gedeihlichste
0;0.004;gedeihlichsten
0;0.004;gedeihlichstem
0;0.0831;gediegen
0;0.0831;gediegensten
0;0.0831;gediegenerem
0;0.0831;gediegnere
0;0.0831;gediegenstes
0;0.0831;gediegenster
0;0.0831;gediegeneren
0;0.0831;gediegenerer
0;0.0831;gediegnerer
0;0.0831;gediegeneres
0;0.0831;gediegneres
0;0.0831;gediegenstem
0;0.0831;gediegenere
0;0.0831;gediegenste
0;0.0831;gediegneren
0;0.0831;gediegnerem
0;0.0831;gediegene
0;0.0831;gediegenem
0;0.0831;gediegenen
0;0.0831;gediegener
0;0.0831;gediegenes
0;0.0831;gediegner
0;0.3342;geduldig
0;0.3342;geduldigere
0;0.3342;geduldigerer
0;0.3342;geduldigerem
0;0.3342;geduldigeren
0;0.3342;geduldigstem
0;0.3342;geduldigsten
0;0.3342;geduldigste
0;0.3342;geduldige
0;0.3342;geduldiger
0;0.3342;geduldiges
0;0.3342;geduldigem
0;0.3342;geduldigstes
0;0.3342;geduldigen
0;0.3342;geduldigster
0;0.3342;geduldigeres
0;0.0974;geeignet
0;0.0974;geeignetem
0;0.0974;geeignete
0;0.0974;geeigneten
0;0.0974;geeigneter
0;0.0974;geeignetes
0;0.0974;geeignetste
0;0.0974;geeignetere
0;0.0974;geeigneterem
0;0.0974;geeigneteren
0;0.0974;geeignetsten
0;0.0974;geeigneterer
0;0.0974;geeignetstem
0;0.0974;geeigneteres
0;0.0974;geeignetstes
0;0.0974;geeignetster
0;0.2578;gefallen
0;0.2578;gefalle
0;0.2578;gefaellst
0;0.2578;gefaellt
0;0.2578;gefallt
0;0.2578;gefallest
0;0.2578;gefallet
0;0.2578;gefiel
0;0.2578;gefielst
0;0.2578;gefielen
0;0.2578;gefielt
0;0.2578;gefielest
0;0.2578;gefiele
0;0.2578;gefielet
0;0.3403;gefeiert
0;0.3403;gefeierterem
0;0.3403;gefeierteren
0;0.3403;gefeierteres
0;0.3403;gefeierterer
0;0.3403;gefeiertester
0;0.3403;gefeiertestes
0;0.3403;gefeierteste
0;0.3403;gefeierte
0;0.3403;gefeiertes
0;0.3403;gefeierter
0;0.3403;gefeiertestem
0;0.3403;gefeierten
0;0.3403;gefeiertere
0;0.3403;gefeiertem
0;0.3403;gefeiertesten
0;0.004;gefesselt
0;0.004;gefesselte
0;0.004;gefesseltem
0;0.004;gefesselten
0;0.004;gefesselter
0;0.004;gefesseltes
0;0.004;gefesseltere
0;0.004;gefesselterem
0;0.004;gefesselteren
0;0.004;gefesselterer
0;0.004;gefesselteres
0;0.004;gefesseltste
0;0.004;gefesseltstem
0;0.004;gefesseltsten
0;0.004;gefesseltster
0;0.004;gefesseltstes
0;0.004;gefestigt
0;0.004;gefestigtstes
0;0.004;gefestigtster
0;0.004;gefestigteren
0;0.004;gefestigterem
0;0.004;gefestigtsten
0;0.004;gefestigte
0;0.004;gefestigtstem
0;0.004;gefestigten
0;0.004;gefestigtste
0;0.004;gefestigtem
0;0.004;gefestigtes
0;0.004;gefestigter
0;0.004;gefestigterer
0;0.004;gefestigteres
0;0.004;gefestigtere
0;0.004;gefragt
0;0.004;gefragte
0;0.004;gefragtes
0;0.004;gefragtestes
0;0.004;gefragter
0;0.004;gefragtere
0;0.004;gefragteren
0;0.004;gefragterem
0;0.004;gefragteste
0;0.004;gefragteres
0;0.004;gefragterer
0;0.004;gefragtestem
0;0.004;gefragtesten
0;0.004;gefragtester
0;0.004;gefragten
0;0.004;gefragtem
0;0.004;geglueckt
0;0.004;geglueckte
0;0.004;gegluecktem
0;0.004;geglueckten
0;0.004;geglueckter
0;0.004;gegluecktes
0;0.004;gegluecktere
0;0.004;geglueckterem
0;0.004;geglueckteren
0;0.004;geglueckterer
0;0.004;geglueckteres
0;0.004;gegluecktste
0;0.004;gegluecktstem
0;0.004;gegluecktsten
0;0.004;gegluecktster
0;0.004;gegluecktstes
0;0.004;gehorsam
0;0.004;gehorsamster
0;0.004;gehorsamste
0;0.004;gehorsamstes
0;0.004;gehorsames
0;0.004;gehorsamerem
0;0.004;gehorsameren
0;0.004;gehorsame
0;0.004;gehorsameres
0;0.004;gehorsamerer
0;0.004;gehorsamere
0;0.004;gehorsamstem
0;0.004;gehorsamer
0;0.004;gehorsamem
0;0.004;gehorsamsten
0;0.004;gehorsamen
0;0.004;gehoerig
0;0.004;gehoerigere
0;0.004;gehoerigem
0;0.004;gehoerigen
0;0.004;gehoerigstes
0;0.004;gehoerigster
0;0.004;gehoerigsten
0;0.004;gehoerigerer
0;0.004;gehoerigste
0;0.004;gehoerige
0;0.004;gehoerigeres
0;0.004;gehoerigstem
0;0.004;gehoerigerem
0;0.004;gehoeriges
0;0.004;gehoeriger
0;0.004;gehoerigeren
0;0.004;geil
0;0.004;geilerer
0;0.004;geiles
0;0.004;geiler
0;0.004;geilen
0;0.004;geilem
0;0.004;geileres
0;0.004;geilster
0;0.004;geileren
0;0.004;geilstem
0;0.004;geilsten
0;0.004;geilerem
0;0.004;geilste
0;0.004;geilstes
0;0.004;geilere
0;0.004;geile
0;0.2325;gelassen
0;0.2325;gelassener
0;0.2325;gelasseneren
0;0.2325;gelassneres
0;0.2325;gelassnerer
0;0.2325;gelassenerem
0;0.2325;gelassenes
0;0.2325;gelassenerer
0;0.2325;gelasseneres
0;0.2325;gelassneren
0;0.2325;gelassnerem
0;0.2325;gelassenste
0;0.2325;gelassenen
0;0.2325;gelassenem
0;0.2325;gelassenstem
0;0.2325;gelassensten
0;0.2325;gelassnere
0;0.2325;gelassner
0;0.2325;gelassene
0;0.2325;gelassenere
0;0.2325;gelassenster
0;0.2325;gelassenstes
0;0.2315;geliebt
0;0.2315;geliebtestes
0;0.2315;geliebte
0;0.2315;geliebtestem
0;0.2315;geliebtesten
0;0.2315;geliebtester
0;0.2315;geliebtere
0;0.2315;geliebteste
0;0.2315;geliebten
0;0.2315;geliebtem
0;0.2315;geliebteren
0;0.2315;geliebtes
0;0.2315;geliebter
0;0.2315;geliebterem
0;0.2315;geliebteres
0;0.2315;geliebterer
0;0.5859;nan
0;1.0;gelungen
0;1.0;gelungnerem
0;1.0;gelungenster
0;1.0;gelungneren
0;1.0;gelungensten
0;1.0;gelungeneren
0;1.0;gelungenerem
0;1.0;gelungenstem
0;1.0;gelungneres
0;1.0;gelungene
0;1.0;gelungnerer
0;1.0;gelungenstes
0;1.0;gelungenere
0;1.0;gelungenen
0;1.0;gelungenste
0;1.0;gelungenem
0;1.0;gelungener
0;1.0;gelungenes
0;1.0;gelungenerer
0;1.0;gelungnere
0;1.0;gelungeneres
0;1.0;gelungner
0;0.004;gemeinsam
0;0.004;gemeinsamere
0;0.004;gemeinsamstem
0;0.004;gemeinsamsten
0;0.004;gemeinsamen
0;0.004;gemeinsamem
0;0.004;gemeinsames
0;0.004;gemeinsamstes
0;0.004;gemeinsame
0;0.004;gemeinsamster
0;0.004;gemeinsamer
0;0.004;gemeinsamste
0;0.004;gemeinsamerem
0;0.004;gemeinsameren
0;0.004;gemeinsameres
0;0.004;gemeinsamerer
0;0.004;gemeinschaftlich
0;0.004;gemeinschaftlichem
0;0.004;gemeinschaftlichen
0;0.004;gemeinschaftlichstem
0;0.004;gemeinschaftlichsten
0;0.004;gemeinschaftlichste
0;0.004;gemeinschaftliches
0;0.004;gemeinschaftlicherer
0;0.004;gemeinschaftlicher
0;0.004;gemeinschaftlicheres
0;0.004;gemeinschaftliche
0;0.004;gemeinschaftlicherem
0;0.004;gemeinschaftlicheren
0;0.004;gemeinschaftlichere
0;0.004;gemeinschaftlichstes
0;0.004;gemeinschaftlichster
0;0.368;gemuetlich
0;0.368;gemuetlicherer
0;0.368;gemuetliche
0;0.368;gemuetlichere
0;0.368;gemuetlicheres
0;0.368;gemuetlicherem
0;0.368;gemuetlicheren
0;0.368;gemuetlichstes
0;0.368;gemuetlichster
0;0.368;gemuetlichen
0;0.368;gemuetlichem
0;0.368;gemuetliches
0;0.368;gemuetlichstem
0;0.368;gemuetlichsten
0;0.368;gemuetlicher
0;0.368;gemuetlichste
0;0.004;genau
0;0.004;genauester
0;0.004;genauestem
0;0.004;genauesten
0;0.004;genaueren
0;0.004;genauem
0;0.004;genauerem
0;0.004;genauen
0;0.004;genaueres
0;0.004;genauerer
0;0.004;genaustes
0;0.004;genaueste
0;0.004;genauster
0;0.004;genauere
0;0.004;genaust
0;0.004;genaustem
0;0.004;genausten
0;0.004;genaue
0;0.004;genaues
0;0.004;genauer
0;0.004;genauste
0;0.004;genauestes
0;0.004;genehm
0;0.004;genehmer
0;0.004;genehmerem
0;0.004;genehmster
0;0.004;genehmem
0;0.004;genehmstes
0;0.004;genehmen
0;0.004;genehmsten
0;0.004;genehme
0;0.004;genehmes
0;0.004;genehmstem
0;0.004;genehmere
0;0.004;genehmste
0;0.004;genehmeres
0;0.004;genehmerer
0;0.004;genehmeren
0;0.004;genehmigen
0;0.004;genehmigte
0;0.004;genehmiget
0;0.004;genehmige
0;0.004;genehmigt
0;0.004;genehmigten
0;0.004;genehmigtet
0;0.004;genehmigest
0;0.004;genehmig
0;0.004;genehmigtest
0;0.004;genesen
0;0.004;genese
0;0.004;genest
0;0.004;genesest
0;0.004;genas
0;0.004;genasest
0;0.004;genast
0;0.004;genasen
0;0.004;genaese
0;0.004;genaesest
0;0.004;genaesen
0;0.004;genaeset
0;0.2156;genial
0;0.2156;genialster
0;0.2156;genialstes
0;0.2156;geniale
0;0.2156;geniales
0;0.2156;genialer
0;0.2156;genialste
0;0.2156;genialeren
0;0.2156;genialem
0;0.2156;genialen
0;0.2156;genialerem
0;0.2156;genialerer
0;0.2156;genialeres
0;0.2156;genialere
0;0.2156;genialsten
0;0.2156;genialstem
0;0.004;geniessbar
0;0.004;geniessbare
0;0.004;geniessbarer
0;0.004;geniessbarstem
0;0.004;geniessbarsten
0;0.004;geniessbares
0;0.004;geniessbarste
0;0.004;geniessbarem
0;0.004;geniessbarerer
0;0.004;geniessbaren
0;0.004;geniessbareres
0;0.004;geniessbarster
0;0.004;geniessbarstes
0;0.004;geniessbareren
0;0.004;geniessbarerem
0;0.004;geniessbarere
0;0.4983;geniessen
0;0.4983;geniesse
0;0.4983;geniesst
0;0.4983;geniessest
0;0.4983;geniesset
0;0.4983;genoss
0;0.4983;genoss
0;0.4983;genossest
0;0.4983;genosst
0;0.4983;genosst
0;0.4983;genossen
0;0.4983;genoesse
0;0.4983;genoessest
0;0.4983;genoessen
0;0.4983;genoesset
0;0.1019;genuegend
0;0.1019;genuegende
0;0.1019;genuegendem
0;0.1019;genuegenden
0;0.1019;genuegender
0;0.1019;genuegendes
0;0.0936;geordnet
0;0.0936;geordnete
0;0.0936;geordnetem
0;0.0936;geordneten
0;0.0936;geordneter
0;0.0936;geordnetes
0;0.0936;geordnetere
0;0.0936;geordneterem
0;0.0936;geordneteren
0;0.0936;geordneterer
0;0.0936;geordneteres
0;0.0936;geordnetste
0;0.0936;geordnetstem
0;0.0936;geordnetsten
0;0.0936;geordnetster
0;0.0936;geordnetstes
0;0.3499;gepflegt
0;0.3499;gepflegtester
0;0.3499;gepflegtestes
0;0.3499;gepflegtere
0;0.3499;gepflegteste
0;0.3499;gepflegterem
0;0.3499;gepflegte
0;0.3499;gepflegtestem
0;0.3499;gepflegtesten
0;0.3499;gepflegter
0;0.3499;gepflegteres
0;0.3499;gepflegterer
0;0.3499;gepflegten
0;0.3499;gepflegtem
0;0.3499;gepflegteren
0;0.3499;gepflegtes
0;0.004;gerecht
0;0.004;gerechter
0;0.004;gerechtes
0;0.004;gerechteres
0;0.004;gerechterer
0;0.004;gerechtestem
0;0.004;gerechtesten
0;0.004;gerechtere
0;0.004;gerechteren
0;0.004;gerechterem
0;0.004;gerechtester
0;0.004;gerechtestes
0;0.004;gerechtem
0;0.004;gerechten
0;0.004;gerechte
0;0.004;gerechteste
0;0.004;gerechtfertigt
0;0.004;gerechtfertigtem
0;0.004;gerechtfertigteren
0;0.004;gerechtfertigtst
0;0.004;gerechtfertigterem
0;0.004;gerechtfertigtere
0;0.004;gerechtfertigtster
0;0.004;gerechtfertigtstes
0;0.004;gerechtfertigtstem
0;0.004;gerechtfertigtsten
0;0.004;gerechtfertigtste
0;0.004;gerechtfertigteres
0;0.004;gerechtfertigtes
0;0.004;gerechtfertigter
0;0.004;gerechtfertigte
0;0.004;gerechtfertigterer
0;0.004;gerechtfertigten
0;0.0769;geruhsam
0;0.0769;geruhsamer
0;0.0769;geruhsamerem
0;0.0769;geruhsamste
0;0.0769;geruhsamster
0;0.0769;geruhsamere
0;0.0769;geruhsamstes
0;0.0769;geruhsameren
0;0.0769;geruhsames
0;0.0769;geruhsamen
0;0.0769;geruhsamem
0;0.0769;geruhsamstem
0;0.0769;geruhsamsten
0;0.0769;geruhsame
0;0.0769;geruhsamerer
0;0.0769;geruhsameres
0;0.1008;geraeumig
0;0.1008;geraeumiger
0;0.1008;geraeumigeres
0;0.1008;geraeumigstem
0;0.1008;geraeumigerer
0;0.1008;geraeumigste
0;0.1008;geraeumige
0;0.1008;geraeumiges
0;0.1008;geraeumigere
0;0.1008;geraeumigsten
0;0.1008;geraeumigeren
0;0.1008;geraeumigen
0;0.1008;geraeumigem
0;0.1008;geraeumigerem
0;0.1008;geraeumigster
0;0.1008;geraeumigstes
0;0.446;geruehrt
0;0.446;geruehrten
0;0.446;geruehrtere
0;0.446;geruehrtem
0;0.446;geruehrter
0;0.446;geruehrteste
0;0.446;geruehrtesten
0;0.446;geruehrtestem
0;0.446;geruehrte
0;0.446;geruehrteres
0;0.446;geruehrterer
0;0.446;geruehrtestes
0;0.446;geruehrtester
0;0.446;geruehrteren
0;0.446;geruehrterem
0;0.446;geruehrtes
0;0.004;geschickt
0;0.004;geschickter
0;0.004;geschickterer
0;0.004;geschicktes
0;0.004;geschickteren
0;0.004;geschickterem
0;0.004;geschickte
0;0.004;geschicktester
0;0.004;geschicktestes
0;0.004;geschickten
0;0.004;geschickteste
0;0.004;geschicktestem
0;0.004;geschicktesten
0;0.004;geschicktem
0;0.004;geschicktere
0;0.004;geschickteres
0;0.2116;geschmackvoll
0;0.2116;geschmackvollere
0;0.2116;geschmackvolleren
0;0.2116;geschmackvolles
0;0.2116;geschmackvoller
0;0.2116;geschmackvollerem
0;0.2116;geschmackvollen
0;0.2116;geschmackvollster
0;0.2116;geschmackvollste
0;0.2116;geschmackvollem
0;0.2116;geschmackvollstes
0;0.2116;geschmackvolle
0;0.2116;geschmackvollsten
0;0.2116;geschmackvollerer
0;0.2116;geschmackvollstem
0;0.2116;geschmackvolleres
0;0.004;geschaeftig
0;0.004;geschaeftige
0;0.004;geschaeftigeren
0;0.004;geschaeftiges
0;0.004;geschaeftigste
0;0.004;geschaeftiger
0;0.004;geschaeftigerem
0;0.004;geschaeftigstem
0;0.004;geschaeftigstes
0;0.004;geschaeftigster
0;0.004;geschaeftigsten
0;0.004;geschaeftigere
0;0.004;geschaeftigem
0;0.004;geschaeftigerer
0;0.004;geschaeftigen
0;0.004;geschaeftigeres
0;0.004;geschaetzt
0;0.004;geschaetztestes
0;0.004;geschaetztem
0;0.004;geschaetzten
0;0.004;geschaetztes
0;0.004;geschaetzte
0;0.004;geschaetzter
0;0.004;geschaetzteste
0;0.004;geschaetztester
0;0.004;geschaetzterer
0;0.004;geschaetzteres
0;0.004;geschaetztesten
0;0.004;geschaetzteren
0;0.004;geschaetztestem
0;0.004;geschaetztere
0;0.004;geschaetzterem
0;0.004;gesteigert
0;0.004;gesteigerte
0;0.004;gesteigertem
0;0.004;gesteigerten
0;0.004;gesteigerter
0;0.004;gesteigertes
0;0.004;gestiegen
0;0.004;gestiegene
0;0.004;gestiegenem
0;0.004;gestiegenen
0;0.004;gestiegener
0;0.004;gestiegenes
0;0.1554;gesund
0;0.1554;gesunderen
0;0.1554;gesundem
0;0.1554;gesuenderen
0;0.1554;gesunden
0;0.1554;gesuenderem
0;0.1554;gesunderem
0;0.1554;gesuenderer
0;0.1554;gesuenderes
0;0.1554;gesuender
0;0.1554;gesundestes
0;0.1554;gesuendeste
0;0.1554;gesundester
0;0.1554;gesundere
0;0.1554;gesundesten
0;0.1554;gesundestem
0;0.1554;gesuendestes
0;0.1554;gesuendester
0;0.1554;gesuendesten
0;0.1554;gesunderes
0;0.1554;gesuendestem
0;0.1554;gesunderer
0;0.1554;gesunde
0;0.1554;gesuendest
0;0.1554;gesuendere
0;0.1554;gesundes
0;0.1554;gesunder
0;0.1554;gesundeste
0;0.004;getreu
0;0.004;getreuestem
0;0.004;getreuesten
0;0.004;getreuen
0;0.004;getreuerer
0;0.004;getreuem
0;0.004;getreueres
0;0.004;getreusten
0;0.004;getreuester
0;0.004;getreuerem
0;0.004;getreustem
0;0.004;getreueren
0;0.004;getreuest
0;0.004;getreustes
0;0.004;getreust
0;0.004;getreuster
0;0.004;getreuestes
0;0.004;getreuste
0;0.004;getreues
0;0.004;getreuer
0;0.004;getreuere
0;0.004;getreue
0;0.004;getreueste
0;0.1201;gewachsen
0;0.1201;gewachsene
0;0.1201;gewachsenem
0;0.1201;gewachsenen
0;0.1201;gewachsener
0;0.1201;gewachsenes
0;0.004;gewaltfrei
0;0.004;gewaltfreistes
0;0.004;gewaltfreister
0;0.004;gewaltfreie
0;0.004;gewaltfreistem
0;0.004;gewaltfreisten
0;0.004;gewaltfreier
0;0.004;gewaltfreies
0;0.004;gewaltfreiem
0;0.004;gewaltfreien
0;0.004;gewaltfreiere
0;0.004;gewaltfreiste
0;0.004;gewaltfreierer
0;0.004;gewaltfreieres
0;0.004;gewaltfreierem
0;0.004;gewaltfreieren
0;0.004;gewaltig
0;0.004;gewaltiger
0;0.004;gewaltigeren
0;0.004;gewaltigerem
0;0.004;gewaltiges
0;0.004;gewaltigste
0;0.004;gewaltigstem
0;0.004;gewaltige
0;0.004;gewaltigsten
0;0.004;gewaltigstes
0;0.004;gewaltigem
0;0.004;gewaltigeres
0;0.004;gewaltigster
0;0.004;gewaltigen
0;0.004;gewaltigerer
0;0.004;gewaltigere
0;0.004;gewichtig
0;0.004;gewichtige
0;0.004;gewichtigeren
0;0.004;gewichtigerem
0;0.004;gewichtigerer
0;0.004;gewichtigeres
0;0.004;gewichtiges
0;0.004;gewichtiger
0;0.004;gewichtigster
0;0.004;gewichtigstes
0;0.004;gewichtigere
0;0.004;gewichtigste
0;0.004;gewichtigen
0;0.004;gewichtigsten
0;0.004;gewichtigem
0;0.004;gewichtigstem
0;0.004;gewinnbringend
0;0.004;gewinnbringenderem
0;0.004;gewinnbringenderen
0;0.004;gewinnbringende
0;0.004;gewinnbringendstes
0;0.004;gewinnbringenden
0;0.004;gewinnbringendster
0;0.004;gewinnbringendem
0;0.004;gewinnbringenderes
0;0.004;gewinnbringender
0;0.004;gewinnbringenderer
0;0.004;gewinnbringendes
0;0.004;gewinnbringendsten
0;0.004;gewinnbringendere
0;0.004;gewinnbringendste
0;0.004;gewinnbringendstem
0;0.004;gewinnen
0;0.004;gewinne
0;0.004;gewinnst
0;0.004;gewinnt
0;0.004;gewinnest
0;0.004;gewinnet
0;0.004;gewann
0;0.004;gewannst
0;0.004;gewannen
0;0.004;gewannt
0;0.004;gewaenne
0;0.004;gewoenne
0;0.004;gewaennest
0;0.004;gewaennst
0;0.004;gewoennest
0;0.004;gewoennst
0;0.004;gewaennen
0;0.004;gewoennen
0;0.004;gewaennet
0;0.004;gewaennt
0;0.004;gewoennet
0;0.004;gewoennt
0;0.004;gewissenhaft
0;0.004;gewissenhaftestem
0;0.004;gewissenhaftesten
0;0.004;gewissenhafte
0;0.004;gewissenhaftem
0;0.004;gewissenhaften
0;0.004;gewissenhafter
0;0.004;gewissenhafteren
0;0.004;gewissenhafterem
0;0.004;gewissenhaftes
0;0.004;gewissenhaftester
0;0.004;gewissenhafteres
0;0.004;gewissenhafterer
0;0.004;gewissenhaftere
0;0.004;gewissenhaftestes
0;0.004;gewissenhafteste
0;0.004;gewaehrleisten
0;0.004;gewaehrleiste
0;0.004;gewaehrleistest
0;0.004;gewaehrleistet
0;0.004;gewaehrleistete
0;0.004;gewaehrleistetest
0;0.004;gewaehrleisteten
0;0.004;gewaehrleistetet
0;0.004;gewuenscht
0;0.004;gewuenschteren
0;0.004;gewuenschterem
0;0.004;gewuenschteste
0;0.004;gewuenschtere
0;0.004;gewuenschten
0;0.004;gewuenschtes
0;0.004;gewuenschter
0;0.004;gewuenschteres
0;0.004;gewuenschtester
0;0.004;gewuenschterer
0;0.004;gewuenschtestes
0;0.004;gewuenschte
0;0.004;gewuenschtem
0;0.004;gewuenschtesten
0;0.004;gewuenschtestem
0;0.004;gezielt
0;0.004;gezielte
0;0.004;gezieltem
0;0.004;gezielten
0;0.004;gezielter
0;0.004;gezieltes
0;0.5459;gigantisch
0;0.5459;gigantischer
0;0.5459;gigantisches
0;0.5459;gigantischen
0;0.5459;gigantischem
0;0.5459;gigantischere
0;0.5459;gigantischstem
0;0.5459;gigantischsten
0;0.5459;gigantischster
0;0.5459;gigantischeres
0;0.5459;gigantischstes
0;0.5459;gigantischste
0;0.5459;gigantische
0;0.5459;gigantischerer
0;0.5459;gigantischerem
0;0.5459;gigantischeren
0;0.004;glamouroes
0;0.004;glamouroese
0;0.004;glamouroeser
0;0.004;glamouroesere
0;0.004;glamouroeses
0;0.004;glamouroesen
0;0.004;glamouroesem
0;0.004;glamouroeserem
0;0.004;glamouroeseren
0;0.004;glamouroesester
0;0.004;glamouroeseres
0;0.004;glamouroeserer
0;0.004;glamouroesestes
0;0.004;glamouroeseste
0;0.004;glamouroesesten
0;0.004;glamouroesestem
0;0.004;glanzvoll
0;0.004;glanzvollster
0;0.004;glanzvollerem
0;0.004;glanzvollstem
0;0.004;glanzvollsten
0;0.004;glanzvolleren
0;0.004;glanzvolles
0;0.004;glanzvoller
0;0.004;glanzvollerer
0;0.004;glanzvollere
0;0.004;glanzvolleres
0;0.004;glanzvollen
0;0.004;glanzvollem
0;0.004;glanzvollste
0;0.004;glanzvolle
0;0.004;glanzvollstes
0;0.004;glasklar
0;0.004;glasklarere
0;0.004;glasklarerem
0;0.004;glasklareren
0;0.004;glasklarerer
0;0.004;glasklareres
0;0.1099;glatt
0;0.1099;glatterer
0;0.1099;glatteres
0;0.1099;glatteren
0;0.1099;glatterem
0;0.1099;glattere
0;0.1099;glattester
0;0.1099;glattesten
0;0.1099;glatten
0;0.1099;glattem
0;0.1099;glattestem
0;0.1099;glatte
0;0.1099;glattes
0;0.1099;glatter
0;0.1099;glattestes
0;0.1099;glatteste
0;0.0893;glaubwuerdig
0;0.0893;glaubwuerdigerem
0;0.0893;glaubwuerdigeren
0;0.0893;glaubwuerdigeres
0;0.0893;glaubwuerdigerer
0;0.0893;glaubwuerdigste
0;0.0893;glaubwuerdige
0;0.0893;glaubwuerdigstem
0;0.0893;glaubwuerdiges
0;0.0893;glaubwuerdiger
0;0.0893;glaubwuerdigstes
0;0.0893;glaubwuerdigen
0;0.0893;glaubwuerdigster
0;0.0893;glaubwuerdigem
0;0.0893;glaubwuerdigsten
0;0.0893;glaubwuerdigere
0;0.004;gleichstellen
0;0.004;gleichstellt
0;0.004;gleichstelle
0;0.004;gleichgestellt
0;0.004;gleichstellet
0;0.004;gleichstellten
0;0.004;gleichstellest
0;0.004;gleichstelltet
0;0.004;gleichstellst
0;0.004;gleichstelltest
0;0.004;gleichstellte
0;0.004;gleichwertig
0;0.004;gleichwertigsten
0;0.004;gleichwertigstem
0;0.004;gleichwertigster
0;0.004;gleichwertigstes
0;0.004;gleichwertige
0;0.004;gleichwertigerer
0;0.004;gleichwertigeres
0;0.004;gleichwertigerem
0;0.004;gleichwertigeren
0;0.004;gleichwertigere
0;0.004;gleichwertigem
0;0.004;gleichwertigen
0;0.004;gleichwertiger
0;0.004;gleichwertiges
0;0.004;gleichwertigste
0;0.004;glorios
0;0.004;glorioserer
0;0.004;glorioserem
0;0.004;gloriosere
0;0.004;glorioseren
0;0.004;gloriosester
0;0.004;gloriosestes
0;0.004;gloriosen
0;0.004;gloriosestem
0;0.004;gloriosesten
0;0.004;gloriosem
0;0.004;gloriose
0;0.004;glorioser
0;0.004;glorioses
0;0.004;glorioseste
0;0.004;glorioseres
0;0.004;glorreich
0;0.004;glorreichere
0;0.004;glorreichste
0;0.004;glorreichsten
0;0.004;glorreichstem
0;0.004;glorreicher
0;0.004;glorreiches
0;0.004;glorreicheres
0;0.004;glorreichster
0;0.004;glorreichen
0;0.004;glorreichstes
0;0.004;glorreicherer
0;0.004;glorreichem
0;0.004;glorreicherem
0;0.004;glorreicheren
0;0.004;glorreiche
0;0.3397;glaenzen
0;0.3397;glaenzten
0;0.3397;glaenzte
0;0.3397;glaenzt
0;0.3397;glaenze
0;0.3397;geglaenzt
0;0.3397;glaenztest
0;0.3397;glaenztet
0;0.3397;glaenzest
0;0.3397;glaenzet
0;0.2082;glaenzend
0;0.2082;glaenzenderer
0;0.2082;glaenzenderes
0;0.2082;glaenzende
0;0.2082;glaenzenden
0;0.2082;glaenzendem
0;0.2082;glaenzender
0;0.2082;glaenzenderen
0;0.2082;glaenzenderem
0;0.2082;glaenzendes
0;0.2082;glaenzendere
0;0.2082;glaenzendster
0;0.2082;glaenzendstes
0;0.2082;glaenzendste
0;0.2082;glaenzendsten
0;0.2082;glaenzendstem
0;0.115;gluecklich
0;0.115;gluecklichsten
0;0.115;gluecklichere
0;0.115;gluecklichstem
0;0.115;gluecklichster
0;0.115;glueckliche
0;0.115;gluecklichem
0;0.115;gluecklichen
0;0.115;glueckliches
0;0.115;gluecklicher
0;0.115;gluecklicheren
0;0.115;gluecklicherem
0;0.115;gluecklichste
0;0.115;gluecklichstes
0;0.115;gluecklicherer
0;0.115;gluecklicheres
0;0.004;gluehend
0;0.004;gluehende
0;0.004;gluehendem
0;0.004;gluehenden
0;0.004;gluehender
0;0.004;gluehendes
0;0.004;gluehendere
0;0.004;gluehenderem
0;0.004;gluehenderen
0;0.004;gluehenderer
0;0.004;gluehenderes
0;0.004;gluehendste
0;0.004;gluehendstem
0;0.004;gluehendsten
0;0.004;gluehendster
0;0.004;gluehendstes
0;0.004;gnaedig
0;0.004;gnaedigstes
0;0.004;gnaedigere
0;0.004;gnaedigste
0;0.004;gnaedigster
0;0.004;gnaediges
0;0.004;gnaediger
0;0.004;gnaedigerer
0;0.004;gnaedigeren
0;0.004;gnaedigerem
0;0.004;gnaedigeres
0;0.004;gnaedige
0;0.004;gnaedigem
0;0.004;gnaedigen
0;0.004;gnaedigstem
0;0.004;gnaedigsten
0;0.004;golden
0;0.004;goldenere
0;0.004;goldeneren
0;0.004;goldenerem
0;0.004;goldenen
0;0.004;goldenem
0;0.004;goldener
0;0.004;goldenes
0;0.004;goldene
0;0.004;goldenster
0;0.004;goldnerem
0;0.004;goldneren
0;0.004;goldensten
0;0.004;goldenstem
0;0.004;goldnerer
0;0.004;goldner
0;0.004;goldneres
0;0.004;goldenerer
0;0.004;goldnere
0;0.004;goldenste
0;0.004;goldenstes
0;0.004;goldeneres
0;0.1991;goldig
0;0.1991;goldigster
0;0.1991;goldigeres
0;0.1991;goldigstes
0;0.1991;goldigerer
0;0.1991;goldigsten
0;0.1991;goldigste
0;0.1991;goldigerem
0;0.1991;goldigstem
0;0.1991;goldigeren
0;0.1991;goldige
0;0.1991;goldigen
0;0.1991;goldigem
0;0.1991;goldigere
0;0.1991;goldiger
0;0.1991;goldiges
0;0.1843;grandios
0;0.1843;grandiosester
0;0.1843;grandiosestes
0;0.1843;grandioser
0;0.1843;grandiose
0;0.1843;grandioses
0;0.1843;grandiosen
0;0.1843;grandioseste
0;0.1843;grandiosem
0;0.1843;grandiosere
0;0.1843;grandioserer
0;0.1843;grandioseres
0;0.1843;grandiosesten
0;0.1843;grandiosestem
0;0.1843;grandioserem
0;0.1843;grandioseren
0;0.065;gratulieren
0;0.065;gratuliere
0;0.065;gratulierst
0;0.065;gratuliert
0;0.065;gratulierest
0;0.065;gratulieret
0;0.065;gratulierte
0;0.065;gratuliertest
0;0.065;gratulierten
0;0.065;gratuliertet
0;0.004;gravierend
0;0.004;gravierendstem
0;0.004;gravierendsten
0;0.004;gravierenderes
0;0.004;gravierenden
0;0.004;gravierendem
0;0.004;gravierendes
0;0.004;gravierender
0;0.004;gravierendstes
0;0.004;gravierenderer
0;0.004;gravierendster
0;0.004;gravierenderem
0;0.004;gravierenderen
0;0.004;gravierende
0;0.004;gravierendste
0;0.004;gravierendere
0;0.0886;greifbar
0;0.0886;greifbarste
0;0.0886;greifbarere
0;0.0886;greifbare
0;0.0886;greifbarem
0;0.0886;greifbaren
0;0.0886;greifbares
0;0.0886;greifbarer
0;0.0886;greifbarster
0;0.0886;greifbarstes
0;0.0886;greifbareren
0;0.0886;greifbarstem
0;0.0886;greifbarsten
0;0.0886;greifbarerem
0;0.0886;greifbarerer
0;0.0886;greifbareres
0;0.004;grenzenlos
0;0.004;grenzenlose
0;0.004;grenzenlosestem
0;0.004;grenzenloseste
0;0.004;grenzenlosesten
0;0.004;grenzenlosere
0;0.004;grenzenloseres
0;0.004;grenzenloserer
0;0.004;grenzenloseren
0;0.004;grenzenlosem
0;0.004;grenzenloserem
0;0.004;grenzenlosester
0;0.004;grenzenlosen
0;0.004;grenzenlosestes
0;0.004;grenzenloser
0;0.004;grenzenloses
0;0.3694;gross
0;0.3694;grosse
0;0.3694;grossem
0;0.3694;grossen
0;0.3694;grosser
0;0.3694;grosses
0;0.3694;groessere
0;0.3694;groesserem
0;0.3694;groesseren
0;0.3694;groesserer
0;0.3694;groesseres
0;0.3694;groesste
0;0.3694;groesstem
0;0.3694;groessten
0;0.3694;groesster
0;0.3694;groesstes
0;0.4606;grossartig
0;0.4606;grossartigster
0;0.4606;grossartigem
0;0.4606;grossartigstes
0;0.4606;grossartigen
0;0.4606;grossartigste
0;0.4606;grossartigsten
0;0.4606;grossartigeren
0;0.4606;grossartigere
0;0.4606;grossartigerem
0;0.4606;grossartigeres
0;0.4606;grossartigerer
0;0.4606;grossartige
0;0.4606;grossartigstem
0;0.4606;grossartiges
0;0.4606;grossartiger
0;0.004;grossspurig
0;0.004;grossspurigerer
0;0.004;grossspurigeres
0;0.004;grossspurigerem
0;0.004;grossspurigeren
0;0.004;grossspuriges
0;0.004;grossspuriger
0;0.004;grossspurigere
0;0.004;grossspurigsten
0;0.004;grossspurige
0;0.004;grossspurigstem
0;0.004;grossspurigstes
0;0.004;grossspurigem
0;0.004;grossspurigste
0;0.004;grossspurigster
0;0.004;grossspurigen
0;0.2077;grosszuegig
0;0.2077;grosszuegigstes
0;0.2077;grosszuegigster
0;0.2077;grosszuegigerer
0;0.2077;grosszuegige
0;0.2077;grosszuegigeres
0;0.2077;grosszuegigsten
0;0.2077;grosszuegigere
0;0.2077;grosszuegigstem
0;0.2077;grosszuegiges
0;0.2077;grosszuegiger
0;0.2077;grosszuegigem
0;0.2077;grosszuegigen
0;0.2077;grosszuegigeren
0;0.2077;grosszuegigerem
0;0.2077;grosszuegigste
0;0.004;grundlegend
0;0.004;grundlegendstem
0;0.004;grundlegendsten
0;0.004;grundlegendster
0;0.004;grundlegende
0;0.004;grundlegendstes
0;0.004;grundlegenderen
0;0.004;grundlegenderem
0;0.004;grundlegenden
0;0.004;grundlegendem
0;0.004;grundlegenderer
0;0.004;grundlegendste
0;0.004;grundlegendes
0;0.004;grundlegender
0;0.004;grundlegenderes
0;0.004;grundlegendere
0;0.004;grundsaetzlich
0;0.004;grundsaetzliches
0;0.004;grundsaetzlicher
0;0.004;grundsaetzlichere
0;0.004;grundsaetzlichem
0;0.004;grundsaetzlichen
0;0.004;grundsaetzlicherer
0;0.004;grundsaetzlicheres
0;0.004;grundsaetzlichste
0;0.004;grundsaetzlichsten
0;0.004;grundsaetzlichstem
0;0.004;grundsaetzlicheren
0;0.004;grundsaetzlicherem
0;0.004;grundsaetzlichster
0;0.004;grundsaetzlichstes
0;0.004;grundsaetzliche
0;0.004;groesstmoeglich
0;0.004;groesstmoeglichstes
0;0.004;groesstmoeglichste
0;0.004;groesstmoeglichster
0;0.004;groesstmoegliche
0;0.004;groesstmoeglichstem
0;0.004;groesstmoeglichsten
0;0.004;groesstmoeglichere
0;0.004;groesstmoeglicheren
0;0.004;groesstmoeglicherem
0;0.004;groesstmoeglicherer
0;0.004;groesstmoeglicher
0;0.004;groesstmoeglicheres
0;0.004;groesstmoegliches
0;0.004;groesstmoeglichem
0;0.004;groesstmoeglichen
0;0.004;gruendlich
0;0.004;gruendlichere
0;0.004;gruendlichstes
0;0.004;gruendlichsten
0;0.004;gruendlichstem
0;0.004;gruendliche
0;0.004;gruendlichster
0;0.004;gruendlicherem
0;0.004;gruendlicheren
0;0.004;gruendlichen
0;0.004;gruendlichem
0;0.004;gruendlicherer
0;0.004;gruendliches
0;0.004;gruendlicher
0;0.004;gruendlicheres
0;0.004;gruendlichste
0;0.3716;gut
0;0.3716;gute
0;0.3716;gutem
0;0.3716;guten
0;0.3716;guter
0;0.3716;gutes
0;0.3716;besser
0;0.3716;bessere
0;0.3716;besserem
0;0.3716;besseren
0;0.3716;besserer
0;0.3716;besseres
0;0.3716;beste
0;0.3716;bestem
0;0.3716;besten
0;0.3716;bester
0;0.3716;bestes
0;0.004;gutgehend
0;0.004;gutgehende
0;0.004;gutgehenden
0;0.004;gutgehenderes
0;0.004;gutgehendem
0;0.004;gutgehenderer
0;0.004;gutgehendes
0;0.004;gutgehender
0;0.004;gutgehendste
0;0.004;gutgehendsten
0;0.004;gutgehendere
0;0.004;gutgehendstem
0;0.004;gutgehendstes
0;0.004;gutgehendster
0;0.004;gutgehenderem
0;0.004;gutgehenderen
0;0.3387;goennen
0;0.3387;goenntet
0;0.3387;goennst
0;0.3387;gegoennt
0;0.3387;goennte
0;0.3387;goennt
0;0.3387;goennest
0;0.3387;goenne
0;0.3387;goenntest
0;0.3387;goennten
0;0.3387;goennet
0;0.004;goettlich
0;0.004;goettliche
0;0.004;goettlichem
0;0.004;goettlichstes
0;0.004;goettlichen
0;0.004;goettlichere
0;0.004;goettliches
0;0.004;goettlicher
0;0.004;goettlichste
0;0.004;goettlicheren
0;0.004;goettlicherem
0;0.004;goettlichsten
0;0.004;goettlicheres
0;0.004;goettlichstem
0;0.004;goettlicherer
0;0.004;goettlichster
0;0.004;gueltig
0;0.004;gueltige
0;0.004;gueltigerer
0;0.004;gueltigeres
0;0.004;gueltigeren
0;0.004;gueltigerem
0;0.004;gueltigstem
0;0.004;gueltigsten
0;0.004;gueltigere
0;0.004;gueltiger
0;0.004;gueltiges
0;0.004;gueltigen
0;0.004;gueltigster
0;0.004;gueltigem
0;0.004;gueltigstes
0;0.004;gueltigste
0;0.0946;guenstig
0;0.0946;guenstigen
0;0.0946;guenstige
0;0.0946;guenstigem
0;0.0946;guenstigeren
0;0.0946;guenstigere
0;0.0946;guenstigerem
0;0.0946;guenstiger
0;0.0946;guenstigste
0;0.0946;guenstiges
0;0.0946;guenstigster
0;0.0946;guenstigstes
0;0.0946;guenstigstem
0;0.0946;guenstigsten
0;0.0946;guenstigerer
0;0.0946;guenstigeres
0;0.004;guetig
0;0.004;guetigerer
0;0.004;guetigerem
0;0.004;guetigeren
0;0.004;guetigeres
0;0.004;guetigstem
0;0.004;guetigsten
0;0.004;guetigen
0;0.004;guetigem
0;0.004;guetiges
0;0.004;guetigster
0;0.004;guetiger
0;0.004;guetigste
0;0.004;guetigstes
0;0.004;guetigere
0;0.004;guetige
0;0.004;guetlich
0;0.004;guetlicherer
0;0.004;guetlichstes
0;0.004;guetlicheres
0;0.004;guetlicherem
0;0.004;guetliche
0;0.004;guetlicheren
0;0.004;guetlichem
0;0.004;guetlichen
0;0.004;guetliches
0;0.004;guetlicher
0;0.004;guetlichsten
0;0.004;guetlichste
0;0.004;guetlichstem
0;0.004;guetlichster
0;0.004;guetlichere
0;0.004;handfest
0;0.004;handfesterem
0;0.004;handfesteren
0;0.004;handfestestes
0;0.004;handfestester
0;0.004;handfeste
0;0.004;handfesterer
0;0.004;handfesteres
0;0.004;handfestesten
0;0.004;handfestes
0;0.004;handfesteste
0;0.004;handfester
0;0.004;handfesten
0;0.004;handfestere
0;0.004;handfestestem
0;0.004;handfestem
0;0.2025;handlich
0;0.2025;handlichen
0;0.2025;handlicheres
0;0.2025;handlichem
0;0.2025;handliches
0;0.2025;handlichstes
0;0.2025;handlicher
0;0.2025;handlicherer
0;0.2025;handlicheren
0;0.2025;handliche
0;0.2025;handlicherem
0;0.2025;handlichste
0;0.2025;handlichster
0;0.2025;handlichere
0;0.2025;handlichstem
0;0.2025;handlichsten
0;0.3489;harmonisch
0;0.3489;harmonischerem
0;0.3489;harmonischstem
0;0.3489;harmonischsten
0;0.3489;harmonische
0;0.3489;harmonischerer
0;0.3489;harmonischeres
0;0.3489;harmonischeren
0;0.3489;harmonisches
0;0.3489;harmonischer
0;0.3489;harmonischem
0;0.3489;harmonischen
0;0.3489;harmonischstes
0;0.3489;harmonischste
0;0.3489;harmonischster
0;0.3489;harmonischere
0;0.0828;harmonisieren
0;0.0828;harmonisiertest
0;0.0828;harmonisiert
0;0.0828;harmonisiere
0;0.0828;harmonisiertet
0;0.0828;harmonisierten
0;0.0828;harmonisierte
0;0.0828;harmonisierest
0;0.0828;harmonisieret
0;0.0828;harmonisierst
0;0.004;hartnaeckig
0;0.004;hartnaeckigstes
0;0.004;hartnaeckigster
0;0.004;hartnaeckigste
0;0.004;hartnaeckigerem
0;0.004;hartnaeckigstem
0;0.004;hartnaeckigsten
0;0.004;hartnaeckigeren
0;0.004;hartnaeckiges
0;0.004;hartnaeckiger
0;0.004;hartnaeckigere
0;0.004;hartnaeckigen
0;0.004;hartnaeckigem
0;0.004;hartnaeckigeres
0;0.004;hartnaeckigerer
0;0.004;hartnaeckige
0;0.004;hauptsaechlich
0;0.004;hauptsaechlichstes
0;0.004;hauptsaechlichster
0;0.004;hauptsaechlichere
0;0.004;hauptsaechlichstem
0;0.004;hauptsaechlichsten
0;0.004;hauptsaechliche
0;0.004;hauptsaechlicheres
0;0.004;hauptsaechlicherer
0;0.004;hauptsaechlicher
0;0.004;hauptsaechlicheren
0;0.004;hauptsaechlicherem
0;0.004;hauptsaechliches
0;0.004;hauptsaechlichen
0;0.004;hauptsaechlichem
0;0.004;hauptsaechlichste
0;0.2219;heben
0;0.2219;hebe
0;0.2219;hebst
0;0.2219;hebt
0;0.2219;hebest
0;0.2219;hebet
0;0.2219;hob
0;0.2219;hobst
0;0.2219;hoben
0;0.2219;hobt
0;0.2219;hoebe
0;0.2219;hoebest
0;0.2219;hoebst
0;0.2219;hoeben
0;0.2219;hoebet
0;0.2219;hoebt
0;0.2219;gehoben
0;0.3414;heil
0;0.3414;heilstes
0;0.3414;heilster
0;0.3414;heilsten
0;0.3414;heilste
0;0.3414;heilstem
0;0.3414;heilere
0;0.3414;heilem
0;0.3414;heilen
0;0.3414;heilerer
0;0.3414;heileres
0;0.3414;heiler
0;0.3414;heiles
0;0.3414;heile
0;0.3414;heilerem
0;0.3414;heileren
0;0.004;heilen
0;0.004;heile
0;0.004;heilst
0;0.004;heilt
0;0.004;heilest
0;0.004;heilet
0;0.004;heilte
0;0.004;heiltest
0;0.004;heilten
0;0.004;heiltet
0;0.004;geheilt
0;0.0727;heilig
0;0.0727;heiligsten
0;0.0727;heiligster
0;0.0727;heiligstes
0;0.0727;heiligste
0;0.0727;heiligstem
0;0.0727;heiligeren
0;0.0727;heiliges
0;0.0727;heiliger
0;0.0727;heilige
0;0.0727;heiligerem
0;0.0727;heiligen
0;0.0727;heiligere
0;0.0727;heiligem
0;0.0727;heiligerer
0;0.0727;heiligeres
0;0.2007;heilsam
0;0.2007;heilsamere
0;0.2007;heilsamem
0;0.2007;heilsames
0;0.2007;heilsamster
0;0.2007;heilsamer
0;0.2007;heilsamstes
0;0.2007;heilsamstem
0;0.2007;heilsamsten
0;0.2007;heilsamen
0;0.2007;heilsamerem
0;0.2007;heilsameren
0;0.2007;heilsamste
0;0.2007;heilsame
0;0.2007;heilsameres
0;0.2007;heilsamerer
0;0.004;heiraten
0;0.004;heirate
0;0.004;heiratest
0;0.004;heiratet
0;0.004;heiratete
0;0.004;heiratetest
0;0.004;heirateten
0;0.004;heiratetet
0;0.004;geheiratet
0;0.2013;heiter
0;0.2013;heitere
0;0.2013;heitrerem
0;0.2013;heiterste
0;0.2013;heitererer
0;0.2013;heiterstes
0;0.2013;heitererem
0;0.2013;heiterster
0;0.2013;heitereren
0;0.2013;heitrere
0;0.2013;heitersten
0;0.2013;heiterstem
0;0.2013;heitrer
0;0.2013;heitereres
0;0.2013;heiteres
0;0.2013;heiteren
0;0.2013;heiterer
0;0.2013;heitreren
0;0.2013;heiterem
0;0.2013;heitrerer
0;0.2013;heiterere
0;0.2013;heitreres
0;0.3557;heiss
0;0.3557;heisse
0;0.3557;heissem
0;0.3557;heissen
0;0.3557;heisser
0;0.3557;heisses
0;0.3557;heissere
0;0.3557;heisserem
0;0.3557;heisseren
0;0.3557;heisserer
0;0.3557;heisseres
0;0.3557;heisseste
0;0.3557;heissestem
0;0.3557;heissesten
0;0.3557;heissester
0;0.3557;heissestes
0;0.373;helfen
0;0.373;helfe
0;0.373;hilfst
0;0.373;hilft
0;0.373;helft
0;0.373;helfest
0;0.373;helfet
0;0.373;half
0;0.373;halfst
0;0.373;halfen
0;0.373;haelfe
0;0.373;huelfe
0;0.373;haelfest
0;0.373;haelfst
0;0.373;huelfest
0;0.373;huelfst
0;0.373;haelfen
0;0.373;huelfen
0;0.373;haelfet
0;0.373;haelft
0;0.373;huelfet
0;0.373;huelft
0;0.373;geholfen
0;0.235;hell
0;0.235;hellem
0;0.235;hellen
0;0.235;helleres
0;0.235;hellerem
0;0.235;helleren
0;0.235;helle
0;0.235;hellere
0;0.235;hellerer
0;0.235;heller
0;0.235;helles
0;0.235;hellsten
0;0.235;hellstem
0;0.235;hellstes
0;0.235;hellste
0;0.235;hellster
0;0.0867;heranwachsen
0;0.0867;heranwachse
0;0.0867;heranwaechst
0;0.0867;heranwachsest
0;0.0867;heranwachset
0;0.0867;heranwuchs
0;0.0867;heranwuchsest
0;0.0867;heranwuchst
0;0.0867;heranwuchsen
0;0.0867;heranwuechse
0;0.0867;heranwuechsest
0;0.0867;heranwuechsen
0;0.0867;heranwuechset
0;0.0867;herangewachsen
0;0.004;heraufsetzen
0;0.004;heraufsetze
0;0.004;heraufsetzt
0;0.004;heraufsetzest
0;0.004;heraufsetzet
0;0.004;heraufsetzte
0;0.004;heraufsetztest
0;0.004;heraufsetzten
0;0.004;heraufsetztet
0;0.004;heraufgesetzt
0;0.004;herausgehoben
0;0.004;herausgehobene
0;0.004;herausgehobenem
0;0.004;herausgehobenen
0;0.004;herausgehobener
0;0.004;herausgehobenes
0;0.004;herausragen
0;0.004;herausrage
0;0.004;herausragst
0;0.004;herausragt
0;0.004;herausragest
0;0.004;herausraget
0;0.004;herausragte
0;0.004;herausragtest
0;0.004;herausragten
0;0.004;herausragtet
0;0.004;herausgeragt
0;0.4821;herrlich
0;0.4821;herrlicheren
0;0.4821;herrlicherem
0;0.4821;herrlichste
0;0.4821;herrlichstes
0;0.4821;herrlichster
0;0.4821;herrlichere
0;0.4821;herrlicheres
0;0.4821;herrlicherer
0;0.4821;herrlichstem
0;0.4821;herrlichsten
0;0.4821;herrlichen
0;0.4821;herrlicher
0;0.4821;herrliches
0;0.4821;herrliche
0;0.4821;herrlichem
0;0.004;herrschaftlich
0;0.004;herrschaftlicheren
0;0.004;herrschaftlicherem
0;0.004;herrschaftlichste
0;0.004;herrschaftlichere
0;0.004;herrschaftlichstem
0;0.004;herrschaftlichem
0;0.004;herrschaftlichen
0;0.004;herrschaftlicher
0;0.004;herrschaftliches
0;0.004;herrschaftlichsten
0;0.004;herrschaftliche
0;0.004;herrschaftlichstes
0;0.004;herrschaftlicheres
0;0.004;herrschaftlichster
0;0.004;herrschaftlicherer
0;0.5891;hervorragend
0;0.5891;hervorragendstes
0;0.5891;hervorragendster
0;0.5891;hervorragendere
0;0.5891;hervorragendstem
0;0.5891;hervorragendsten
0;0.5891;hervorragendste
0;0.5891;hervorragender
0;0.5891;hervorragendes
0;0.5891;hervorragenden
0;0.5891;hervorragendem
0;0.5891;hervorragenderen
0;0.5891;hervorragenderer
0;0.5891;hervorragenderem
0;0.5891;hervorragende
0;0.5891;hervorragenderes
0;0.004;herzig
0;0.004;herzigste
0;0.004;herzigen
0;0.004;herzigem
0;0.004;herzigster
0;0.004;herzigere
0;0.004;herzigstes
0;0.004;herzigstem
0;0.004;herzigsten
0;0.004;herzige
0;0.004;herzigerer
0;0.004;herzigeres
0;0.004;herzigerem
0;0.004;herzigeren
0;0.004;herziger
0;0.004;herziges
0;0.004;herzlich
0;0.004;herzlicherer
0;0.004;herzlicheres
0;0.004;herzlichem
0;0.004;herzlichere
0;0.004;herzlichstes
0;0.004;herzliches
0;0.004;herzlicher
0;0.004;herzlichster
0;0.004;herzlichen
0;0.004;herzlichstem
0;0.004;herzlichsten
0;0.004;herzlichste
0;0.004;herzlicherem
0;0.004;herzliche
0;0.004;herzlicheren
0;0.0926;hilfreich
0;0.0926;hilfreiche
0;0.0926;hilfreichste
0;0.0926;hilfreicherem
0;0.0926;hilfreicheren
0;0.0926;hilfreichere
0;0.0926;hilfreichsten
0;0.0926;hilfreicher
0;0.0926;hilfreiches
0;0.0926;hilfreichstem
0;0.0926;hilfreichster
0;0.0926;hilfreichem
0;0.0926;hilfreichstes
0;0.0926;hilfreichen
0;0.0926;hilfreicherer
0;0.0926;hilfreicheres
0;0.3377;hilfsbereit
0;0.3377;hilfsbereiteste
0;0.3377;hilfsbereitestem
0;0.3377;hilfsbereitesten
0;0.3377;hilfsbereitem
0;0.3377;hilfsbereiteren
0;0.3377;hilfsbereiterem
0;0.3377;hilfsbereitestes
0;0.3377;hilfsbereitester
0;0.3377;hilfsbereite
0;0.3377;hilfsbereiten
0;0.3377;hilfsbereitere
0;0.3377;hilfsbereites
0;0.3377;hilfsbereiter
0;0.3377;hilfsbereiteres
0;0.3377;hilfsbereiterer
0;0.2088;himmlisch
0;0.2088;himmlischster
0;0.2088;himmlischstes
0;0.2088;himmlischerer
0;0.2088;himmlischeres
0;0.2088;himmlisches
0;0.2088;himmlischeren
0;0.2088;himmlischste
0;0.2088;himmlischer
0;0.2088;himmlische
0;0.2088;himmlischstem
0;0.2088;himmlischsten
0;0.2088;himmlischen
0;0.2088;himmlischem
0;0.2088;himmlischere
0;0.2088;himmlischerem
0;0.004;hinausgehend
0;0.004;hinausgehendste
0;0.004;hinausgehendster
0;0.004;hinausgehende
0;0.004;hinausgehenden
0;0.004;hinausgehendstes
0;0.004;hinausgehendem
0;0.004;hinausgehendstem
0;0.004;hinausgehendsten
0;0.004;hinausgehendes
0;0.004;hinausgehender
0;0.004;hinausgehenderes
0;0.004;hinausgehenderer
0;0.004;hinausgehendere
0;0.004;hinausgehenderen
0;0.004;hinausgehenderem
0;0.0762;hingeben
0;0.0762;hingebe
0;0.0762;hingibst
0;0.0762;hingibt
0;0.0762;hingebt
0;0.0762;hingebest
0;0.0762;hingebet
0;0.0762;hingab
0;0.0762;hingabst
0;0.0762;hingaben
0;0.0762;hingabt
0;0.0762;hingaebe
0;0.0762;hingaebest
0;0.0762;hingaebst
0;0.0762;hingaeben
0;0.0762;hingaebet
0;0.0762;hingaebt
0;0.0762;hingegeben
0;0.004;hinhauen
0;0.004;hinhaue
0;0.004;hinhaust
0;0.004;hinhaut
0;0.004;hinhauest
0;0.004;hinhauet
0;0.004;hinhaute
0;0.004;hinhautest
0;0.004;hinhauten
0;0.004;hinhautet
0;0.004;hingehauen
0;0.004;hinreichend
0;0.004;hinreichendem
0;0.004;hinreichendstes
0;0.004;hinreichenden
0;0.004;hinreichendster
0;0.004;hinreichendstem
0;0.004;hinreichendsten
0;0.004;hinreichende
0;0.004;hinreichendes
0;0.004;hinreichendste
0;0.004;hinreichender
0;0.004;hinreichenderes
0;0.004;hinreichenderer
0;0.004;hinreichendere
0;0.004;hinreichenderen
0;0.004;hinreichenderem
0;0.0841;hinreissend
0;0.0841;hinreissende
0;0.0841;hinreissendem
0;0.0841;hinreissenden
0;0.0841;hinreissender
0;0.0841;hinreissendes
0;0.0841;hinreissendere
0;0.0841;hinreissenderem
0;0.0841;hinreissenderen
0;0.0841;hinreissenderer
0;0.0841;hinreissenderes
0;0.0841;hinreissendste
0;0.0841;hinreissendstem
0;0.0841;hinreissendsten
0;0.0841;hinreissendster
0;0.0841;hinreissendstes
0;0.004;hinterlassen
0;0.004;hinterlasse
0;0.004;hinterlaesst
0;0.004;hinterlaesst
0;0.004;hinterlasst
0;0.004;hinterlasst
0;0.004;hinterlassest
0;0.004;hinterlasset
0;0.004;hinterliess
0;0.004;hinterliessest
0;0.004;hinterliesst
0;0.004;hinterliessen
0;0.004;hinterliesse
0;0.004;hinzufuegen
0;0.004;hinzufuegten
0;0.004;hinzugefuegt
0;0.004;hinzufuegst
0;0.004;hinzufuegtest
0;0.004;hinzufuegte
0;0.004;hinzufuegt
0;0.004;hinzufuege
0;0.004;hinzufueget
0;0.004;hinzufuegest
0;0.004;hinzufuegtet
0;0.004;hinzunehmen
0;0.004;hinzunehme
0;0.004;hinzunimmst
0;0.004;hinzunimmt
0;0.004;hinzunehmt
0;0.004;hinzunehmest
0;0.004;hinzunehmet
0;0.004;hinzunahm
0;0.004;hinzunahmst
0;0.004;hinzunahmen
0;0.004;hinzunahmt
0;0.004;hinzunaehme
0;0.004;hinzunaehmest
0;0.004;hinzunaehmst
0;0.004;hinzunaehmen
0;0.004;hinzunaehmet
0;0.004;hinzunaehmt
0;0.004;historisch
0;0.004;historisches
0;0.004;historischer
0;0.004;historischere
0;0.004;historischstem
0;0.004;historischsten
0;0.004;historischeren
0;0.004;historischerem
0;0.004;historischste
0;0.004;historischster
0;0.004;historische
0;0.004;historischeres
0;0.004;historischstes
0;0.004;historischerer
0;0.004;historischen
0;0.004;historischem
0;0.004;hoch
0;0.004;hohe
0;0.004;hohem
0;0.004;hohen
0;0.004;hoher
0;0.004;hohes
0;0.004;hoehere
0;0.004;hoeherem
0;0.004;hoeheren
0;0.004;hoeherer
0;0.004;hoeheres
0;0.004;hoehste
0;0.004;hoehstem
0;0.004;hoehsten
0;0.004;hoehster
0;0.004;hoehstes
0;0.004;hochattraktiv
0;0.004;hochattraktive
0;0.004;hochattraktivem
0;0.004;hochattraktiven
0;0.004;hochattraktiver
0;0.004;hochattraktives
0;0.004;hochattraktivere
0;0.004;hochattraktiverem
0;0.004;hochattraktiveren
0;0.004;hochattraktiverer
0;0.004;hochattraktiveres
0;0.004;hochattraktivste
0;0.004;hochattraktivstem
0;0.004;hochattraktivsten
0;0.004;hochattraktivster
0;0.004;hochattraktivstes
0;0.004;hochgestellt
0;0.004;hochgestellte
0;0.004;hochgestelltem
0;0.004;hochgestellten
0;0.004;hochgestellter
0;0.004;hochgestelltes
0;0.004;hochgradig
0;0.004;hochgradige
0;0.004;hochgradigem
0;0.004;hochgradigen
0;0.004;hochgradiger
0;0.004;hochgradiges
0;0.004;hochhalten
0;0.004;hochhalte
0;0.004;hochhaeltst
0;0.004;hochhaelt
0;0.004;hochhaltet
0;0.004;hochhaltest
0;0.004;hochhielt
0;0.004;hochhieltest
0;0.004;hochhieltst
0;0.004;hochhielten
0;0.004;hochhieltet
0;0.004;hochhielte
0;0.004;hochgehalten
0;0.004;hochheben
0;0.004;hochhebe
0;0.004;hochhebst
0;0.004;hochhebt
0;0.004;hochhebest
0;0.004;hochhebet
0;0.004;hochhob
0;0.004;hochhobst
0;0.004;hochhoben
0;0.004;hochhobt
0;0.004;hochhoebe
0;0.004;hochhoebest
0;0.004;hochhoebst
0;0.004;hochhoeben
0;0.004;hochhoebet
0;0.004;hochhoebt
0;0.004;hochgehoben
0;0.004;hochkaraetig
0;0.004;hochkaraetigerer
0;0.004;hochkaraetigeres
0;0.004;hochkaraetige
0;0.004;hochkaraetigerem
0;0.004;hochkaraetigeren
0;0.004;hochkaraetigere
0;0.004;hochkaraetigem
0;0.004;hochkaraetigsten
0;0.004;hochkaraetigen
0;0.004;hochkaraetigstes
0;0.004;hochkaraetigster
0;0.004;hochkaraetiges
0;0.004;hochkaraetigste
0;0.004;hochkaraetiger
0;0.004;hochkaraetigstem
0;0.004;hochklassig
0;0.004;hochklassige
0;0.004;hochklassigem
0;0.004;hochklassigen
0;0.004;hochklassiger
0;0.004;hochklassiges
0;0.004;hochrangig
0;0.004;hochrangiges
0;0.004;hochrangigere
0;0.004;hochrangige
0;0.004;hochrangigstes
0;0.004;hochrangigster
0;0.004;hochrangigsten
0;0.004;hochrangigeren
0;0.004;hochrangigerer
0;0.004;hochrangigeres
0;0.004;hochrangigstem
0;0.004;hochrangigen
0;0.004;hochrangigem
0;0.004;hochrangigste
0;0.004;hochrangiger
0;0.004;hochrangigerem
0;0.004;hochtreibend
0;0.004;hochtreibende
0;0.004;hochtreibendem
0;0.004;hochtreibenden
0;0.004;hochtreibender
0;0.004;hochtreibendes
0;0.0849;hochwertig
0;0.0849;hochwertige
0;0.0849;hochwertigem
0;0.0849;hochwertigen
0;0.0849;hochwertiger
0;0.0849;hochwertiges
0;0.2318;hoffen
0;0.2318;hofft
0;0.2318;hofften
0;0.2318;hoffe
0;0.2318;gehofft
0;0.2318;hoffest
0;0.2318;hofftest
0;0.2318;hoffte
0;0.2318;hoffst
0;0.2318;hoffet
0;0.2318;hofftet
0;0.004;hoffnungsfroh
0;0.004;hoffnungsfrohstes
0;0.004;hoffnungsfroheres
0;0.004;hoffnungsfrohes
0;0.004;hoffnungsfroher
0;0.004;hoffnungsfrohster
0;0.004;hoffnungsfrohen
0;0.004;hoffnungsfrohem
0;0.004;hoffnungsfrohstem
0;0.004;hoffnungsfrohsten
0;0.004;hoffnungsfrohe
0;0.004;hoffnungsfroherer
0;0.004;hoffnungsfroherem
0;0.004;hoffnungsfroheren
0;0.004;hoffnungsfrohere
0;0.004;hoffnungsfrohste
0;0.1853;hoffnungsvoll
0;0.1853;hoffnungsvollsten
0;0.1853;hoffnungsvollerem
0;0.1853;hoffnungsvolleren
0;0.1853;hoffnungsvollstem
0;0.1853;hoffnungsvollem
0;0.1853;hoffnungsvollere
0;0.1853;hoffnungsvollen
0;0.1853;hoffnungsvollerer
0;0.1853;hoffnungsvollste
0;0.1853;hoffnungsvolle
0;0.1853;hoffnungsvollstes
0;0.1853;hoffnungsvoller
0;0.1853;hoffnungsvolleres
0;0.1853;hoffnungsvolles
0;0.1853;hoffnungsvollster
0;0.004;human
0;0.004;humanstes
0;0.004;humanere
0;0.004;humanster
0;0.004;humaneres
0;0.004;humansten
0;0.004;humanstem
0;0.004;humanerer
0;0.004;humaneren
0;0.004;humanerem
0;0.004;humanes
0;0.004;humaner
0;0.004;humanste
0;0.004;humane
0;0.004;humanem
0;0.004;humanen
0;0.004;humanitaer
0;0.004;humanitaeren
0;0.004;humanitaerem
0;0.004;humanitaereres
0;0.004;humanitaerstem
0;0.004;humanitaererer
0;0.004;humanitaerere
0;0.004;humanitaerster
0;0.004;humanitaereren
0;0.004;humanitaerstes
0;0.004;humanitaere
0;0.004;humanitaeres
0;0.004;humanitaersten
0;0.004;humanitaerer
0;0.004;humanitaerste
0;0.004;humanitaererem
0;0.317;humorvoll
0;0.317;humorvollstem
0;0.317;humorvollsten
0;0.317;humorvollere
0;0.317;humorvollster
0;0.317;humorvollstes
0;0.317;humorvolle
0;0.317;humorvollen
0;0.317;humorvollste
0;0.317;humorvollem
0;0.317;humorvoller
0;0.317;humorvollerer
0;0.317;humorvolleres
0;0.317;humorvolles
0;0.317;humorvollerem
0;0.317;humorvolleren
0;0.0796;hundertprozentig
0;0.0796;hundertprozentigste
0;0.0796;hundertprozentigeres
0;0.0796;hundertprozentigerer
0;0.0796;hundertprozentiges
0;0.0796;hundertprozentiger
0;0.0796;hundertprozentigen
0;0.0796;hundertprozentigem
0;0.0796;hundertprozentigstem
0;0.0796;hundertprozentigsten
0;0.0796;hundertprozentige
0;0.0796;hundertprozentigerem
0;0.0796;hundertprozentigstes
0;0.0796;hundertprozentigeren
0;0.0796;hundertprozentigster
0;0.0796;hundertprozentigere
0;0.004;hoechstmoeglich
0;0.004;hoechstmoegliche
0;0.004;hoechstmoeglichem
0;0.004;hoechstmoeglichen
0;0.004;hoechstmoeglicher
0;0.004;hoechstmoegliches
0;0.004;hoeflich
0;0.004;hoeflichere
0;0.004;hoefliches
0;0.004;hoeflichem
0;0.004;hoeflichen
0;0.004;hoeflicher
0;0.004;hoeflicherem
0;0.004;hoeflicheren
0;0.004;hoeflichste
0;0.004;hoeflicherer
0;0.004;hoeflicheres
0;0.004;hoeflichster
0;0.004;hoeflichstes
0;0.004;hoefliche
0;0.004;hoeflichsten
0;0.004;hoeflichstem
0;0.004;hoerenswert
0;0.004;hoerenswerten
0;0.004;hoerenswertestem
0;0.004;hoerenswertesten
0;0.004;hoerenswertem
0;0.004;hoerenswertestes
0;0.004;hoerenswerteste
0;0.004;hoerenswertester
0;0.004;hoerenswerterer
0;0.004;hoerenswerteres
0;0.004;hoerenswerter
0;0.004;hoerenswerteren
0;0.004;hoerenswerterem
0;0.004;hoerenswertes
0;0.004;hoerenswertere
0;0.004;hoerenswerte
0;0.4629;huebsch
0;0.4629;huebsche
0;0.4629;huebschsten
0;0.4629;huebschstem
0;0.4629;huebschere
0;0.4629;huebscherem
0;0.4629;huebschstes
0;0.4629;huebschster
0;0.4629;huebscher
0;0.4629;huebscheren
0;0.4629;huebschen
0;0.4629;huebscherer
0;0.4629;huebschem
0;0.4629;huebscheres
0;0.4629;huebsches
0;0.4629;huebschste
0;0.0937;ideal
0;0.0937;idealstes
0;0.0937;idealerer
0;0.0937;ideales
0;0.0937;idealer
0;0.0937;idealerem
0;0.0937;idealeren
0;0.0937;idealster
0;0.0937;idealsten
0;0.0937;idealen
0;0.0937;idealste
0;0.0937;idealstem
0;0.0937;idealem
0;0.0937;ideale
0;0.0937;idealere
0;0.0937;idealeres
0;0.004;idyllisch
0;0.004;idyllischer
0;0.004;idyllisches
0;0.004;idyllischem
0;0.004;idyllischen
0;0.004;idyllischste
0;0.004;idyllischstem
0;0.004;idyllischsten
0;0.004;idyllischere
0;0.004;idyllischeres
0;0.004;idyllischstes
0;0.004;idyllischerer
0;0.004;idyllischerem
0;0.004;idyllischster
0;0.004;idyllische
0;0.004;idyllischeren
0;0.004;illuster
0;0.004;illustre
0;0.004;illustrem
0;0.004;illustren
0;0.004;illustrer
0;0.004;illustres
0;0.004;illustrere
0;0.004;illustrerem
0;0.004;illustreren
0;0.004;illustrerer
0;0.004;illustreres
0;0.004;illusterste
0;0.004;illusterstem
0;0.004;illustersten
0;0.004;illusterster
0;0.004;illusterstes
0;0.004;immens
0;0.004;immensere
0;0.004;immensestem
0;0.004;immensesten
0;0.004;immenses
0;0.004;immenser
0;0.004;immenseres
0;0.004;immensester
0;0.004;immensestes
0;0.004;immensen
0;0.004;immensem
0;0.004;immenserer
0;0.004;immenseren
0;0.004;immenserem
0;0.004;immenseste
0;0.004;immense
0;0.004;imponierend
0;0.004;imponierende
0;0.004;imponierendem
0;0.004;imponierenden
0;0.004;imponierender
0;0.004;imponierendes
0;0.004;imponierendere
0;0.004;imponierenderem
0;0.004;imponierenderen
0;0.004;imponierenderer
0;0.004;imponierenderes
0;0.004;imponierendste
0;0.004;imponierendstem
0;0.004;imponierendsten
0;0.004;imponierendster
0;0.004;imponierendstes
0;0.004;imposant
0;0.004;imposantem
0;0.004;imposanteste
0;0.004;imposanterem
0;0.004;imposanteren
0;0.004;imposantere
0;0.004;imposantesten
0;0.004;imposantester
0;0.004;imposantestes
0;0.004;imposanterer
0;0.004;imposanter
0;0.004;imposanteres
0;0.004;imposantes
0;0.004;imposanten
0;0.004;imposante
0;0.004;imposantestem
0;0.004;inbruenstig
0;0.004;inbruenstigeren
0;0.004;inbruenstigerem
0;0.004;inbruenstige
0;0.004;inbruenstigsten
0;0.004;inbruenstiges
0;0.004;inbruenstiger
0;0.004;inbruenstigstes
0;0.004;inbruenstigster
0;0.004;inbruenstigem
0;0.004;inbruenstigere
0;0.004;inbruenstigen
0;0.004;inbruenstigstem
0;0.004;inbruenstigerer
0;0.004;inbruenstigste
0;0.004;inbruenstigeres
0;0.004;individuell
0;0.004;individuellerem
0;0.004;individuellstes
0;0.004;individuelleren
0;0.004;individuellster
0;0.004;individuellere
0;0.004;individuellsten
0;0.004;individuellstem
0;0.004;individuellen
0;0.004;individuelle
0;0.004;individueller
0;0.004;individuelles
0;0.004;individuellste
0;0.004;individuellem
0;0.004;individuellerer
0;0.004;individuelleres
0;0.004;ingenioes
0;0.004;ingenioesesten
0;0.004;ingenioeserer
0;0.004;ingenioeseres
0;0.004;ingenioeserem
0;0.004;ingenioeseren
0;0.004;ingenioesestem
0;0.004;ingenioesester
0;0.004;ingenioesestes
0;0.004;ingenioesere
0;0.004;ingenioeser
0;0.004;ingenioeses
0;0.004;ingenioeseste
0;0.004;ingenioesen
0;0.004;ingenioese
0;0.004;ingenioesem
0;0.3302;innovativ
0;0.3302;innovativeren
0;0.3302;innovativerem
0;0.3302;innovativeres
0;0.3302;innovativerer
0;0.3302;innovativere
0;0.3302;innovatives
0;0.3302;innovativstem
0;0.3302;innovativsten
0;0.3302;innovativer
0;0.3302;innovativster
0;0.3302;innovativem
0;0.3302;innovativstes
0;0.3302;innovativen
0;0.3302;innovativste
0;0.3302;innovative
0;0.004;inspirieren
0;0.004;inspiriere
0;0.004;inspirierst
0;0.004;inspiriert
0;0.004;inspirierest
0;0.004;inspirieret
0;0.004;inspirierte
0;0.004;inspiriertest
0;0.004;inspirierten
0;0.004;inspiriertet
0;0.0786;inspirierend
0;0.0786;inspirierende
0;0.0786;inspirierendem
0;0.0786;inspirierenden
0;0.0786;inspirierender
0;0.0786;inspirierendes
0;0.0786;inspirierendere
0;0.0786;inspirierenderem
0;0.0786;inspirierenderen
0;0.0786;inspirierenderer
0;0.0786;inspirierenderes
0;0.0786;inspirierendste
0;0.0786;inspirierendstem
0;0.0786;inspirierendsten
0;0.0786;inspirierendster
0;0.0786;inspirierendstes
0;0.004;intakt
0;0.004;intakterer
0;0.004;intakte
0;0.004;intakteres
0;0.004;intakteren
0;0.004;intakterem
0;0.004;intaktere
0;0.004;intaktestes
0;0.004;intaktester
0;0.004;intaktem
0;0.004;intakten
0;0.004;intakter
0;0.004;intaktes
0;0.004;intakteste
0;0.004;intaktestem
0;0.004;intaktesten
0;0.004;integer
0;0.004;integerste
0;0.004;integrerem
0;0.004;integerstem
0;0.004;integre
0;0.004;integreren
0;0.004;integersten
0;0.004;integrerer
0;0.004;integreres
0;0.004;integerster
0;0.004;integerstes
0;0.004;integrer
0;0.004;integres
0;0.004;integrem
0;0.004;integren
0;0.004;integrere
0;0.0908;integrieren
0;0.0908;integrierten
0;0.0908;integriertest
0;0.0908;integriert
0;0.0908;integrierte
0;0.0908;integriertet
0;0.0908;integrierst
0;0.0908;integrieret
0;0.0908;integrierest
0;0.0908;integriere
0;0.1238;intelligent
0;0.1238;intelligenteren
0;0.1238;intelligenterem
0;0.1238;intelligentestem
0;0.1238;intelligentestes
0;0.1238;intelligentester
0;0.1238;intelligentem
0;0.1238;intelligentesten
0;0.1238;intelligenten
0;0.1238;intelligentere
0;0.1238;intelligenter
0;0.1238;intelligentes
0;0.1238;intelligente
0;0.1238;intelligenterer
0;0.1238;intelligenteres
0;0.1238;intelligenteste
0;0.004;intensiv
0;0.004;intensive
0;0.004;intensiverer
0;0.004;intensivere
0;0.004;intensiveres
0;0.004;intensivste
0;0.004;intensivsten
0;0.004;intensivstem
0;0.004;intensivster
0;0.004;intensivstes
0;0.004;intensiverem
0;0.004;intensives
0;0.004;intensiver
0;0.004;intensiveren
0;0.004;intensiven
0;0.004;intensivem
0;0.2488;interessant
0;0.2488;interessantestes
0;0.2488;interessantester
0;0.2488;interessanteste
0;0.2488;interessantere
0;0.2488;interessantestem
0;0.2488;interessantesten
0;0.2488;interessanterem
0;0.2488;interessantes
0;0.2488;interessanter
0;0.2488;interessanteren
0;0.2488;interessante
0;0.2488;interessanten
0;0.2488;interessanteres
0;0.2488;interessantem
0;0.2488;interessanterer
0;0.004;interessieren
0;0.004;interessierest
0;0.004;interessiertet
0;0.004;interessiert
0;0.004;interessiere
0;0.004;interessierst
0;0.004;interessierte
0;0.004;interessiertest
0;0.004;interessierten
0;0.004;interessieret
0;0.004;interessiert
0;0.004;interessierteren
0;0.004;interessierterem
0;0.004;interessierteste
0;0.004;interessiertes
0;0.004;interessierter
0;0.004;interessierte
0;0.004;interessierten
0;0.004;interessiertester
0;0.004;interessiertestes
0;0.004;interessiertem
0;0.004;interessiertesten
0;0.004;interessierteres
0;0.004;interessierterer
0;0.004;interessiertestem
0;0.004;interessiertere
0;0.004;investieren
0;0.004;investierte
0;0.004;investierest
0;0.004;investierten
0;0.004;investierst
0;0.004;investieret
0;0.004;investiertest
0;0.004;investiertet
0;0.004;investiere
0;0.004;investiert
0;0.0756;jubeln
0;0.0756;jubele
0;0.0756;juble
0;0.0756;jubelst
0;0.0756;jubelt
0;0.0756;jublest
0;0.0756;jublet
0;0.0756;jubelte
0;0.0756;jubeltest
0;0.0756;jubelten
0;0.0756;jubeltet
0;0.0756;gejubelt
0;0.004;kinderleicht
0;0.004;kinderleichte
0;0.004;kinderleichtem
0;0.004;kinderleichten
0;0.004;kinderleichter
0;0.004;kinderleichtes
0;0.004;klaglos
0;0.004;klaglose
0;0.004;klaglosem
0;0.004;klaglosen
0;0.004;klagloser
0;0.004;klagloses
0;0.004;klar
0;0.004;klaren
0;0.004;klareres
0;0.004;klarem
0;0.004;klarerer
0;0.004;klarer
0;0.004;klareren
0;0.004;klarstes
0;0.004;klarerem
0;0.004;klarster
0;0.004;klarere
0;0.004;klarste
0;0.004;klarstem
0;0.004;klarsten
0;0.004;klares
0;0.004;klare
0;0.3474;nan
0;0.004;klassisch
0;0.004;klassisches
0;0.004;klassische
0;0.004;klassischer
0;0.004;klassischste
0;0.004;klassischen
0;0.004;klassischerer
0;0.004;klassischeres
0;0.004;klassischerem
0;0.004;klassischere
0;0.004;klassischeren
0;0.004;klassischem
0;0.004;klassischstem
0;0.004;klassischsten
0;0.004;klassischstes
0;0.004;klassischster
0;0.457;klettern
0;0.457;kletteren
0;0.457;kletterst
0;0.457;kletterten
0;0.457;klettertest
0;0.457;geklettert
0;0.457;klettert
0;0.457;klettere
0;0.457;klettertet
0;0.457;kletterte
0;0.004;klimatisiert
0;0.004;klimatisierte
0;0.004;klimatisiertem
0;0.004;klimatisierten
0;0.004;klimatisierter
0;0.004;klimatisiertes
0;0.3532;klug
0;0.3532;kluegsten
0;0.3532;kluegstem
0;0.3532;kluge
0;0.3532;kluger
0;0.3532;kluges
0;0.3532;kluegste
0;0.3532;kluegster
0;0.3532;kluegstes
0;0.3532;klueger
0;0.3532;kluegere
0;0.3532;klugen
0;0.3532;kluegerem
0;0.3532;kluegeren
0;0.3532;klugem
0;0.3532;kluegerer
0;0.3532;kluegeres
0;0.004;klaeren
0;0.004;klaertest
0;0.004;klaerest
0;0.004;geklaert
0;0.004;klaerten
0;0.004;klaert
0;0.004;klaerst
0;0.004;klaere
0;0.004;klaeret
0;0.004;klaertet
0;0.004;klaerte
0;0.004;knorke
0;0.004;knorkem
0;0.004;knorken
0;0.004;knorker
0;0.004;knorkes
0;0.2086;knuddelig
0;0.2086;knuddelige
0;0.2086;knuddeligem
0;0.2086;knuddeligen
0;0.2086;knuddeliger
0;0.2086;knuddeliges
0;0.2086;knuddeligere
0;0.2086;knuddeligerem
0;0.2086;knuddeligeren
0;0.2086;knuddeligerer
0;0.2086;knuddeligeres
0;0.2086;knuddeligste
0;0.2086;knuddeligstem
0;0.2086;knuddeligsten
0;0.2086;knuddeligster
0;0.2086;knuddeligstes
0;0.0974;knuffig
0;0.0974;knuffige
0;0.0974;knuffigem
0;0.0974;knuffigen
0;0.0974;knuffiger
0;0.0974;knuffiges
0;0.0974;knuffigere
0;0.0974;knuffigerem
0;0.0974;knuffigeren
0;0.0974;knuffigerer
0;0.0974;knuffigeres
0;0.0974;knuffigste
0;0.0974;knuffigstem
0;0.0974;knuffigsten
0;0.0974;knuffigster
0;0.0974;knuffigstes
0;0.0809;kollegial
0;0.0809;kollegialer
0;0.0809;kollegiales
0;0.0809;kollegialere
0;0.0809;kollegialen
0;0.0809;kollegialem
0;0.0809;kollegialeren
0;0.0809;kollegialsten
0;0.0809;kollegialstes
0;0.0809;kollegialerem
0;0.0809;kollegialster
0;0.0809;kollegialste
0;0.0809;kollegiale
0;0.0809;kollegialeres
0;0.0809;kollegialstem
0;0.0809;kollegialerer
0;0.08;komfortabel
0;0.08;komfortabler
0;0.08;komfortables
0;0.08;komfortabelstes
0;0.08;komfortable
0;0.08;komfortabelster
0;0.08;komfortablem
0;0.08;komfortablen
0;0.08;komfortabelsten
0;0.08;komfortabelstem
0;0.08;komfortablerem
0;0.08;komfortableren
0;0.08;komfortablerer
0;0.08;komfortabelste
0;0.08;komfortableres
0;0.08;komfortablere
0;0.004;kommod
0;0.004;kommodestem
0;0.004;kommodesten
0;0.004;kommoderem
0;0.004;kommoderen
0;0.004;kommodestes
0;0.004;kommodester
0;0.004;kommodere
0;0.004;kommodes
0;0.004;kommoder
0;0.004;kommoderes
0;0.004;kommodeste
0;0.004;kommoderer
0;0.004;kommode
0;0.004;kommoden
0;0.004;kommodem
0;0.004;kommunikativ
0;0.004;kommunikativerer
0;0.004;kommunikativste
0;0.004;kommunikativeres
0;0.004;kommunikativeren
0;0.004;kommunikativerem
0;0.004;kommunikativster
0;0.004;kommunikativstes
0;0.004;kommunikativen
0;0.004;kommunikativsten
0;0.004;kommunikativstem
0;0.004;kommunikatives
0;0.004;kommunikative
0;0.004;kommunikativer
0;0.004;kommunikativere
0;0.004;kommunikativem
0;0.004;kompatibel
0;0.004;kompatibelstem
0;0.004;kompatibelsten
0;0.004;kompatibelster
0;0.004;kompatibelstes
0;0.004;kompatiblerer
0;0.004;kompatibleres
0;0.004;kompatibelste
0;0.004;kompatiblem
0;0.004;kompatiblen
0;0.004;kompatibles
0;0.004;kompatiblerem
0;0.004;kompatibler
0;0.004;kompatibleren
0;0.004;kompatiblere
0;0.004;kompatible
0;0.004;kompensieren
0;0.004;kompensierte
0;0.004;kompensierest
0;0.004;kompensierst
0;0.004;kompensierten
0;0.004;kompensiertest
0;0.004;kompensiere
0;0.004;kompensiert
0;0.004;kompensiertet
0;0.004;kompensieret
0;0.0789;kompetent
0;0.0789;kompetentesten
0;0.0789;kompetentestem
0;0.0789;kompetentestes
0;0.0789;kompetentester
0;0.0789;kompetentere
0;0.0789;kompetenten
0;0.0789;kompetenteres
0;0.0789;kompetentem
0;0.0789;kompetenterer
0;0.0789;kompetentes
0;0.0789;kompetenter
0;0.0789;kompetente
0;0.0789;kompetenteste
0;0.0789;kompetenteren
0;0.0789;kompetenterem
0;0.004;komplett
0;0.004;komplettester
0;0.004;kompletteste
0;0.004;komplettestes
0;0.004;kompletter
0;0.004;komplettes
0;0.004;komplettem
0;0.004;kompletten
0;0.004;kompletteres
0;0.004;kompletterer
0;0.004;komplette
0;0.004;komplettesten
0;0.004;kompletterem
0;0.004;komplettere
0;0.004;komplettestem
0;0.004;kompletteren
0;0.004;konfliktfrei
0;0.004;konfliktfreieres
0;0.004;konfliktfreies
0;0.004;konfliktfreiste
0;0.004;konfliktfreie
0;0.004;konfliktfreierer
0;0.004;konfliktfreieren
0;0.004;konfliktfreierem
0;0.004;konfliktfreiere
0;0.004;konfliktfreistem
0;0.004;konfliktfreister
0;0.004;konfliktfreisten
0;0.004;konfliktfreistes
0;0.004;konfliktfreien
0;0.004;konfliktfreiem
0;0.004;konfliktfreier
0;0.004;kongenial
0;0.004;kongenialste
0;0.004;kongenialeren
0;0.004;kongenialere
0;0.004;kongenialstem
0;0.004;kongenialerem
0;0.004;kongenialster
0;0.004;kongenialstes
0;0.004;kongenialsten
0;0.004;kongeniale
0;0.004;kongenialerer
0;0.004;kongenialeres
0;0.004;kongenialen
0;0.004;kongenialem
0;0.004;kongeniales
0;0.004;kongenialer
0;0.004;konkret
0;0.004;konkreteres
0;0.004;konkretere
0;0.004;konkreterer
0;0.004;konkreteste
0;0.004;konkreteren
0;0.004;konkreterem
0;0.004;konkretestem
0;0.004;konkretesten
0;0.004;konkrete
0;0.004;konkretester
0;0.004;konkretestes
0;0.004;konkretes
0;0.004;konkreter
0;0.004;konkreten
0;0.004;konkretem
0;0.004;konkurrenzfaehig
0;0.004;konkurrenzfaehige
0;0.004;konkurrenzfaehigere
0;0.004;konkurrenzfaehigste
0;0.004;konkurrenzfaehigem
0;0.004;konkurrenzfaehigsten
0;0.004;konkurrenzfaehigen
0;0.004;konkurrenzfaehigstem
0;0.004;konkurrenzfaehigerem
0;0.004;konkurrenzfaehigstes
0;0.004;konkurrenzfaehigeren
0;0.004;konkurrenzfaehigster
0;0.004;konkurrenzfaehiger
0;0.004;konkurrenzfaehiges
0;0.004;konkurrenzfaehigerer
0;0.004;konkurrenzfaehigeres
0;0.004;konsequent
0;0.004;konsequenterem
0;0.004;konsequenteren
0;0.004;konsequentes
0;0.004;konsequenter
0;0.004;konsequenterer
0;0.004;konsequenteste
0;0.004;konsequentestes
0;0.004;konsequenteres
0;0.004;konsequentester
0;0.004;konsequentem
0;0.004;konsequentesten
0;0.004;konsequentestem
0;0.004;konsequente
0;0.004;konsequenten
0;0.004;konsequentere
0;0.004;konsistent
0;0.004;konsistenterem
0;0.004;konsistentestes
0;0.004;konsistentester
0;0.004;konsistenten
0;0.004;konsistentem
0;0.004;konsistenteste
0;0.004;konsistenter
0;0.004;konsistenteren
0;0.004;konsistentes
0;0.004;konsistente
0;0.004;konsistenteres
0;0.004;konsistenterer
0;0.004;konsistentesten
0;0.004;konsistentere
0;0.004;konsistentestem
0;0.004;konsolidieren
0;0.004;konsolidierte
0;0.004;konsolidierest
0;0.004;konsolidieret
0;0.004;konsolidiert
0;0.004;konsolidiertest
0;0.004;konsolidiere
0;0.004;konsolidiertet
0;0.004;konsolidierst
0;0.004;konsolidierten
0;0.087;konstant
0;0.087;konstantester
0;0.087;konstantestem
0;0.087;konstantesten
0;0.087;konstanteste
0;0.087;konstantestes
0;0.087;konstantes
0;0.087;konstanterer
0;0.087;konstanter
0;0.087;konstanteres
0;0.087;konstantere
0;0.087;konstanterem
0;0.087;konstanteren
0;0.087;konstante
0;0.087;konstantem
0;0.087;konstanten
0;0.0894;konstruktiv
0;0.0894;konstruktivsten
0;0.0894;konstruktives
0;0.0894;konstruktiver
0;0.0894;konstruktivstem
0;0.0894;konstruktive
0;0.0894;konstruktivere
0;0.0894;konstruktivstes
0;0.0894;konstruktiveres
0;0.0894;konstruktivster
0;0.0894;konstruktiverer
0;0.0894;konstruktiven
0;0.0894;konstruktivem
0;0.0894;konstruktiveren
0;0.0894;konstruktiverem
0;0.0894;konstruktivste
0;0.004;konsultieren
0;0.004;konsultierest
0;0.004;konsultierten
0;0.004;konsultierst
0;0.004;konsultiertet
0;0.004;konsultierte
0;0.004;konsultieret
0;0.004;konsultiertest
0;0.004;konsultiere
0;0.004;konsultiert
0;0.004;kontinuierlich
0;0.004;kontinuierliches
0;0.004;kontinuierlichstes
0;0.004;kontinuierlichster
0;0.004;kontinuierlichen
0;0.004;kontinuierlicheres
0;0.004;kontinuierlichsten
0;0.004;kontinuierlichem
0;0.004;kontinuierlicherer
0;0.004;kontinuierlichstem
0;0.004;kontinuierlicher
0;0.004;kontinuierlicheren
0;0.004;kontinuierlicherem
0;0.004;kontinuierlichste
0;0.004;kontinuierlichere
0;0.004;kontinuierliche
0;0.004;konzertiert
0;0.004;konzertierte
0;0.004;konzertiertem
0;0.004;konzertierten
0;0.004;konzertierter
0;0.004;konzertiertes
0;0.004;konzertiertere
0;0.004;konzertierterem
0;0.004;konzertierteren
0;0.004;konzertierterer
0;0.004;konzertierteres
0;0.004;konzertierteste
0;0.004;konzertiertestem
0;0.004;konzertiertesten
0;0.004;konzertiertester
0;0.004;konzertiertestes
0;0.004;kooperativ
0;0.004;kooperativere
0;0.004;kooperativeren
0;0.004;kooperativstes
0;0.004;kooperativeres
0;0.004;kooperativster
0;0.004;kooperativerer
0;0.004;kooperative
0;0.004;kooperatives
0;0.004;kooperativerem
0;0.004;kooperativsten
0;0.004;kooperativer
0;0.004;kooperativstem
0;0.004;kooperativem
0;0.004;kooperativen
0;0.004;kooperativste
0;0.004;kooperieren
0;0.004;kooperiere
0;0.004;kooperierst
0;0.004;kooperiert
0;0.004;kooperierest
0;0.004;kooperieret
0;0.004;kooperierte
0;0.004;kooperiertest
0;0.004;kopperierten
0;0.004;kooperiertet
0;0.004;koordinieren
0;0.004;koordiniere
0;0.004;koordinierst
0;0.004;koordiniert
0;0.004;koordinierest
0;0.004;koordinieret
0;0.004;koordinierte
0;0.004;koordiniertest
0;0.004;koordinierten
0;0.004;koordiniertet
0;0.004;koordiniert
0;0.004;koordinierte
0;0.004;koordiniertem
0;0.004;koordinierten
0;0.004;koordinierter
0;0.004;koordiniertes
0;0.004;korrekt
0;0.004;korrektestem
0;0.004;korrektesten
0;0.004;korrekteste
0;0.004;korrekteren
0;0.004;korrektestes
0;0.004;korrekteres
0;0.004;korrekterer
0;0.004;korrektester
0;0.004;korrektes
0;0.004;korrektere
0;0.004;korrektem
0;0.004;korrekterem
0;0.004;korrekte
0;0.004;korrekten
0;0.004;korrekter
0;0.0777;kostbar
0;0.0777;kostbare
0;0.0777;kostbarere
0;0.0777;kostbarstes
0;0.0777;kostbarer
0;0.0777;kostbareres
0;0.0777;kostbarster
0;0.0777;kostbarerer
0;0.0777;kostbarsten
0;0.0777;kostbares
0;0.0777;kostbarste
0;0.0777;kostbarerem
0;0.0777;kostbarstem
0;0.0777;kostbaren
0;0.0777;kostbarem
0;0.0777;kostbareren
0;0.004;kostenguenstig
0;0.004;kostenguenstiges
0;0.004;kostenguenstigere
0;0.004;kostenguenstigeres
0;0.004;kostenguenstiger
0;0.004;kostenguenstigerer
0;0.004;kostenguenstige
0;0.004;kostenguenstigem
0;0.004;kostenguenstigen
0;0.004;kostenguenstigeren
0;0.004;kostenguenstigste
0;0.004;kostenguenstigstem
0;0.004;kostenguenstigsten
0;0.004;kostenguenstigstes
0;0.004;kostenguenstigster
0;0.004;kostenguenstigerem
0;0.004;kostenlos
0;0.004;kostenlose
0;0.004;kostenlosem
0;0.004;kostenlosen
0;0.004;kostenloser
0;0.004;kostenloses
0;0.2214;kraftvoll
0;0.2214;kraftvollstes
0;0.2214;kraftvollste
0;0.2214;kraftvolleren
0;0.2214;kraftvollerem
0;0.2214;kraftvollster
0;0.2214;kraftvollere
0;0.2214;kraftvollerer
0;0.2214;kraftvollem
0;0.2214;kraftvolle
0;0.2214;kraftvollen
0;0.2214;kraftvollsten
0;0.2214;kraftvollstem
0;0.2214;kraftvoller
0;0.2214;kraftvolleres
0;0.2214;kraftvolles
0;0.5865;kreativ
0;0.5865;kreative
0;0.5865;kreativste
0;0.5865;kreatives
0;0.5865;kreativstem
0;0.5865;kreativer
0;0.5865;kreativeres
0;0.5865;kreativerer
0;0.5865;kreativster
0;0.5865;kreativen
0;0.5865;kreativstes
0;0.5865;kreativem
0;0.5865;kreativeren
0;0.5865;kreativere
0;0.5865;kreativsten
0;0.5865;kreativerem
0;0.004;kritisch
0;0.004;kritischerer
0;0.004;kritischste
0;0.004;kritischeres
0;0.004;kritischsten
0;0.004;kritischstem
0;0.004;kritischster
0;0.004;kritischerem
0;0.004;kritischeren
0;0.004;kritischer
0;0.004;kritisches
0;0.004;kritischstes
0;0.004;kritischen
0;0.004;kritischem
0;0.004;kritischere
0;0.004;kritische
0;0.2408;kraeftig
0;0.2408;kraeftige
0;0.2408;kraeftigere
0;0.2408;kraeftigerem
0;0.2408;kraeftigeren
0;0.2408;kraeftigste
0;0.2408;kraeftigster
0;0.2408;kraeftigerer
0;0.2408;kraeftigstem
0;0.2408;kraeftigsten
0;0.2408;kraeftigeres
0;0.2408;kraeftigen
0;0.2408;kraeftigem
0;0.2408;kraeftiges
0;0.2408;kraeftiger
0;0.2408;kraeftigstes
0;0.004;kulant
0;0.004;kulanten
0;0.004;kulantestem
0;0.004;kulantesten
0;0.004;kulantem
0;0.004;kulantere
0;0.004;kulanteste
0;0.004;kulantestes
0;0.004;kulante
0;0.004;kulantester
0;0.004;kulantes
0;0.004;kulanter
0;0.004;kulanterem
0;0.004;kulanteren
0;0.004;kulanteres
0;0.004;kulanterer
0;0.0731;kultiviert
0;0.0731;kultivierterer
0;0.0731;kultiviertem
0;0.0731;kultivierteren
0;0.0731;kultivierterem
0;0.0731;kultivierten
0;0.0731;kultiviertes
0;0.0731;kultivierter
0;0.0731;kultivierteste
0;0.0731;kultivierteres
0;0.0731;kultiviertesten
0;0.0731;kultiviertestem
0;0.0731;kultiviertestes
0;0.0731;kultiviertester
0;0.0731;kultivierte
0;0.0731;kultiviertere
0;0.004;kunstreich
0;0.004;kunstreiches
0;0.004;kunstreichstes
0;0.004;kunstreichster
0;0.004;kunstreicher
0;0.004;kunstreichsten
0;0.004;kunstreicherem
0;0.004;kunstreichste
0;0.004;kunstreiche
0;0.004;kunstreichere
0;0.004;kunstreicheren
0;0.004;kunstreicherer
0;0.004;kunstreicheres
0;0.004;kunstreichem
0;0.004;kunstreichen
0;0.004;kunstreichstem
0;0.004;kunstvoll
0;0.004;kunstvollere
0;0.004;kunstvolleres
0;0.004;kunstvollerer
0;0.004;kunstvolleren
0;0.004;kunstvollerem
0;0.004;kunstvoller
0;0.004;kunstvollste
0;0.004;kunstvolles
0;0.004;kunstvollstem
0;0.004;kunstvollsten
0;0.004;kunstvolle
0;0.004;kunstvollster
0;0.004;kunstvollstes
0;0.004;kunstvollen
0;0.004;kunstvollem
0;0.004;kurieren
0;0.004;kurierte
0;0.004;kuriertet
0;0.004;kuriertest
0;0.004;kurierst
0;0.004;kuriert
0;0.004;kurieret
0;0.004;kuriere
0;0.004;kurierest
0;0.004;kurierten
0;0.2016;kuemmern
0;0.2016;kuemmert
0;0.2016;kuemmere
0;0.2016;kuemmerte
0;0.2016;gekuemmert
0;0.2016;kuemmertet
0;0.2016;kuemmerst
0;0.2016;kuemmertest
0;0.2016;kuemmeren
0;0.2016;kuemmerten
0;0.004;kuenstlerisch
0;0.004;kuenstlerisches
0;0.004;kuenstlerischsten
0;0.004;kuenstlerische
0;0.004;kuenstlerischstem
0;0.004;kuenstlerischere
0;0.004;kuenstlerischem
0;0.004;kuenstlerischerem
0;0.004;kuenstlerischen
0;0.004;kuenstlerischster
0;0.004;kuenstlerischstes
0;0.004;kuenstlerischer
0;0.004;kuenstlerischeren
0;0.004;kuenstlerischerer
0;0.004;kuenstlerischeres
0;0.004;kuenstlerischste
0;0.0135;lachen
0;0.0135;lachte
0;0.0135;lachten
0;0.0135;gelacht
0;0.0135;lachtest
0;0.0135;lachet
0;0.0135;lachest
0;0.0135;lachtet
0;0.0135;lacht
0;0.0135;lache
0;0.0135;lachst
0;0.2026;langlebig
0;0.2026;langlebigeres
0;0.2026;langlebigerer
0;0.2026;langlebige
0;0.2026;langlebigem
0;0.2026;langlebigen
0;0.2026;langlebigste
0;0.2026;langlebigstes
0;0.2026;langlebiger
0;0.2026;langlebiges
0;0.2026;langlebigster
0;0.2026;langlebigeren
0;0.2026;langlebigere
0;0.2026;langlebigerem
0;0.2026;langlebigsten
0;0.2026;langlebigstem
0;0.004;lautstark
0;0.004;lautstarke
0;0.004;lautstarkem
0;0.004;lautstarken
0;0.004;lautstarker
0;0.004;lautstarkes
0;0.004;lautstaerkere
0;0.004;lautstaerkerem
0;0.004;lautstaerkeren
0;0.004;lautstaerkerer
0;0.004;lautstaerkeres
0;0.004;lautstaerkste
0;0.004;lautstaerkstem
0;0.004;lautstaerksten
0;0.004;lautstaerkster
0;0.004;lautstaerkstes
0;0.0947;lebendig
0;0.0947;lebendigstes
0;0.0947;lebendigster
0;0.0947;lebendiger
0;0.0947;lebendiges
0;0.0947;lebendigem
0;0.0947;lebendigsten
0;0.0947;lebendigen
0;0.0947;lebendigstem
0;0.0947;lebendige
0;0.0947;lebendigste
0;0.0947;lebendigere
0;0.0947;lebendigerem
0;0.0947;lebendigeren
0;0.0947;lebendigerer
0;0.0947;lebendigeres
0;0.004;lebensfaehig
0;0.004;lebensfaehigem
0;0.004;lebensfaehigste
0;0.004;lebensfaehigeren
0;0.004;lebensfaehigerem
0;0.004;lebensfaehige
0;0.004;lebensfaehigster
0;0.004;lebensfaehigstes
0;0.004;lebensfaehigerer
0;0.004;lebensfaehigstem
0;0.004;lebensfaehigsten
0;0.004;lebensfaehigeres
0;0.004;lebensfaehigere
0;0.004;lebensfaehiges
0;0.004;lebensfaehiger
0;0.004;lebensfaehigen
0;0.2146;lebhaft
0;0.2146;lebhaftere
0;0.2146;lebhaften
0;0.2146;lebhaftestes
0;0.2146;lebhaftem
0;0.2146;lebhaftester
0;0.2146;lebhaftes
0;0.2146;lebhafte
0;0.2146;lebhafter
0;0.2146;lebhafterem
0;0.2146;lebhafteren
0;0.2146;lebhaftestem
0;0.2146;lebhaftesten
0;0.2146;lebhafteste
0;0.2146;lebhafterer
0;0.2146;lebhafteres
0;0.004;legal
0;0.004;legalste
0;0.004;legalstes
0;0.004;legale
0;0.004;legalerem
0;0.004;legaleren
0;0.004;legalsten
0;0.004;legalstem
0;0.004;legales
0;0.004;legaler
0;0.004;legalster
0;0.004;legalem
0;0.004;legalere
0;0.004;legalen
0;0.004;legalerer
0;0.004;legaleres
0;0.004;legendaer
0;0.004;legendaererem
0;0.004;legendaereren
0;0.004;legendaereres
0;0.004;legendaerere
0;0.004;legendaererer
0;0.004;legendaerster
0;0.004;legendaerstes
0;0.004;legendaere
0;0.004;legendaeres
0;0.004;legendaerer
0;0.004;legendaerste
0;0.004;legendaeren
0;0.004;legendaerstem
0;0.004;legendaersten
0;0.004;legendaerem
0;0.004;legitim
0;0.004;legitimsten
0;0.004;legitimstem
0;0.004;legitime
0;0.004;legitimster
0;0.004;legitimstes
0;0.004;legitimem
0;0.004;legitimen
0;0.004;legitimeres
0;0.004;legitimste
0;0.004;legitimeren
0;0.004;legitimerem
0;0.004;legitimere
0;0.004;legitimerer
0;0.004;legitimer
0;0.004;legitimes
0;0.004;leicht
0;0.004;leichte
0;0.004;leichteste
0;0.004;leichteren
0;0.004;leichterem
0;0.004;leichtere
0;0.004;leichterer
0;0.004;leichteres
0;0.004;leichtestem
0;0.004;leichtesten
0;0.004;leichten
0;0.004;leichtester
0;0.004;leichtes
0;0.004;leichtestes
0;0.004;leichter
0;0.004;leichtem
0;0.1988;leidenschaftlich
0;0.1988;leidenschaftlicherem
0;0.1988;leidenschaftlichem
0;0.1988;leidenschaftlichere
0;0.1988;leidenschaftlichen
0;0.1988;leidenschaftlicheren
0;0.1988;leidenschaftliche
0;0.1988;leidenschaftlichstem
0;0.1988;leidenschaftlichste
0;0.1988;leidenschaftlichsten
0;0.1988;leidenschaftlicheres
0;0.1988;leidenschaftlicherer
0;0.1988;leidenschaftliches
0;0.1988;leidenschaftlicher
0;0.1988;leidenschaftlichster
0;0.1988;leidenschaftlichstes
0;0.3222;leistungsfaehig
0;0.3222;leistungsfaehigsten
0;0.3222;leistungsfaehigen
0;0.3222;leistungsfaehige
0;0.3222;leistungsfaehigem
0;0.3222;leistungsfaehiger
0;0.3222;leistungsfaehigerem
0;0.3222;leistungsfaehigstem
0;0.3222;leistungsfaehigeren
0;0.3222;leistungsfaehigerer
0;0.3222;leistungsfaehigeres
0;0.3222;leistungsfaehigere
0;0.3222;leistungsfaehigste
0;0.3222;leistungsfaehigstes
0;0.3222;leistungsfaehiges
0;0.3222;leistungsfaehigster
0;0.004;leistungsstark
0;0.004;leistungsstarke
0;0.004;leistungsstarkem
0;0.004;leistungsstarken
0;0.004;leistungsstarker
0;0.004;leistungsstarkes
0;0.004;leistungsstaerkere
0;0.004;leistungsstaerkerem
0;0.004;leistungsstaerkeren
0;0.004;leistungsstaerkerer
0;0.004;leistungsstaerkeres
0;0.004;leistungsstaerkste
0;0.004;leistungsstaerkstem
0;0.004;leistungsstaerksten
0;0.004;leistungsstaerkster
0;0.004;leistungsstaerkstes
0;0.2492;lernen
0;0.2492;lerntest
0;0.2492;lernest
0;0.2492;lernten
0;0.2492;lernt
0;0.2492;lerntet
0;0.2492;lernte
0;0.2492;gelernt
0;0.2492;lernst
0;0.2492;lernet
0;0.2492;lerne
0;0.0821;leuchtend
0;0.0821;leuchtende
0;0.0821;leuchtendem
0;0.0821;leuchtenden
0;0.0821;leuchtender
0;0.0821;leuchtendes
0;0.0821;leuchtendere
0;0.0821;leuchtenderem
0;0.0821;leuchtenderen
0;0.0821;leuchtenderer
0;0.0821;leuchtenderes
0;0.0821;leuchtendste
0;0.0821;leuchtendstem
0;0.0821;leuchtendsten
0;0.0821;leuchtendster
0;0.0821;leuchtendstes
0;0.004;leutselig
0;0.004;leutseligere
0;0.004;leutseligster
0;0.004;leutseligstes
0;0.004;leutseligsten
0;0.004;leutseligstem
0;0.004;leutseligste
0;0.004;leutseligeren
0;0.004;leutseligerem
0;0.004;leutseligeres
0;0.004;leutseligerer
0;0.004;leutselige
0;0.004;leutseligem
0;0.004;leutseligen
0;0.004;leutseliges
0;0.004;leutseliger
0;0.004;liberal
0;0.004;liberaleres
0;0.004;liberale
0;0.004;liberalstem
0;0.004;liberalsten
0;0.004;liberaleren
0;0.004;liberalster
0;0.004;liberalerem
0;0.004;liberalstes
0;0.004;liberalerer
0;0.004;liberaler
0;0.004;liberalere
0;0.004;liberales
0;0.004;liberalste
0;0.004;liberalen
0;0.004;liberalem
0;0.1131;lieb
0;0.1131;liebster
0;0.1131;liebstes
0;0.1131;liebes
0;0.1131;liebere
0;0.1131;lieben
0;0.1131;liebem
0;0.1131;lieberen
0;0.1131;liebstem
0;0.1131;lieber
0;0.1131;lieberes
0;0.1131;lieberer
0;0.1131;liebsten
0;0.1131;liebe
0;0.1131;lieberem
0;0.1131;liebste
0;0.2077;liebenswert
0;0.2077;liebenswertesten
0;0.2077;liebenswertestem
0;0.2077;liebenswerteres
0;0.2077;liebenswerterer
0;0.2077;liebenswertem
0;0.2077;liebenswerterem
0;0.2077;liebenswerten
0;0.2077;liebenswerteren
0;0.2077;liebenswerter
0;0.2077;liebenswertere
0;0.2077;liebenswertes
0;0.2077;liebenswerteste
0;0.2077;liebenswerte
0;0.2077;liebenswertester
0;0.2077;liebenswertestes
0;0.2001;liebenswuerdig
0;0.2001;liebenswuerdigsten
0;0.2001;liebenswuerdigstem
0;0.2001;liebenswuerdigem
0;0.2001;liebenswuerdigste
0;0.2001;liebenswuerdigen
0;0.2001;liebenswuerdigeres
0;0.2001;liebenswuerdige
0;0.2001;liebenswuerdigstes
0;0.2001;liebenswuerdiger
0;0.2001;liebenswuerdigerer
0;0.2001;liebenswuerdiges
0;0.2001;liebenswuerdigerem
0;0.2001;liebenswuerdigster
0;0.2001;liebenswuerdigere
0;0.2001;liebenswuerdigeren
0;0.4657;liebevoll
0;0.4657;liebevolleren
0;0.4657;liebevollstem
0;0.4657;liebevollsten
0;0.4657;liebevolle
0;0.4657;liebevollerem
0;0.4657;liebevollerer
0;0.4657;liebevolleres
0;0.4657;liebevollere
0;0.4657;liebevollste
0;0.4657;liebevollen
0;0.4657;liebevollem
0;0.4657;liebevolles
0;0.4657;liebevoller
0;0.4657;liebevollstes
0;0.4657;liebevollster
0;0.004;lindern
0;0.004;lindertest
0;0.004;linderten
0;0.004;gelindert
0;0.004;linderte
0;0.004;linderen
0;0.004;linderst
0;0.004;lindert
0;0.004;lindere
0;0.004;lindertet
0;0.4445;loben
0;0.4445;lobten
0;0.4445;lobtest
0;0.4445;lobtet
0;0.4445;gelobt
0;0.4445;lobt
0;0.4445;lobest
0;0.4445;lobe
0;0.4445;lobte
0;0.4445;lobet
0;0.4445;lobst
0;0.0821;lobenswert
0;0.0821;lobenswerte
0;0.0821;lobenswerteres
0;0.0821;lobenswertem
0;0.0821;lobenswertere
0;0.0821;lobenswerterer
0;0.0821;lobenswerten
0;0.0821;lobenswerterem
0;0.0821;lobenswerteren
0;0.0821;lobenswerter
0;0.0821;lobenswertes
0;0.0821;lobenswerteste
0;0.0821;lobenswertesten
0;0.0821;lobenswertestem
0;0.0821;lobenswertester
0;0.0821;lobenswertestes
0;0.2381;locker
0;0.2381;lockreren
0;0.2381;lockererer
0;0.2381;lockrerem
0;0.2381;lockereres
0;0.2381;lockere
0;0.2381;lockrer
0;0.2381;lockreres
0;0.2381;lockrere
0;0.2381;lockersten
0;0.2381;lockerere
0;0.2381;lockeres
0;0.2381;lockerer
0;0.2381;lockerstem
0;0.2381;lockrerer
0;0.2381;lockerste
0;0.2381;lockerstes
0;0.2381;lockerster
0;0.2381;lockereren
0;0.2381;lockeren
0;0.2381;lockererem
0;0.2381;lockerem
0;0.0936;logisch
0;0.0936;logischstes
0;0.0936;logischster
0;0.0936;logischere
0;0.0936;logischen
0;0.0936;logischste
0;0.0936;logischem
0;0.0936;logisches
0;0.0936;logischer
0;0.0936;logischerer
0;0.0936;logischeres
0;0.0936;logischsten
0;0.0936;logischerem
0;0.0936;logische
0;0.0936;logischeren
0;0.0936;logischstem
0;0.004;lohnen
0;0.004;lohntest
0;0.004;lohnet
0;0.004;gelohnt
0;0.004;lohntet
0;0.004;lohnten
0;0.004;lohnt
0;0.004;lohne
0;0.004;lohnst
0;0.004;lohnest
0;0.004;lohnte
0;0.1875;lohnend
0;0.1875;lohnendem
0;0.1875;lohnendere
0;0.1875;lohnenderes
0;0.1875;lohnenden
0;0.1875;lohnenderer
0;0.1875;lohnendste
0;0.1875;lohnender
0;0.1875;lohnenderen
0;0.1875;lohnende
0;0.1875;lohnendstem
0;0.1875;lohnenderem
0;0.1875;lohnendsten
0;0.1875;lohnendstes
0;0.1875;lohnendster
0;0.1875;lohnendes
0;0.004;loyal
0;0.004;loyalste
0;0.004;loyale
0;0.004;loyaleren
0;0.004;loyalerem
0;0.004;loyalerer
0;0.004;loyalstes
0;0.004;loyaleres
0;0.004;loyalster
0;0.004;loyalere
0;0.004;loyalstem
0;0.004;loyalsten
0;0.004;loyalen
0;0.004;loyalem
0;0.004;loyaler
0;0.004;loyales
0;0.004;lukrativ
0;0.004;lukrativere
0;0.004;lukrativste
0;0.004;lukrativerer
0;0.004;lukrativeres
0;0.004;lukrativerem
0;0.004;lukrativeren
0;0.004;lukrative
0;0.004;lukratives
0;0.004;lukrativstem
0;0.004;lukrativsten
0;0.004;lukrativer
0;0.004;lukrativster
0;0.004;lukrativem
0;0.004;lukrativstes
0;0.004;lukrativen
0;0.0835;luxurioes
0;0.0835;luxurioesem
0;0.0835;luxurioesen
0;0.0835;luxurioesere
0;0.0835;luxurioeser
0;0.0835;luxurioeses
0;0.0835;luxurioeserem
0;0.0835;luxurioesester
0;0.0835;luxurioeseren
0;0.0835;luxurioesestes
0;0.0835;luxurioeserer
0;0.0835;luxurioeseres
0;0.0835;luxurioeseste
0;0.0835;luxurioese
0;0.0835;luxurioesesten
0;0.0835;luxurioesestem
0;0.3399;laecheln
0;0.3399;laechele
0;0.3399;laechle
0;0.3399;laechelst
0;0.3399;laechelt
0;0.3399;laechlest
0;0.3399;laechlet
0;0.3399;laechelte
0;0.3399;laecheltest
0;0.3399;laechelten
0;0.3399;laecheltet
0;0.3399;gelaechelt
0;0.2095;laessig
0;0.2095;laessige
0;0.2095;laessigem
0;0.2095;laessigen
0;0.2095;laessiger
0;0.2095;laessiges
0;0.2095;laessigere
0;0.2095;laessigerem
0;0.2095;laessigeren
0;0.2095;laessigerer
0;0.2095;laessigeres
0;0.2095;laessigste
0;0.2095;laessigstem
0;0.2095;laessigsten
0;0.2095;laessigster
0;0.2095;laessigstes
0;0.004;loeblich
0;0.004;loeblicherer
0;0.004;loeblicheres
0;0.004;loeblichstem
0;0.004;loeblichen
0;0.004;loeblichem
0;0.004;loeblicheren
0;0.004;loeblichsten
0;0.004;loeblicher
0;0.004;loebliches
0;0.004;loeblichster
0;0.004;loeblichere
0;0.004;loeblichstes
0;0.004;loebliche
0;0.004;loeblichste
0;0.004;loeblicherem
0;0.004;loesen
0;0.004;loestet
0;0.004;loesest
0;0.004;geloest
0;0.004;loeset
0;0.004;loestest
0;0.004;loeste
0;0.004;loest
0;0.004;loesten
0;0.004;loese
0;0.004;lueckenlos
0;0.004;lueckenlosestem
0;0.004;lueckenlosem
0;0.004;lueckenloserem
0;0.004;lueckenloseren
0;0.004;lueckenloseres
0;0.004;lueckenlosen
0;0.004;lueckenloserer
0;0.004;lueckenlosere
0;0.004;lueckenloser
0;0.004;lueckenloses
0;0.004;lueckenlosesten
0;0.004;lueckenlose
0;0.004;lueckenlosestes
0;0.004;lueckenlosester
0;0.004;lueckenloseste
0;0.004;magisch
0;0.004;magischeres
0;0.004;magischerer
0;0.004;magischeren
0;0.004;magischstes
0;0.004;magischerem
0;0.004;magischster
0;0.004;magisches
0;0.004;magischere
0;0.004;magische
0;0.004;magischstem
0;0.004;magischer
0;0.004;magischsten
0;0.004;magischem
0;0.004;magischen
0;0.004;magischste
0;0.073;majestaetisch
0;0.073;majestaetische
0;0.073;majestaetischstem
0;0.073;majestaetischsten
0;0.073;majestaetischstes
0;0.073;majestaetischerer
0;0.073;majestaetischeres
0;0.073;majestaetischster
0;0.073;majestaetischerem
0;0.073;majestaetischeren
0;0.073;majestaetischere
0;0.073;majestaetischste
0;0.073;majestaetischen
0;0.073;majestaetisches
0;0.073;majestaetischer
0;0.073;majestaetischem
0;0.2;makellos
0;0.2;makelloses
0;0.2;makelloseren
0;0.2;makelloseres
0;0.2;makelloserer
0;0.2;makellosesten
0;0.2;makellosestem
0;0.2;makelloserem
0;0.2;makelloser
0;0.2;makelloseste
0;0.2;makellosester
0;0.2;makellosestes
0;0.2;makellosem
0;0.2;makellosen
0;0.2;makellose
0;0.2;makellosere
0;0.0753;malerisch
0;0.0753;malerischster
0;0.0753;malerischstes
0;0.0753;malerischerem
0;0.0753;malerischem
0;0.0753;malerischeren
0;0.0753;malerischen
0;0.0753;malerischerer
0;0.0753;malerischste
0;0.0753;malerischeres
0;0.0753;malerischere
0;0.0753;malerische
0;0.0753;malerischer
0;0.0753;malerisches
0;0.0753;malerischstem
0;0.0753;malerischsten
0;0.1935;markant
0;0.1935;markantere
0;0.1935;markanteres
0;0.1935;markanterer
0;0.1935;markante
0;0.1935;markanteren
0;0.1935;markanter
0;0.1935;markanterem
0;0.1935;markanteste
0;0.1935;markantestes
0;0.1935;markantester
0;0.1935;markantem
0;0.1935;markanten
0;0.1935;markantesten
0;0.1935;markantestem
0;0.1935;markantes
0;0.004;massiv
0;0.004;massivstes
0;0.004;massiven
0;0.004;massivem
0;0.004;massiver
0;0.004;massives
0;0.004;massive
0;0.004;massiverem
0;0.004;massiveren
0;0.004;massivsten
0;0.004;massivstem
0;0.004;massiverer
0;0.004;massivster
0;0.004;massiveres
0;0.004;massivere
0;0.004;massivste
0;0.004;maximal
0;0.004;maximalem
0;0.004;maximalen
0;0.004;maximalste
0;0.004;maximaleres
0;0.004;maximalerer
0;0.004;maximalstem
0;0.004;maximalster
0;0.004;maximalsten
0;0.004;maximalstes
0;0.004;maximaleren
0;0.004;maximalerem
0;0.004;maximale
0;0.004;maximales
0;0.004;maximaler
0;0.004;maximalere
0;0.004;maximieren
0;0.004;maximierten
0;0.004;maximierest
0;0.004;maximierte
0;0.004;maximierst
0;0.004;maximieret
0;0.004;maximiert
0;0.004;maximiere
0;0.004;maximiertet
0;0.004;maximiertest
0;0.004;meisterhaft
0;0.004;meisterhaftes
0;0.004;meisterhafter
0;0.004;meisterhaftestes
0;0.004;meisterhafterem
0;0.004;meisterhaftester
0;0.004;meisterhaftestem
0;0.004;meisterhaftesten
0;0.004;meisterhafteren
0;0.004;meisterhafterer
0;0.004;meisterhafteres
0;0.004;meisterhaftem
0;0.004;meisterhaften
0;0.004;meisterhafte
0;0.004;meisterhafteste
0;0.004;meisterhaftere
0;0.004;meisterlich
0;0.004;meisterlichem
0;0.004;meisterlichen
0;0.004;meisterlicher
0;0.004;meisterliches
0;0.004;meisterlichstes
0;0.004;meisterliche
0;0.004;meisterlichster
0;0.004;meisterlichstem
0;0.004;meisterlichsten
0;0.004;meisterlicherem
0;0.004;meisterlicheren
0;0.004;meisterlichere
0;0.004;meisterlichste
0;0.004;meisterlicherer
0;0.004;meisterlicheres
0;0.004;menschenwuerdig
0;0.004;menschenwuerdigeren
0;0.004;menschenwuerdigerem
0;0.004;menschenwuerdigster
0;0.004;menschenwuerdige
0;0.004;menschenwuerdigerer
0;0.004;menschenwuerdigstes
0;0.004;menschenwuerdigeres
0;0.004;menschenwuerdigsten
0;0.004;menschenwuerdigstem
0;0.004;menschenwuerdigere
0;0.004;menschenwuerdigste
0;0.004;menschenwuerdiger
0;0.004;menschenwuerdiges
0;0.004;menschenwuerdigem
0;0.004;menschenwuerdigen
0;0.3324;menschlich
0;0.3324;menschlichstes
0;0.3324;menschlichster
0;0.3324;menschlichste
0;0.3324;menschlichere
0;0.3324;menschlicher
0;0.3324;menschliches
0;0.3324;menschlichem
0;0.3324;menschlichen
0;0.3324;menschlichsten
0;0.3324;menschlicherer
0;0.3324;menschlicheres
0;0.3324;menschliche
0;0.3324;menschlichstem
0;0.3324;menschlicheren
0;0.3324;menschlicherem
0;0.004;messbar
0;0.004;messbare
0;0.004;messbarem
0;0.004;messbaren
0;0.004;messbarer
0;0.004;messbares
0;0.004;messbarere
0;0.004;messbarerem
0;0.004;messbareren
0;0.004;messbarerer
0;0.004;messbareres
0;0.004;messbarste
0;0.004;messbarstem
0;0.004;messbarsten
0;0.004;messbarster
0;0.004;messbarstes
0;0.3303;mild
0;0.3303;milde
0;0.3303;mildem
0;0.3303;milden
0;0.3303;milder
0;0.3303;mildes
0;0.3303;mildere
0;0.3303;milderem
0;0.3303;milderen
0;0.3303;milderer
0;0.3303;milderes
0;0.3303;mildeste
0;0.3303;mildestem
0;0.3303;mildesten
0;0.3303;mildester
0;0.3303;mildestes
0;0.3697;nan
0;0.0922;mitfuehlen
0;0.0922;mitfuehltest
0;0.0922;mitgefuehlt
0;0.0922;mitfuehlt
0;0.0922;mitfuehlet
0;0.0922;mitfuehlten
0;0.0922;mitfuehle
0;0.0922;mitfuehlest
0;0.0922;mitfuehltet
0;0.0922;mitfuehlst
0;0.0922;mitfuehlte
0;0.004;mitmenschlich
0;0.004;mitmenschlichere
0;0.004;mitmenschliches
0;0.004;mitmenschlichsten
0;0.004;mitmenschlichstem
0;0.004;mitmenschliche
0;0.004;mitmenschlicher
0;0.004;mitmenschlichste
0;0.004;mitmenschlichstes
0;0.004;mitmenschlichster
0;0.004;mitmenschlichem
0;0.004;mitmenschlichen
0;0.004;mitmenschlicherem
0;0.004;mitmenschlicheren
0;0.004;mitmenschlicheres
0;0.004;mitmenschlicherer
0;0.004;mobil
0;0.004;mobilerer
0;0.004;mobilste
0;0.004;mobilsten
0;0.004;mobileres
0;0.004;mobilstem
0;0.004;mobilerem
0;0.004;mobilere
0;0.004;mobileren
0;0.004;mobilen
0;0.004;mobilem
0;0.004;mobiler
0;0.004;mobiles
0;0.004;mobilstes
0;0.004;mobilster
0;0.004;mobile
0;0.004;mobilisieren
0;0.004;mobilisierst
0;0.004;mobilisierte
0;0.004;mobilisierest
0;0.004;mobilisierten
0;0.004;mobilisiertet
0;0.004;mobilisiertest
0;0.004;mobilisieret
0;0.004;mobilisiere
0;0.004;mobilisiert
0;0.2287;modern
0;0.2287;moderneren
0;0.2287;modernerem
0;0.2287;modernem
0;0.2287;modernes
0;0.2287;moderner
0;0.2287;modernerer
0;0.2287;modernen
0;0.2287;moderne
0;0.2287;moderneres
0;0.2287;modernstes
0;0.2287;modernste
0;0.2287;modernster
0;0.2287;modernstem
0;0.2287;modernsten
0;0.2287;modernere
0;0.004;modernisieren
0;0.004;modernisiere
0;0.004;modernisierst
0;0.004;modernisiert
0;0.004;modernisierest
0;0.004;modernisieret
0;0.004;modernisierte
0;0.004;modernisiertest
0;0.004;modernisierten
0;0.004;modernisiertet
0;0.004;mondaen
0;0.004;mondaensten
0;0.004;mondaeneren
0;0.004;mondaenes
0;0.004;mondaeneres
0;0.004;mondaenste
0;0.004;mondaenerer
0;0.004;mondaenstem
0;0.004;mondaenerem
0;0.004;mondaene
0;0.004;mondaenem
0;0.004;mondaenen
0;0.004;mondaenstes
0;0.004;mondaenere
0;0.004;mondaenster
0;0.004;mondaener
0;0.004;monumental
0;0.004;monumentalere
0;0.004;monumentalerem
0;0.004;monumentaleres
0;0.004;monumentalstem
0;0.004;monumentalerer
0;0.004;monumentaler
0;0.004;monumentalste
0;0.004;monumentaleren
0;0.004;monumentalem
0;0.004;monumentalsten
0;0.004;monumentalen
0;0.004;monumentalstes
0;0.004;monumentalster
0;0.004;monumentales
0;0.004;monumentale
0;0.004;moralisch
0;0.004;moralischstes
0;0.004;moralischster
0;0.004;moralischste
0;0.004;moralischere
0;0.004;moralischstem
0;0.004;moralischerem
0;0.004;moralischsten
0;0.004;moralischeres
0;0.004;moralischerer
0;0.004;moralisches
0;0.004;moralischeren
0;0.004;moralischen
0;0.004;moralischem
0;0.004;moralische
0;0.004;moralischer
0;0.2248;motivieren
0;0.2248;motiviere
0;0.2248;motivierst
0;0.2248;motiviert
0;0.2248;motivierest
0;0.2248;motivieret
0;0.2248;motivierte
0;0.2248;motiviertest
0;0.2248;motivierten
0;0.2248;motiviertet
0;0.3541;motiviert
0;0.3541;motivierteres
0;0.3541;motiviertestes
0;0.3541;motivierterem
0;0.3541;motiviertester
0;0.3541;motivierteren
0;0.3541;motivierte
0;0.3541;motiviertesten
0;0.3541;motivierterer
0;0.3541;motiviertestem
0;0.3541;motiviertes
0;0.3541;motivierter
0;0.3541;motivierteste
0;0.3541;motiviertere
0;0.3541;motiviertem
0;0.3541;motivierten
0;0.004;mustergueltig
0;0.004;mustergueltigem
0;0.004;mustergueltigstem
0;0.004;mustergueltigsten
0;0.004;mustergueltigen
0;0.004;mustergueltigste
0;0.004;mustergueltigster
0;0.004;mustergueltiges
0;0.004;mustergueltiger
0;0.004;mustergueltige
0;0.004;mustergueltigstes
0;0.004;mustergueltigerem
0;0.004;mustergueltigeren
0;0.004;mustergueltigere
0;0.004;mustergueltigerer
0;0.004;mustergueltigeres
0;0.3435;mutig
0;0.3435;mutige
0;0.3435;mutiges
0;0.3435;mutigstem
0;0.3435;mutigsten
0;0.3435;mutigere
0;0.3435;mutigster
0;0.3435;mutigen
0;0.3435;mutigstes
0;0.3435;mutigem
0;0.3435;mutigerer
0;0.3435;mutigeres
0;0.3435;mutigste
0;0.3435;mutiger
0;0.3435;mutigerem
0;0.3435;mutigeren
0;0.2277;maechtig
0;0.2277;maechtigste
0;0.2277;maechtigstem
0;0.2277;maechtigerem
0;0.2277;maechtiger
0;0.2277;maechtigere
0;0.2277;maechtiges
0;0.2277;maechtigeren
0;0.2277;maechtigerer
0;0.2277;maechtigeres
0;0.2277;maechtigsten
0;0.2277;maechtigem
0;0.2277;maechtigen
0;0.2277;maechtigster
0;0.2277;maechtigstes
0;0.2277;maechtige
0;0.345;moegen
0;0.345;mag
0;0.345;magst
0;0.345;moegt
0;0.345;moege
0;0.345;moegest
0;0.345;moeget
0;0.345;mochte
0;0.345;mochtest
0;0.345;mochten
0;0.345;mochtet
0;0.345;moechte
0;0.345;moechtest
0;0.345;moechten
0;0.345;moechtet
0;0.345;gemocht
0;0.004;moeglich
0;0.004;moegliche
0;0.004;moeglichem
0;0.004;moeglichen
0;0.004;moeglicher
0;0.004;moegliches
0;0.004;muehelos
0;0.004;muehelosere
0;0.004;mueheloserer
0;0.004;mueheloseres
0;0.004;muehelosester
0;0.004;mueheloseren
0;0.004;muehelosestem
0;0.004;muehelosesten
0;0.004;mueheloserem
0;0.004;mueheloser
0;0.004;mueheloses
0;0.004;muehelosen
0;0.004;muehelosem
0;0.004;muehelose
0;0.004;mueheloseste
0;0.004;muehelosestes
0;0.0818;nachahmenswert
0;0.0818;nachahmenswerteren
0;0.0818;nachahmenswertesten
0;0.0818;nachahmenswerterem
0;0.0818;nachahmenswertestem
0;0.0818;nachahmenswertem
0;0.0818;nachahmenswerterer
0;0.0818;nachahmenswerten
0;0.0818;nachahmenswerteres
0;0.0818;nachahmenswertester
0;0.0818;nachahmenswerte
0;0.0818;nachahmenswertestes
0;0.0818;nachahmenswerter
0;0.0818;nachahmenswertere
0;0.0818;nachahmenswertes
0;0.0818;nachahmenswerteste
0;0.004;nachhaltig
0;0.004;nachhaltigstem
0;0.004;nachhaltigsten
0;0.004;nachhaltigstes
0;0.004;nachhaltigster
0;0.004;nachhaltigeren
0;0.004;nachhaltigere
0;0.004;nachhaltigerem
0;0.004;nachhaltige
0;0.004;nachhaltiges
0;0.004;nachhaltiger
0;0.004;nachhaltigen
0;0.004;nachhaltigem
0;0.004;nachhaltigerer
0;0.004;nachhaltigste
0;0.004;nachhaltigeres
0;0.2267;nah
0;0.2267;nahe
0;0.2267;nahem
0;0.2267;nahen
0;0.2267;naher
0;0.2267;nahes
0;0.2267;naehere
0;0.2267;naeherem
0;0.2267;naeheren
0;0.2267;naeherer
0;0.2267;naeheres
0;0.2267;naechste
0;0.2267;naechstem
0;0.2267;naechsten
0;0.2267;naechster
0;0.2267;naechstes
0;0.004;namhaft
0;0.004;namhaftesten
0;0.004;namhaftestem
0;0.004;namhafte
0;0.004;namhafteste
0;0.004;namhaftere
0;0.004;namhafteres
0;0.004;namhaftestes
0;0.004;namhafterer
0;0.004;namhaftester
0;0.004;namhafteren
0;0.004;namhaften
0;0.004;namhafterem
0;0.004;namhaftem
0;0.004;namhaftes
0;0.004;namhafter
0;0.004;nennenswert
0;0.004;nennenswerteres
0;0.004;nennenswerterer
0;0.004;nennenswerterem
0;0.004;nennenswertere
0;0.004;nennenswerteren
0;0.004;nennenswerte
0;0.004;nennenswertestem
0;0.004;nennenswertes
0;0.004;nennenswerter
0;0.004;nennenswertesten
0;0.004;nennenswerten
0;0.004;nennenswertestes
0;0.004;nennenswertester
0;0.004;nennenswertem
0;0.004;nennenswerteste
0;0.1405;nett
0;0.1405;netteren
0;0.1405;netterem
0;0.1405;nette
0;0.1405;netten
0;0.1405;netteste
0;0.1405;netter
0;0.1405;nettes
0;0.1405;nettere
0;0.1405;nettestem
0;0.1405;nettem
0;0.1405;nettestes
0;0.1405;nettester
0;0.1405;nettesten
0;0.1405;netterer
0;0.1405;netteres
0;0.004;neu
0;0.004;neuem
0;0.004;neuen
0;0.004;neustem
0;0.004;neusten
0;0.004;neuer
0;0.004;neueste
0;0.004;neustes
0;0.004;neuster
0;0.004;neues
0;0.004;neuerem
0;0.004;neue
0;0.004;neueren
0;0.004;neuester
0;0.004;neueres
0;0.004;neuste
0;0.004;neuestes
0;0.004;neuere
0;0.004;neuerer
0;0.004;neuesten
0;0.004;neuestem
0;0.0987;niedlich
0;0.0987;niedlicherer
0;0.0987;niedlicheres
0;0.0987;niedlichsten
0;0.0987;niedlicherem
0;0.0987;niedlicheren
0;0.0987;niedlichstem
0;0.0987;niedlichster
0;0.0987;niedlichstes
0;0.0987;niedlichste
0;0.0987;niedliche
0;0.0987;niedlicher
0;0.0987;niedliches
0;0.0987;niedlichen
0;0.0987;niedlichem
0;0.0987;niedlichere
0;0.004;nutzbringend
0;0.004;nutzbringenderes
0;0.004;nutzbringenderer
0;0.004;nutzbringendem
0;0.004;nutzbringenden
0;0.004;nutzbringendstem
0;0.004;nutzbringender
0;0.004;nutzbringendsten
0;0.004;nutzbringendstes
0;0.004;nutzbringendere
0;0.004;nutzbringendster
0;0.004;nutzbringendes
0;0.004;nutzbringendste
0;0.004;nutzbringenderem
0;0.004;nutzbringende
0;0.004;nutzbringenderen
0;0.004;naehren
0;0.004;naehrtest
0;0.004;naehrst
0;0.004;naehrte
0;0.004;naehret
0;0.004;naehrten
0;0.004;naehrt
0;0.004;naehre
0;0.004;naehrtet
0;0.004;naehrest
0;0.004;genaehrt
0;0.004;nuetzen
0;0.004;nuetztest
0;0.004;nuetze
0;0.004;nuetzet
0;0.004;nuetzt
0;0.004;nuetzest
0;0.004;nuetztet
0;0.004;nuetzten
0;0.004;nuetzte
0;0.004;genuetzt
0;0.2302;nuetzlich
0;0.2302;nuetzlicherem
0;0.2302;nuetzlichste
0;0.2302;nuetzlichere
0;0.2302;nuetzlichem
0;0.2302;nuetzlicheren
0;0.2302;nuetzlichen
0;0.2302;nuetzlichsten
0;0.2302;nuetzlichster
0;0.2302;nuetzlichstes
0;0.2302;nuetzlichstem
0;0.2302;nuetzlicher
0;0.2302;nuetzlicheres
0;0.2302;nuetzliche
0;0.2302;nuetzlicherer
0;0.2302;nuetzliches
0;0.004;offensichtlich
0;0.004;offensichtlichsten
0;0.004;offensichtlichste
0;0.004;offensichtlichstem
0;0.004;offensichtlicherer
0;0.004;offensichtlicheres
0;0.004;offensichtlichen
0;0.004;offensichtliche
0;0.004;offensichtlichem
0;0.004;offensichtlicherem
0;0.004;offensichtlicheren
0;0.004;offensichtlichere
0;0.004;offensichtlicher
0;0.004;offensichtliches
0;0.004;offensichtlichster
0;0.004;offensichtlichstes
0;0.2162;optimal
0;0.2162;optimale
0;0.2162;optimalem
0;0.2162;optimalen
0;0.2162;optimaler
0;0.2162;optimales
0;0.2162;optimalere
0;0.2162;optimalerem
0;0.2162;optimaleren
0;0.2162;optimalerer
0;0.2162;optimaleres
0;0.2162;optimalste
0;0.2162;optimalstem
0;0.2162;optimalsten
0;0.2162;optimalster
0;0.2162;optimalstes
0;0.004;optimistisch
0;0.004;optimistische
0;0.004;optimistischem
0;0.004;optimistischen
0;0.004;optimistischer
0;0.004;optimistisches
0;0.004;optimistischere
0;0.004;optimistischerem
0;0.004;optimistischeren
0;0.004;optimistischerer
0;0.004;optimistischeres
0;0.004;optimistischste
0;0.004;optimistischstem
0;0.004;optimistischsten
0;0.004;optimistischster
0;0.004;optimistischstes
0;0.0073;ordentlich
0;0.0073;ordentlichen
0;0.0073;ordentlichem
0;0.0073;ordentlicheren
0;0.0073;ordentliches
0;0.0073;ordentlicher
0;0.0073;ordentlicherem
0;0.0073;ordentlicheres
0;0.0073;ordentlicherer
0;0.0073;ordentlichste
0;0.0073;ordentliche
0;0.0073;ordentlichstes
0;0.0073;ordentlichster
0;0.0073;ordentlichstem
0;0.0073;ordentlichsten
0;0.0073;ordentlichere
0;0.004;ordnungsgemaess
0;0.004;ordnungsgemaesse
0;0.004;ordnungsgemaesses
0;0.004;ordnungsgemaesser
0;0.004;ordnungsgemaessem
0;0.004;ordnungsgemaessen
0;0.004;ordnungsgemaessten
0;0.004;ordnungsgemaesstem
0;0.004;ordnungsgemaesster
0;0.004;ordnungsgemaesstes
0;0.004;ordnungsgemaesserer
0;0.004;ordnungsgemaesseres
0;0.004;ordnungsgemaesserem
0;0.004;ordnungsgemaesst
0;0.004;ordnungsgemaessere
0;0.004;ordnungsgemaesseren
0;0.004;ordnungsgemaesste
0;0.004;original
0;0.004;originale
0;0.004;originalem
0;0.004;originalen
0;0.004;originaler
0;0.004;originales
0;0.004;originalere
0;0.004;originalerem
0;0.004;originaleren
0;0.004;originalerer
0;0.004;originaleres
0;0.004;originalste
0;0.004;originalstem
0;0.004;originalsten
0;0.004;originalster
0;0.004;originalstes
0;0.004;packend
0;0.004;packende
0;0.004;packendem
0;0.004;packenden
0;0.004;packender
0;0.004;packendes
0;0.004;packendere
0;0.004;packenderem
0;0.004;packenderen
0;0.004;packenderer
0;0.004;packenderes
0;0.004;packendste
0;0.004;packendstem
0;0.004;packendsten
0;0.004;packendster
0;0.004;packendstes
0;0.2068;paradiesisch
0;0.2068;paradiesisches
0;0.2068;paradiesischstem
0;0.2068;paradiesischerem
0;0.2068;paradiesischsten
0;0.2068;paradiesischerer
0;0.2068;paradiesischeres
0;0.2068;paradiesischeren
0;0.2068;paradiesische
0;0.2068;paradiesischste
0;0.2068;paradiesischster
0;0.2068;paradiesischen
0;0.2068;paradiesischstes
0;0.2068;paradiesischem
0;0.2068;paradiesischer
0;0.2068;paradiesischere
0;0.004;partnerschaftlich
0;0.004;partnerschaftlichste
0;0.004;partnerschaftlichem
0;0.004;partnerschaftlichen
0;0.004;partnerschaftlicheres
0;0.004;partnerschaftlichstes
0;0.004;partnerschaftlicherer
0;0.004;partnerschaftlicher
0;0.004;partnerschaftliches
0;0.004;partnerschaftlicherem
0;0.004;partnerschaftlicheren
0;0.004;partnerschaftliche
0;0.004;partnerschaftlichster
0;0.004;partnerschaftlichere
0;0.004;partnerschaftlichsten
0;0.004;partnerschaftlichstem
0;0.1201;passend
0;0.1201;passende
0;0.1201;passendem
0;0.1201;passenden
0;0.1201;passender
0;0.1201;passendes
0;0.1201;passendere
0;0.1201;passenderem
0;0.1201;passenderen
0;0.1201;passenderer
0;0.1201;passenderes
0;0.1201;passendste
0;0.1201;passendstem
0;0.1201;passendsten
0;0.1201;passendster
0;0.1201;passendstes
0;0.7299;perfekt
0;0.7299;perfekterer
0;0.7299;perfekteren
0;0.7299;perfektes
0;0.7299;perfekter
0;0.7299;perfekterem
0;0.7299;perfektester
0;0.7299;perfektestes
0;0.7299;perfektem
0;0.7299;perfekten
0;0.7299;perfektesten
0;0.7299;perfekteres
0;0.7299;perfekteste
0;0.7299;perfektestem
0;0.7299;perfektere
0;0.7299;perfekte
0;0.2325;pflegen
0;0.2325;pflegst
0;0.2325;pflegten
0;0.2325;pflegtest
0;0.2325;pflegt
0;0.2325;pflege
0;0.2325;pflegte
0;0.2325;pflegest
0;0.2325;pfleget
0;0.2325;pflegtet
0;0.2325;gepflegt
0;0.3064;phantasievoll
0;0.3064;phantasievollerem
0;0.3064;phantasievoller
0;0.3064;phantasievollere
0;0.3064;phantasievollstem
0;0.3064;phantasievolles
0;0.3064;phantasievolleren
0;0.3064;phantasievollstes
0;0.3064;phantasievollster
0;0.3064;phantasievollste
0;0.3064;phantasievollsten
0;0.3064;phantasievollerer
0;0.3064;phantasievolleres
0;0.3064;phantasievolle
0;0.3064;phantasievollen
0;0.3064;phantasievollem
0;0.565;phantastisch
0;0.565;phantastische
0;0.565;phantastischem
0;0.565;phantastischen
0;0.565;phantastischer
0;0.565;phantastisches
0;0.565;phantastischere
0;0.565;phantastischerem
0;0.565;phantastischeren
0;0.565;phantastischerer
0;0.565;phantastischeres
0;0.565;phantastischste
0;0.565;phantastischstem
0;0.565;phantastischsten
0;0.565;phantastischster
0;0.565;phantastischstes
0;0.08;phaenomenal
0;0.08;phaenomenalen
0;0.08;phaenomenalem
0;0.08;phaenomenale
0;0.08;phaenomenalster
0;0.08;phaenomenalstes
0;0.08;phaenomenalste
0;0.08;phaenomenaleres
0;0.08;phaenomenalerer
0;0.08;phaenomenalerem
0;0.08;phaenomenaleren
0;0.08;phaenomenales
0;0.08;phaenomenalsten
0;0.08;phaenomenalstem
0;0.08;phaenomenaler
0;0.08;phaenomenalere
0;0.004;planmaessig
0;0.004;planmaessigerem
0;0.004;planmaessigstem
0;0.004;planmaessigsten
0;0.004;planmaessigeren
0;0.004;planmaessigste
0;0.004;planmaessigerer
0;0.004;planmaessigstes
0;0.004;planmaessigeres
0;0.004;planmaessigere
0;0.004;planmaessigster
0;0.004;planmaessige
0;0.004;planmaessigem
0;0.004;planmaessigen
0;0.004;planmaessiger
0;0.004;planmaessiges
0;0.004;planvoll
0;0.004;planvollstes
0;0.004;planvollster
0;0.004;planvoller
0;0.004;planvollerem
0;0.004;planvollen
0;0.004;planvollem
0;0.004;planvollste
0;0.004;planvolleren
0;0.004;planvolle
0;0.004;planvolleres
0;0.004;planvollerer
0;0.004;planvollere
0;0.004;planvollstem
0;0.004;planvollsten
0;0.004;planvolles
0;0.004;plausibel
0;0.004;plausiblere
0;0.004;plausible
0;0.004;plausibelstem
0;0.004;plausibelsten
0;0.004;plausibelste
0;0.004;plausibler
0;0.004;plausibles
0;0.004;plausiblem
0;0.004;plausibelstes
0;0.004;plausiblen
0;0.004;plausiblerem
0;0.004;plausibelster
0;0.004;plausibleren
0;0.004;plausiblerer
0;0.004;plausibleres
0;0.004;pompoes
0;0.004;pompoeseste
0;0.004;pompoesesten
0;0.004;pompoesestes
0;0.004;pompoesester
0;0.004;pompoesem
0;0.004;pompoesere
0;0.004;pompoeseres
0;0.004;pompoesestem
0;0.004;pompoese
0;0.004;pompoeserer
0;0.004;pompoeseren
0;0.004;pompoeses
0;0.004;pompoeser
0;0.004;pompoeserem
0;0.004;pompoesen
0;0.004;populaer
0;0.004;populaere
0;0.004;populaerem
0;0.004;populaeren
0;0.004;populaerer
0;0.004;populaeres
0;0.004;populaerere
0;0.004;populaererem
0;0.004;populaereren
0;0.004;populaererer
0;0.004;populaereres
0;0.004;populaererste
0;0.004;populaererstem
0;0.004;populaerersten
0;0.004;populaererster
0;0.004;populaererstes
0;0.004;positiv
0;0.004;positive
0;0.004;positivem
0;0.004;positiven
0;0.004;positiver
0;0.004;positives
0;0.004;positivere
0;0.004;positiverem
0;0.004;positiveren
0;0.004;positiverer
0;0.004;positiveres
0;0.0864;potent
0;0.0864;potenteres
0;0.0864;potenterer
0;0.0864;potenteste
0;0.0864;potentere
0;0.0864;potentem
0;0.0864;potenten
0;0.0864;potentester
0;0.0864;potentestes
0;0.0864;potente
0;0.0864;potentes
0;0.0864;potentesten
0;0.0864;potenter
0;0.0864;potentestem
0;0.0864;potenteren
0;0.0864;potenterem
0;0.004;prachtvoll
0;0.004;prachtvollstes
0;0.004;prachtvolles
0;0.004;prachtvoller
0;0.004;prachtvollem
0;0.004;prachtvollen
0;0.004;prachtvolle
0;0.004;prachtvollere
0;0.004;prachtvollstem
0;0.004;prachtvollsten
0;0.004;prachtvolleres
0;0.004;prachtvollerer
0;0.004;prachtvollste
0;0.004;prachtvollster
0;0.004;prachtvollerem
0;0.004;prachtvolleren
0;0.0744;praktikabel
0;0.0744;praktikable
0;0.0744;praktikabler
0;0.0744;praktikables
0;0.0744;praktikableres
0;0.0744;praktikablerer
0;0.0744;praktikablen
0;0.0744;praktikablem
0;0.0744;praktikableren
0;0.0744;praktikablerem
0;0.0744;praktikabelste
0;0.0744;praktikabelstem
0;0.0744;praktikablere
0;0.0744;praktikabelsten
0;0.0744;praktikabelstes
0;0.0744;praktikabelster
0;0.1026;praktisch
0;0.1026;praktische
0;0.1026;praktischem
0;0.1026;praktischen
0;0.1026;praktischer
0;0.1026;praktisches
0;0.1026;praktischere
0;0.1026;praktischste
0;0.1026;praktischstem
0;0.1026;praktischsten
0;0.1026;praktischster
0;0.1026;praktischstes
0;0.09;prall
0;0.09;prallstem
0;0.09;prallsten
0;0.09;prallere
0;0.09;prallster
0;0.09;prallstes
0;0.09;prallem
0;0.09;pralleren
0;0.09;prallerem
0;0.09;prallerer
0;0.09;praller
0;0.09;pralleres
0;0.09;pralles
0;0.09;pralle
0;0.09;prallste
0;0.09;prallen
0;0.004;preisguenstig
0;0.004;preisguenstigen
0;0.004;preisguenstige
0;0.004;preisguenstigem
0;0.004;preisguenstigste
0;0.004;preisguenstiger
0;0.004;preisguenstigere
0;0.004;preisguenstiges
0;0.004;preisguenstigerer
0;0.004;preisguenstigeres
0;0.004;preisguenstigsten
0;0.004;preisguenstigeren
0;0.004;preisguenstigerem
0;0.004;preisguenstigstem
0;0.004;preisguenstigster
0;0.004;preisguenstigstes
0;0.5766;nan
0;0.004;privilegiert
0;0.004;privilegiertere
0;0.004;privilegierte
0;0.004;privilegiertes
0;0.004;privilegiertestem
0;0.004;privilegiertesten
0;0.004;privilegiertester
0;0.004;privilegierter
0;0.004;privilegierteren
0;0.004;privilegiertestes
0;0.004;privilegierten
0;0.004;privilegierterer
0;0.004;privilegiertem
0;0.004;privilegierteres
0;0.004;privilegierteste
0;0.004;privilegierterem
0;0.004;problemlos
0;0.004;problemlose
0;0.004;problemlosem
0;0.004;problemlosen
0;0.004;problemloser
0;0.004;problemloses
0;0.004;problemlosere
0;0.004;problemloserem
0;0.004;problemloseren
0;0.004;problemloserer
0;0.004;problemloseres
0;0.004;problemloseste
0;0.004;problemlosestem
0;0.004;problemlosesten
0;0.004;problemlosester
0;0.004;problemlosestes
0;0.004;produktiv
0;0.004;produktiveren
0;0.004;produktivster
0;0.004;produktiverem
0;0.004;produktivstes
0;0.004;produktiven
0;0.004;produktiver
0;0.004;produktiveres
0;0.004;produktivem
0;0.004;produktiverer
0;0.004;produktivere
0;0.004;produktives
0;0.004;produktive
0;0.004;produktivste
0;0.004;produktivsten
0;0.004;produktivstem
0;0.467;professionell
0;0.467;professionelle
0;0.467;professionellem
0;0.467;professionellen
0;0.467;professioneller
0;0.467;professionelles
0;0.467;professionellere
0;0.467;professionellerem
0;0.467;professionelleren
0;0.467;professionellerer
0;0.467;professionelleres
0;0.467;professionellste
0;0.467;professionellstem
0;0.467;professionellsten
0;0.467;professionellster
0;0.467;professionellstes
0;0.004;profiliert
0;0.004;profiliertes
0;0.004;profilierter
0;0.004;profilierterem
0;0.004;profiliertem
0;0.004;profilierten
0;0.004;profilierteres
0;0.004;profilierterer
0;0.004;profiliertere
0;0.004;profiliertesten
0;0.004;profilierte
0;0.004;profilierteren
0;0.004;profiliertestem
0;0.004;profiliertestes
0;0.004;profiliertester
0;0.004;profilierteste
0;0.004;profitabel
0;0.004;profitablere
0;0.004;profitabelste
0;0.004;profitabelstes
0;0.004;profitablerer
0;0.004;profitabelster
0;0.004;profitableres
0;0.004;profitable
0;0.004;profitablen
0;0.004;profitabelsten
0;0.004;profitabelstem
0;0.004;profitabler
0;0.004;profitables
0;0.004;profitablem
0;0.004;profitableren
0;0.004;profitablerem
0;0.004;profitieren
0;0.004;profitiere
0;0.004;profitierst
0;0.004;profitiert
0;0.004;profitierest
0;0.004;profitieret
0;0.004;profitierte
0;0.004;profitiertest
0;0.004;profitierten
0;0.004;profitiertet
0;0.004;progressiv
0;0.004;progressive
0;0.004;progressivem
0;0.004;progressiven
0;0.004;progressiver
0;0.004;progressives
0;0.004;prominent
0;0.004;prominentem
0;0.004;prominenten
0;0.004;prominente
0;0.004;prominentere
0;0.004;prominenteste
0;0.004;prominenteres
0;0.004;prominenterer
0;0.004;prominenteren
0;0.004;prominentestem
0;0.004;prominentesten
0;0.004;prominentestes
0;0.004;prominentester
0;0.004;prominenterem
0;0.004;prominentes
0;0.004;prominenter
0;0.004;protzig
0;0.004;protzige
0;0.004;protzigem
0;0.004;protzigsten
0;0.004;protzigen
0;0.004;protzigstem
0;0.004;protzigste
0;0.004;protzigster
0;0.004;protziges
0;0.004;protziger
0;0.004;protzigstes
0;0.004;protzigeren
0;0.004;protzigerem
0;0.004;protzigerer
0;0.004;protzigeres
0;0.004;protzigere
0;0.004;prunkvoll
0;0.004;prunkvolles
0;0.004;prunkvollster
0;0.004;prunkvoller
0;0.004;prunkvollstem
0;0.004;prunkvollsten
0;0.004;prunkvollen
0;0.004;prunkvollem
0;0.004;prunkvollste
0;0.004;prunkvolle
0;0.004;prunkvollerer
0;0.004;prunkvollstes
0;0.004;prunkvollere
0;0.004;prunkvolleres
0;0.004;prunkvollerem
0;0.004;prunkvolleren
0;0.335;praechtig
0;0.335;praechtigem
0;0.335;praechtigste
0;0.335;praechtigen
0;0.335;praechtiger
0;0.335;praechtiges
0;0.335;praechtigerem
0;0.335;praechtigstem
0;0.335;praechtigsten
0;0.335;praechtigeren
0;0.335;praechtige
0;0.335;praechtigerer
0;0.335;praechtigeres
0;0.335;praechtigere
0;0.335;praechtigster
0;0.335;praechtigstes
0;0.004;praezise
0;0.004;praezis
0;0.004;praezisem
0;0.004;praezisen
0;0.004;praeziser
0;0.004;praezises
0;0.004;praezisere
0;0.004;praeziserem
0;0.004;praeziseren
0;0.004;praeziserer
0;0.004;praeziseres
0;0.004;praeziseste
0;0.004;praezisestem
0;0.004;praezisesten
0;0.004;praezisester
0;0.004;praezisestes
0;0.004;puppig
0;0.004;puppigen
0;0.004;puppigem
0;0.004;puppigster
0;0.004;puppigstes
0;0.004;puppigere
0;0.004;puppigeren
0;0.004;puppigstem
0;0.004;puppigsten
0;0.004;puppigerem
0;0.004;puppigerer
0;0.004;puppigeres
0;0.004;puppige
0;0.004;puppigste
0;0.004;puppiges
0;0.004;puppiger
0;0.086;puenktlich
0;0.086;puenktlichste
0;0.086;puenktlichsten
0;0.086;puenktlicheres
0;0.086;puenktlichstem
0;0.086;puenktlichem
0;0.086;puenktlichen
0;0.086;puenktlichere
0;0.086;puenktliche
0;0.086;puenktlicher
0;0.086;puenktlicheren
0;0.086;puenktlichstes
0;0.086;puenktlicherem
0;0.086;puenktliches
0;0.086;puenktlichster
0;0.086;puenktlicherer
0;0.004;qualifizieren
0;0.004;qualifizierte
0;0.004;qualifiziere
0;0.004;qualifiziertet
0;0.004;qualifiziert
0;0.004;qualifiziertest
0;0.004;qualifizierest
0;0.004;qualifizieret
0;0.004;qualifizierten
0;0.004;qualifizierst
0;0.004;qualifiziert
0;0.004;qualifizierte
0;0.004;qualifizierteres
0;0.004;qualifiziertester
0;0.004;qualifizierterer
0;0.004;qualifizierteste
0;0.004;qualifiziertestes
0;0.004;qualifizierter
0;0.004;qualifiziertere
0;0.004;qualifizierteren
0;0.004;qualifizierterem
0;0.004;qualifiziertes
0;0.004;qualifiziertestem
0;0.004;qualifizierten
0;0.004;qualifiziertem
0;0.004;qualifiziertesten
0;0.004;qualitativ
0;0.004;qualitativsten
0;0.004;qualitativeren
0;0.004;qualitativere
0;0.004;qualitativerer
0;0.004;qualitativstem
0;0.004;qualitativeres
0;0.004;qualitativstes
0;0.004;qualitativster
0;0.004;qualitativste
0;0.004;qualitative
0;0.004;qualitativen
0;0.004;qualitativem
0;0.004;qualitativer
0;0.004;qualitatives
0;0.004;qualitativerem
0;0.004;qualitaetsvoll
0;0.004;qualitaetsvolle
0;0.004;qualitaetsvollem
0;0.004;qualitaetsvollen
0;0.004;quicklebendig
0;0.004;quicklebendigerem
0;0.004;quicklebendigeren
0;0.004;quicklebendigstem
0;0.004;quicklebendigsten
0;0.004;quicklebendigerer
0;0.004;quicklebendigster
0;0.004;quicklebendige
0;0.004;quicklebendigeres
0;0.004;quicklebendigstes
0;0.004;quicklebendigste
0;0.004;quicklebendigem
0;0.004;quicklebendigen
0;0.004;quicklebendiges
0;0.004;quicklebendiger
0;0.004;quicklebendigere
0;0.004;raffiniert
0;0.004;raffinierter
0;0.004;raffinierten
0;0.004;raffiniertem
0;0.004;raffiniertere
0;0.004;raffiniertester
0;0.004;raffiniertesten
0;0.004;raffiniertestem
0;0.004;raffiniertestes
0;0.004;raffinierterem
0;0.004;raffinierteren
0;0.004;raffinierte
0;0.004;raffinierterer
0;0.004;raffiniertes
0;0.004;raffinierteres
0;0.004;raffinierteste
0;0.004;rational
0;0.004;rationale
0;0.004;rationalem
0;0.004;rationalen
0;0.004;rationaler
0;0.004;rationales
0;0.004;rationalere
0;0.004;rationalerem
0;0.004;rationaleren
0;0.004;rationalerer
0;0.004;rationaleres
0;0.004;rationalste
0;0.004;rationalstem
0;0.004;rationalsten
0;0.004;rationalster
0;0.004;rationalstes
0;0.2089;realistisch
0;0.2089;realistische
0;0.2089;realistischem
0;0.2089;realistischen
0;0.2089;realistischer
0;0.2089;realistisches
0;0.2089;realistischere
0;0.2089;realistischerem
0;0.2089;realistischeren
0;0.2089;realistischerer
0;0.2089;realistischeres
0;0.2089;realistischste
0;0.2089;realistischstem
0;0.2089;realistischsten
0;0.2089;realistischster
0;0.2089;realistischstes
0;0.004;rechtlich
0;0.004;rechtliches
0;0.004;rechtlichsten
0;0.004;rechtlicher
0;0.004;rechtlichstes
0;0.004;rechtlichster
0;0.004;rechtlichem
0;0.004;rechtlichen
0;0.004;rechtlichst
0;0.004;rechtlichstem
0;0.004;rechtlichste
0;0.004;rechtlicherem
0;0.004;rechtlicheren
0;0.004;rechtlicherer
0;0.004;rechtliche
0;0.004;rechtlicheres
0;0.004;rechtlichere
0;0.004;rechtmaessig
0;0.004;rechtmaessigem
0;0.004;rechtmaessigen
0;0.004;rechtmaessiger
0;0.004;rechtmaessiges
0;0.004;rechtmaessige
0;0.004;rechtsgueltig
0;0.004;rechtsgueltigem
0;0.004;rechtsgueltigen
0;0.004;rechtsgueltige
0;0.004;rechtsgueltiger
0;0.004;rechtsgueltiges
0;0.004;rehabilitieren
0;0.004;rehabilitiertet
0;0.004;rehabilitiere
0;0.004;rehabilitier
0;0.004;rehabilitiert
0;0.004;rehabilitierest
0;0.004;rehabilitiertest
0;0.004;rehabilitierst
0;0.004;rehabilitierten
0;0.004;rehabilitieret
0;0.004;rehabilitierte
0;0.004;rehabilitierend
0;0.1965;reibungslos
0;0.1965;reibungslosem
0;0.1965;reibungslosesten
0;0.1965;reibungslosester
0;0.1965;reibungslosestes
0;0.1965;reibungslose
0;0.1965;reibungslosere
0;0.1965;reibungsloseste
0;0.1965;reibungsloses
0;0.1965;reibungsloser
0;0.1965;reibungslosen
0;0.1965;reibungsloseren
0;0.1965;reibungsloserem
0;0.1965;reibungsloserer
0;0.1965;reibungslosestem
0;0.1965;reibungsloseres
0;0.1247;reich
0;0.1247;reicher
0;0.1247;reiches
0;0.1247;reiche
0;0.1247;reichem
0;0.1247;reichen
0;0.1247;reicherer
0;0.1247;reicheres
0;0.1247;reichere
0;0.1247;reicherem
0;0.1247;reicheren
0;0.1247;reichster
0;0.1247;reichstes
0;0.1247;reichste
0;0.1247;reichstem
0;0.1247;reichsten
0;0.209;reichhaltig
0;0.209;reichhaltigeren
0;0.209;reichhaltiger
0;0.209;reichhaltigem
0;0.209;reichhaltigerer
0;0.209;reichhaltigen
0;0.209;reichhaltigeres
0;0.209;reichhaltiges
0;0.209;reichhaltige
0;0.209;reichhaltigster
0;0.209;reichhaltigstes
0;0.209;reichhaltigste
0;0.209;reichhaltigere
0;0.209;reichhaltigstem
0;0.209;reichhaltigerem
0;0.209;reichhaltigsten
0;0.3617;reichlich
0;0.3617;reichlichen
0;0.3617;reichliche
0;0.3617;reichlichem
0;0.3617;reichlicher
0;0.3617;reichliches
0;0.0807;reif
0;0.0807;reiferen
0;0.0807;reife
0;0.0807;reiferem
0;0.0807;reifem
0;0.0807;reifen
0;0.0807;reiferes
0;0.0807;reifer
0;0.0807;reiferer
0;0.0807;reifes
0;0.0807;reifste
0;0.0807;reifere
0;0.0807;reifster
0;0.0807;reifstes
0;0.0807;reifsten
0;0.0807;reifstem
0;0.0886;reifen
0;0.0886;reift
0;0.0886;reifst
0;0.0886;reife
0;0.0886;reiften
0;0.0886;reif
0;0.0886;gereift
0;0.0886;reiftest
0;0.0886;reiftet
0;0.0886;reifte
0;0.0886;reifest
0;0.0886;reifet
0;0.0886;reifend
0;0.004;rein
0;0.004;reinerem
0;0.004;reinere
0;0.004;reineren
0;0.004;reinstes
0;0.004;reinster
0;0.004;reinste
0;0.004;reinstem
0;0.004;reinsten
0;0.004;reinen
0;0.004;reinem
0;0.004;reiner
0;0.004;reine
0;0.004;reines
0;0.004;reineres
0;0.004;reinerer
0;0.004;reinigen
0;0.004;reinigtet
0;0.004;reinigtest
0;0.004;reinigt
0;0.004;reinige
0;0.004;reinigest
0;0.004;reinig
0;0.004;gereinigt
0;0.004;reinigten
0;0.004;reinigst
0;0.004;reiniget
0;0.004;reinigte
0;0.004;reinigend
0;0.0787;reizend
0;0.0787;reizendste
0;0.0787;reizenderer
0;0.0787;reizenderes
0;0.0787;reizendem
0;0.0787;reizendere
0;0.0787;reizender
0;0.0787;reizendes
0;0.0787;reizenden
0;0.0787;reizende
0;0.0787;reizenderem
0;0.0787;reizendster
0;0.0787;reizenderen
0;0.0787;reizendstes
0;0.0787;reizendstem
0;0.0787;reizendsten
0;0.004;reizvoll
0;0.004;reizvolles
0;0.004;reizvoller
0;0.004;reizvollen
0;0.004;reizvollem
0;0.004;reizvolle
0;0.004;relevant
0;0.004;relevanten
0;0.004;relevantere
0;0.004;relevantem
0;0.004;relevantes
0;0.004;relevanter
0;0.004;relevanterer
0;0.004;relevanterem
0;0.004;relevanteren
0;0.004;relevante
0;0.004;relevanteste
0;0.004;relevantestes
0;0.004;relevantester
0;0.004;relevantestem
0;0.004;relevanteres
0;0.004;relevantesten
0;0.004;renommiert
0;0.004;renommierter
0;0.004;renommiertere
0;0.004;renommiertestes
0;0.004;renommierten
0;0.004;renommiertem
0;0.004;renommiertester
0;0.004;renommierteste
0;0.004;renommierterem
0;0.004;renommierte
0;0.004;renommierteren
0;0.004;renommiertesten
0;0.004;renommiertes
0;0.004;renommiertestem
0;0.004;renommierteres
0;0.004;renommierterer
0;0.004;renovieren
0;0.004;renoviere
0;0.004;renovierst
0;0.004;renoviert
0;0.004;renovieret
0;0.004;renovierte
0;0.004;renoviertest
0;0.004;renovierten
0;0.004;renoviertet
0;0.004;renovier
0;0.004;renovierend
0;0.004;rentabel
0;0.004;rentablen
0;0.004;rentablem
0;0.004;rentabler
0;0.004;rentable
0;0.004;rentablere
0;0.004;rentablerem
0;0.004;rentableren
0;0.004;rentabelster
0;0.004;rentablerer
0;0.004;rentabelstem
0;0.004;rentableres
0;0.004;rentabelsten
0;0.004;rentabelstes
0;0.004;rentabelste
0;0.004;rentables
0;0.004;reparieren
0;0.004;repariere
0;0.004;reparierst
0;0.004;reparierest
0;0.004;repariert
0;0.004;reparieret
0;0.004;reparierte
0;0.004;repariertest
0;0.004;reparierten
0;0.004;repariertet
0;0.004;reparier
0;0.004;reparierend
0;0.004;repraesentativ
0;0.004;repraesentativem
0;0.004;repraesentative
0;0.004;repraesentativen
0;0.004;repraesentatives
0;0.004;repraesentativer
0;0.004;respektabel
0;0.004;respektableren
0;0.004;respektablerem
0;0.004;respektabelste
0;0.004;respektablerer
0;0.004;respektabelsten
0;0.004;respektableres
0;0.004;respektabelster
0;0.004;respektabelstes
0;0.004;respektabelstem
0;0.004;respektablem
0;0.004;respektablen
0;0.004;respektable
0;0.004;respektables
0;0.004;respektabler
0;0.004;respektablere
0;0.004;respektieren
0;0.004;respektiere
0;0.004;respektierst
0;0.004;respektierest
0;0.004;respektiert
0;0.004;respektieret
0;0.004;respektierte
0;0.004;respektiertest
0;0.004;respektierten
0;0.004;respektiertet
0;0.004;respektier
0;0.004;respektierend
0;0.004;respektvoll
0;0.004;respektvolle
0;0.004;respektvollem
0;0.004;respektvollerer
0;0.004;respektvolleres
0;0.004;respektvollste
0;0.004;respektvollere
0;0.004;respektvolleren
0;0.004;respektvollerem
0;0.004;respektvollstes
0;0.004;respektvollster
0;0.004;respektvollen
0;0.004;respektvollsten
0;0.004;respektvolles
0;0.004;respektvoller
0;0.004;respektvollstem
0;0.004;retten
0;0.004;rettetet
0;0.004;rette
0;0.004;rettet
0;0.004;rettete
0;0.004;rettten
0;0.004;rettest
0;0.004;retttest
0;0.004;retttet
0;0.004;retteten
0;0.004;rettte
0;0.004;gerettet
0;0.004;rett
0;0.004;rettetest
0;0.004;rettend
0;0.004;revanchieren
0;0.004;revanchier
0;0.004;revanchierten
0;0.004;revanchiertest
0;0.004;revanchieret
0;0.004;revanchiere
0;0.004;revanchierte
0;0.004;revanchierest
0;0.004;revanchierst
0;0.004;revanchiertet
0;0.004;revanchiert
0;0.004;revanchierend
0;0.004;richtig
0;0.004;richtigerem
0;0.004;richtigsten
0;0.004;richtiger
0;0.004;richtigstes
0;0.004;richtigster
0;0.004;richtiges
0;0.004;richtigstem
0;0.004;richtigeren
0;0.004;richtige
0;0.004;richtigste
0;0.004;richtigere
0;0.004;richtigerer
0;0.004;richtigeres
0;0.004;richtigen
0;0.004;richtigem
0;0.004;richtigstellen
0;0.004;richtigstelle
0;0.004;richtigstellst
0;0.004;richtigstellest
0;0.004;richtigstellt
0;0.004;richtigstellet
0;0.004;richtigstellte
0;0.004;richtigstelltest
0;0.004;richtigstellten
0;0.004;richtigstelltet
0;0.004;richtigzustellen
0;0.004;richtigstellend
0;0.004;richtiggestellt
0;0.004;riesengross
0;0.004;riesengrosser
0;0.004;riesengrosses
0;0.004;riesengrosse
0;0.004;riesengrossen
0;0.004;riesengrossem
0;0.4554;riesig
0;0.4554;riesigste
0;0.4554;riesigen
0;0.4554;riesigstes
0;0.4554;riesigem
0;0.4554;riesigster
0;0.4554;riesige
0;0.4554;riesigeren
0;0.4554;riesigerem
0;0.4554;riesigerer
0;0.4554;riesigeres
0;0.4554;riesigsten
0;0.4554;riesigere
0;0.4554;riesigstem
0;0.4554;riesiger
0;0.4554;riesiges
0;0.0968;robust
0;0.0968;robustester
0;0.0968;robustes
0;0.0968;robustestes
0;0.0968;robuster
0;0.0968;robusteste
0;0.0968;robusten
0;0.0968;robustem
0;0.0968;robusterem
0;0.0968;robusteren
0;0.0968;robustestem
0;0.0968;robustesten
0;0.0968;robustere
0;0.0968;robusteres
0;0.0968;robuste
0;0.0968;robusterer
0;0.6965;romantisch
0;0.6965;romantischer
0;0.6965;romantisches
0;0.6965;romantische
0;0.6965;romantischem
0;0.6965;romantischen
0;0.6965;romantischerer
0;0.6965;romantischeres
0;0.6965;romantischere
0;0.6965;romantischerem
0;0.6965;romantischeren
0;0.6965;romantischster
0;0.6965;romantischstes
0;0.6965;romantischste
0;0.6965;romantischstem
0;0.6965;romantischsten
0;0.004;rosarot
0;0.004;rosaroten
0;0.004;rosarotem
0;0.004;rosaroter
0;0.004;rosarotes
0;0.004;rosarote
0;0.0755;rosig
0;0.0755;rosigste
0;0.0755;rosiger
0;0.0755;rosigster
0;0.0755;rosigstes
0;0.0755;rosiges
0;0.0755;rosigere
0;0.0755;rosigeren
0;0.0755;rosigerem
0;0.0755;rosigeres
0;0.0755;rosigerer
0;0.0755;rosige
0;0.0755;rosigem
0;0.0755;rosigen
0;0.0755;rosigsten
0;0.0755;rosigstem
0;0.3815;ruhig
0;0.3815;ruhiger
0;0.3815;ruhiges
0;0.3815;ruhige
0;0.3815;ruhigem
0;0.3815;ruhigen
0;0.3815;ruhigerer
0;0.3815;ruhigeres
0;0.3815;ruhigere
0;0.3815;ruhigerem
0;0.3815;ruhigeren
0;0.3815;ruhigster
0;0.3815;ruhigstes
0;0.3815;ruhigste
0;0.3815;ruhigstem
0;0.3815;ruhigsten
0;0.004;ruhmreich
0;0.004;ruhmreiches
0;0.004;ruhmreicher
0;0.004;ruhmreiche
0;0.004;ruhmreichem
0;0.004;ruhmreichen
0;0.004;rueckhaltlos
0;0.004;rueckhaltloseres
0;0.004;rueckhaltloseste
0;0.004;rueckhaltlose
0;0.004;rueckhaltloserem
0;0.004;rueckhaltloseren
0;0.004;rueckhaltloserer
0;0.004;rueckhaltloser
0;0.004;rueckhaltloses
0;0.004;rueckhaltlosestem
0;0.004;rueckhaltlosesten
0;0.004;rueckhaltlosem
0;0.004;rueckhaltlosere
0;0.004;rueckhaltlosestes
0;0.004;rueckhaltlosen
0;0.004;rueckhaltlosester
0;0.004;ruecksichtsvoll
0;0.004;ruecksichtsvollem
0;0.004;ruecksichtsvollerem
0;0.004;ruecksichtsvollere
0;0.004;ruecksichtsvolleren
0;0.004;ruecksichtsvollen
0;0.004;ruecksichtsvollerer
0;0.004;ruecksichtsvollste
0;0.004;ruecksichtsvollsten
0;0.004;ruecksichtsvollstem
0;0.004;ruecksichtsvollster
0;0.004;ruecksichtsvollstes
0;0.004;ruecksichtsvolle
0;0.004;ruecksichtsvolleres
0;0.004;ruecksichtsvoller
0;0.004;ruecksichtsvolles
0;0.004;rueckversichern
0;0.004;rueckversicherst
0;0.004;rueckversichert
0;0.004;rueckversichere
0;0.004;rueckversicherten
0;0.004;rueckversicherte
0;0.004;rueckversichertet
0;0.004;rueckversicheren
0;0.004;rueckversichertest
0;0.004;rueckversichernd
0;0.004;ruehrig
0;0.004;ruehrigem
0;0.004;ruehrigen
0;0.004;ruehriger
0;0.004;ruehrigstem
0;0.004;ruehrigsten
0;0.004;ruehrigerem
0;0.004;ruehrigster
0;0.004;ruehrigstes
0;0.004;ruehrigere
0;0.004;ruehrigeres
0;0.004;ruehrige
0;0.004;ruehrigerer
0;0.004;ruehriges
0;0.004;ruehrigste
0;0.004;ruehrigeren
0;0.004;sachgemaess
0;0.004;sachgemaessen
0;0.004;sachgemaesser
0;0.004;sachgemaesse
0;0.004;sachgemaesses
0;0.004;sachgemaessem
0;0.0907;sagenhaft
0;0.0907;sagenhaftere
0;0.0907;sagenhaftem
0;0.0907;sagenhaften
0;0.0907;sagenhafterer
0;0.0907;sagenhafte
0;0.0907;sagenhafteres
0;0.0907;sagenhafter
0;0.0907;sagenhaftes
0;0.0907;sagenhaftester
0;0.0907;sagenhaftestes
0;0.0907;sagenhafteste
0;0.0907;sagenhafteren
0;0.0907;sagenhafterem
0;0.0907;sagenhaftestem
0;0.0907;sagenhaftesten
0;0.338;sanft
0;0.338;sanfte
0;0.338;sanftestem
0;0.338;sanftesten
0;0.338;sanfteste
0;0.338;sanftester
0;0.338;sanftestes
0;0.338;sanften
0;0.338;sanfterer
0;0.338;sanftem
0;0.338;sanfteres
0;0.338;sanftere
0;0.338;sanfterem
0;0.338;sanftes
0;0.338;sanfter
0;0.338;sanfteren
0;0.3557;satt
0;0.3557;satten
0;0.3557;satteren
0;0.3557;sattem
0;0.3557;satterem
0;0.3557;sattes
0;0.3557;satteste
0;0.3557;satter
0;0.3557;satterer
0;0.3557;satteres
0;0.3557;satte
0;0.3557;sattester
0;0.3557;sattestes
0;0.3557;sattestem
0;0.3557;sattesten
0;0.3557;sattere
0;0.3553;sauber
0;0.3553;saubreren
0;0.3553;saubrerem
0;0.3553;saubersten
0;0.3553;sauberstem
0;0.3553;sauberstes
0;0.3553;sauberster
0;0.3553;saubereren
0;0.3553;saubererem
0;0.3553;saubere
0;0.3553;sauberem
0;0.3553;saubrere
0;0.3553;sauberen
0;0.3553;saubererer
0;0.3553;saubereres
0;0.3553;sauberer
0;0.004;schaffen
0;0.004;schaffest
0;0.004;schafften
0;0.004;schafftest
0;0.004;schaffst
0;0.004;schaffte
0;0.004;schaffet
0;0.004;geschafft
0;0.004;schafft
0;0.004;schaffe
0;0.004;schafftet
0;0.004;schaff
0;0.004;schaffend
0;0.004;sauberere
0;0.004;sauberes
0;0.004;saubrer
0;0.004;saubreres
0;0.004;saubrerer
0;0.004;sauberste
0;0.2248;scharf
0;0.2248;schaerferes
0;0.2248;scharfen
0;0.2248;schaerferer
0;0.2248;scharfem
0;0.2248;schaerfstes
0;0.2248;scharfes
0;0.2248;schaerfster
0;0.2248;scharfer
0;0.2248;schaerferen
0;0.2248;schaerfste
0;0.2248;scharfe
0;0.2248;schaerferem
0;0.2248;schaerfsten
0;0.2248;schaerfstem
0;0.2248;schaerfer
0;0.204;schenken
0;0.204;schenkten
0;0.204;schenkst
0;0.204;schenkte
0;0.204;schenktest
0;0.204;schenkest
0;0.204;geschenkt
0;0.204;schenktet
0;0.204;schenket
0;0.204;schenke
0;0.204;schenk
0;0.204;schenkt
0;0.204;schenkend
0;0.204;schaerfere
0;0.3372;schick
0;0.3372;schickstes
0;0.3372;schickeren
0;0.3372;schickerem
0;0.3372;schickste
0;0.3372;schickstem
0;0.3372;schicksten
0;0.3372;schickster
0;0.3372;schicke
0;0.3372;schickeres
0;0.3372;schickem
0;0.3372;schicken
0;0.3372;schickere
0;0.3372;schicker
0;0.3372;schickerer
0;0.3372;schickes
0;0.004;schillern
0;0.004;schillerst
0;0.004;schillerte
0;0.004;schilleren
0;0.004;schillerten
0;0.004;schillert
0;0.004;schillere
0;0.004;schillertest
0;0.004;geschillert
0;0.004;schillertet
0;0.004;schillernd
0;0.004;schillernder
0;0.004;schillerndes
0;0.004;schillernde
0;0.004;schillerndem
0;0.004;schillernden
0;0.004;schillernderer
0;0.004;schillernderes
0;0.004;schillerndere
0;0.004;schillernderem
0;0.004;schillernderen
0;0.004;schillerndster
0;0.004;schillerndstes
0;0.004;schillerndste
0;0.004;schillerndstem
0;0.004;schillerndsten
0;0.004;schlagend
0;0.004;schlagendes
0;0.004;schlagender
0;0.004;schlagendem
0;0.004;schlagendstes
0;0.004;schlagenden
0;0.004;schlagendste
0;0.004;schlagendere
0;0.004;schlagenderes
0;0.004;schlagenderer
0;0.004;schlagende
0;0.004;schlagendster
0;0.004;schlagenderen
0;0.004;schlagenderem
0;0.004;schlagendstem
0;0.004;schlagendsten
0;0.2349;schlank
0;0.2349;schlankerem
0;0.2349;schlankere
0;0.2349;schlankes
0;0.2349;schlanker
0;0.2349;schlanken
0;0.2349;schlankem
0;0.2349;schlanksten
0;0.2349;schlankstem
0;0.2349;schlanke
0;0.2349;schlankeren
0;0.2349;schlankste
0;0.2349;schlankeres
0;0.2349;schlankerer
0;0.2349;schlankstes
0;0.2349;schlankster
0;0.341;schlau
0;0.341;schlauestes
0;0.341;schlauester
0;0.341;schlaue
0;0.341;schlauesten
0;0.341;schlauerer
0;0.341;schlaueres
0;0.341;schlauestem
0;0.341;schlauen
0;0.341;schlauem
0;0.341;schlauerem
0;0.341;schlaues
0;0.341;schlauer
0;0.341;schlauere
0;0.341;schlaueren
0;0.341;schlauster
0;0.0809;schluessig
0;0.0809;schluessigstes
0;0.0809;schluessigster
0;0.0809;schluessigsten
0;0.0809;schluessiges
0;0.0809;schluessigeren
0;0.0809;schluessigerem
0;0.0809;schluessiger
0;0.0809;schluessige
0;0.0809;schluessigere
0;0.0809;schluessigeres
0;0.0809;schluessigerer
0;0.0809;schluessigen
0;0.0809;schluessigste
0;0.0809;schluessigem
0;0.0809;schluessigstem
0;0.0809;schlaustes
0;0.0809;schlaueste
0;0.0809;schlauest
0;0.0809;schlausten
0;0.0809;schlauste
0;0.0809;schlaustem
0;0.217;schmackhaft
0;0.217;schmackhaftere
0;0.217;schmackhaften
0;0.217;schmackhafterem
0;0.217;schmackhafteren
0;0.217;schmackhafteres
0;0.217;schmackhafte
0;0.217;schmackhaftem
0;0.217;schmackhaftestes
0;0.217;schmackhaftester
0;0.217;schmackhafterer
0;0.217;schmackhafteste
0;0.217;schmackhaftesten
0;0.217;schmackhaftestem
0;0.217;schmackhafter
0;0.217;schmackhaftes
0;0.1874;schmeichelnd
0;0.1874;schmeichelnder
0;0.1874;schmeichelndes
0;0.1874;schmeichelnde
0;0.1874;schmeichelndem
0;0.1874;schmeichelnden
0;0.1874;schmeichelnderer
0;0.1874;schmeichelnderes
0;0.1874;schmeichelndere
0;0.1874;schmeichelnderem
0;0.1874;schmeichelnderen
0;0.1874;schmeichelndster
0;0.1874;schmeichelndstes
0;0.1874;schmeichelndste
0;0.1874;schmeichelndstem
0;0.1874;schmeichelndsten
0;0.004;schmuck
0;0.004;schmuckere
0;0.004;schmuckerer
0;0.004;schmuckeres
0;0.004;schmuckste
0;0.004;schmucken
0;0.004;schmuckem
0;0.004;schmucke
0;0.004;schmuckes
0;0.004;schmucker
0;0.004;schmuckstes
0;0.004;schmuckster
0;0.004;schmuckerem
0;0.004;schmucksten
0;0.004;schmuckstem
0;0.004;schmuckeren
0;0.004;schmuecken
0;0.004;schmueckst
0;0.004;schmuecktest
0;0.004;schmueckte
0;0.004;schmueckt
0;0.004;schmuecke
0;0.004;schmuecket
0;0.004;schmueckten
0;0.004;schmueckest
0;0.004;schmuecktet
0;0.004;schmueck
0;0.004;geschmueckt
0;0.004;schmueckend
0;0.1169;schnell
0;0.1169;schnelles
0;0.1169;schneller
0;0.1169;schnellen
0;0.1169;schnelleres
0;0.1169;schnellerer
0;0.1169;schnellste
0;0.1169;schnellem
0;0.1169;schnelleren
0;0.1169;schnellerem
0;0.1169;schnelle
0;0.1169;schnellere
0;0.1169;schnellstem
0;0.1169;schnellsten
0;0.1169;schnellster
0;0.1169;schnellstes
0;0.004;schuldlos
0;0.004;schuldlosere
0;0.004;schuldloseste
0;0.004;schuldlose
0;0.004;schuldlosem
0;0.004;schuldlosestes
0;0.004;schuldlosester
0;0.004;schuldlosen
0;0.004;schuldloserer
0;0.004;schuldlosesten
0;0.004;schuldloses
0;0.004;schuldloser
0;0.004;schuldloseres
0;0.004;schuldloseren
0;0.004;schuldloserem
0;0.004;schuldlosestem
0;0.004;schwunghaft
0;0.004;schwunghaftere
0;0.004;schwunghaftestem
0;0.004;schwunghaftesten
0;0.004;schwunghafteren
0;0.004;schwunghaften
0;0.004;schwunghaftester
0;0.004;schwunghaftem
0;0.004;schwunghafterem
0;0.004;schwunghaftestes
0;0.004;schwunghafteste
0;0.004;schwunghafter
0;0.004;schwunghaftes
0;0.004;schwunghafteres
0;0.004;schwunghafte
0;0.004;schwunghafterer
0;0.1175;schaetzen
0;0.1175;schaetzet
0;0.1175;schaetz
0;0.1175;schaetzte
0;0.1175;schaetztet
0;0.1175;schaetzest
0;0.1175;schaetzt
0;0.1175;geschaetzt
0;0.1175;schaetze
0;0.1175;schaetzten
0;0.1175;schaetztest
0;0.1175;schaetzend
0;0.0081;schoen
0;0.0081;schoenerem
0;0.0081;schoeneren
0;0.0081;schoenste
0;0.0081;schoeneres
0;0.0081;schoenerer
0;0.0081;schoenere
0;0.0081;schoenstem
0;0.0081;schoenen
0;0.0081;schoensten
0;0.0081;schoenem
0;0.0081;schoene
0;0.0081;schoenes
0;0.0081;schoenstes
0;0.0081;schoener
0;0.0081;schoenster
0;0.0947;sehenswert
0;0.0947;sehenswerterem
0;0.0947;sehenswerteste
0;0.0947;sehenswertestes
0;0.0947;sehenswerteren
0;0.0947;sehenswerte
0;0.0947;sehenswerterer
0;0.0947;sehenswerteres
0;0.0947;sehenswerten
0;0.0947;sehenswertem
0;0.0947;sehenswertere
0;0.0947;sehenswerter
0;0.0947;sehenswertes
0;0.0947;sehenswertesten
0;0.0947;sehenswertestem
0;0.0947;sehenswertester
0;0.004;selbststaendig
0;0.004;selbststaendiger
0;0.004;selbststaendiges
0;0.004;selbststaendige
0;0.004;selbststaendigem
0;0.004;selbststaendigen
0;0.004;selbststaendigerer
0;0.004;selbststaendigeres
0;0.004;selbststaendigere
0;0.004;selbststaendigerem
0;0.004;selbststaendigeren
0;0.004;selbststaendigster
0;0.004;selbststaendigstes
0;0.004;selbststaendigste
0;0.004;selbststaendigstem
0;0.004;selbststaendigsten
0;0.004;selbstaendiger
0;0.086;sensationell
0;0.086;sensationellerer
0;0.086;sensationellen
0;0.086;sensationelleres
0;0.086;sensationelles
0;0.086;sensationeller
0;0.086;sensationellste
0;0.086;sensationellere
0;0.086;sensationelle
0;0.086;sensationellster
0;0.086;sensationellerem
0;0.086;sensationellstes
0;0.086;sensationelleren
0;0.086;sensationellsten
0;0.086;sensationellstem
0;0.086;sensationellem
0;0.098;sensibel
0;0.098;sensibelstem
0;0.098;sensibelsten
0;0.098;sensibelstes
0;0.098;sensibelste
0;0.098;sensibelster
0;0.098;sensible
0;0.098;sensibleren
0;0.098;sensiblerem
0;0.098;sensiblere
0;0.098;sensibleres
0;0.098;sensiblerer
0;0.098;sensiblem
0;0.098;sensiblen
0;0.098;sensibles
0;0.098;sensibler
0;0.004;serioes
0;0.004;serioeserer
0;0.004;serioesestem
0;0.004;serioesesten
0;0.004;serioeseres
0;0.004;serioesester
0;0.004;serioesestes
0;0.004;serioeses
0;0.004;serioeser
0;0.004;serioeseste
0;0.004;serioese
0;0.004;serioesem
0;0.004;serioesen
0;0.004;serioeserem
0;0.004;serioesere
0;0.004;serioeseren
0;0.3453;sexy
0;0.3453;sexyeres
0;0.3453;sexyste
0;0.3453;sexyerer
0;0.3453;sexyerem
0;0.3453;sexyeren
0;0.3453;sexystem
0;0.3453;sexysten
0;0.3453;sexyster
0;0.3453;sexystes
0;0.3453;sexyere
0;0.3733;sicher
0;0.3733;sicheres
0;0.3733;sicherer
0;0.3733;sichrerem
0;0.3733;sichreren
0;0.3733;sichereren
0;0.3733;sicheren
0;0.3733;sichererem
0;0.3733;sicherem
0;0.3733;sicherste
0;0.3733;sicherere
0;0.3733;sichrere
0;0.3733;sichrer
0;0.3733;sichrerer
0;0.3733;sichersten
0;0.3733;sichreres
0;0.3733;sicherstem
0;0.004;sichern
0;0.004;gesichert
0;0.004;sichertet
0;0.004;sicheren
0;0.004;sicherten
0;0.004;sichert
0;0.004;sichertest
0;0.004;sichere
0;0.004;sicherte
0;0.004;sicherst
0;0.004;sichernd
0;0.004;sicherster
0;0.004;sicherstes
0;0.004;sichererer
0;0.004;sichereres
0;0.004;sicherstellen
0;0.004;sichergestellt
0;0.004;sicherstelltest
0;0.004;sicherstellet
0;0.004;sicherstellest
0;0.004;sicherstellten
0;0.004;sicherstellte
0;0.004;sicherstellt
0;0.004;sicherstelle
0;0.004;sicherstelltet
0;0.004;sicherstellst
0;0.004;sicherzustellen
0;0.004;sicherstellend
0;0.004;sichtbar
0;0.004;sichtbarster
0;0.004;sichtbarstes
0;0.004;sichtbare
0;0.004;sichtbareren
0;0.004;sichtbarstem
0;0.004;sichtbarsten
0;0.004;sichtbareres
0;0.004;sichtbarerer
0;0.004;sichtbarer
0;0.004;sichtbarem
0;0.004;sichtbarere
0;0.004;sichtbaren
0;0.004;sichtbarerem
0;0.004;sichtbarste
0;0.004;sichtbares
0;0.004;simpel
0;0.004;simpelstem
0;0.004;simpelsten
0;0.004;simpelste
0;0.004;simpelster
0;0.004;simple
0;0.004;simpelstes
0;0.004;simplere
0;0.004;simpleres
0;0.004;simplerer
0;0.004;simplen
0;0.004;simpler
0;0.004;simples
0;0.004;simplem
0;0.004;simpleren
0;0.004;simplerem
0;0.004;sinnvoll
0;0.004;sinnvollem
0;0.004;sinnvollste
0;0.004;sinnvollen
0;0.004;sinnvoller
0;0.004;sinnvolles
0;0.004;sinnvollstem
0;0.004;sinnvollsten
0;0.004;sinnvollstes
0;0.004;sinnvollerer
0;0.004;sinnvolleres
0;0.004;sinnvollster
0;0.004;sinnvollerem
0;0.004;sinnvolleren
0;0.004;sinnvollere
0;0.004;sinnvolle
0;0.004;solid
0;0.004;solidestem
0;0.004;solidesten
0;0.004;solidester
0;0.004;solidestes
0;0.004;soliden
0;0.004;solide
0;0.004;solideres
0;0.004;soliderer
0;0.004;solideren
0;0.004;solidem
0;0.004;soliderem
0;0.004;solidere
0;0.004;solider
0;0.004;solideste
0;0.004;solides
0;0.004;solidarisch
0;0.004;solidarischstes
0;0.004;solidarischster
0;0.004;solidarischsten
0;0.004;solidarischstem
0;0.004;solidarischste
0;0.004;solidarisches
0;0.004;solidarischer
0;0.004;solidarische
0;0.004;solidarischen
0;0.004;solidarischeren
0;0.004;solidarischerem
0;0.004;solidarischeres
0;0.004;solidarischem
0;0.004;solidarischere
0;0.004;solidarischerer
0;0.004;sonnendurchflutet
0;0.004;sonnendurchfluteten
0;0.004;sonnendurchflutetem
0;0.004;sonnendurchflutete
0;0.004;sonnendurchfluteter
0;0.004;sonnendurchflutetes
0;0.2244;sonnig
0;0.2244;sonnigstes
0;0.2244;sonnigster
0;0.2244;sonnigerem
0;0.2244;sonnigere
0;0.2244;sonnigstem
0;0.2244;sonnige
0;0.2244;sonnigsten
0;0.2244;sonnigste
0;0.2244;sonniges
0;0.2244;sonniger
0;0.2244;sonnigeren
0;0.2244;sonnigen
0;0.2244;sonnigeres
0;0.2244;sonnigem
0;0.2244;sonnigerer
0;0.2234;sorgen
0;0.2234;sorgte
0;0.2234;sorgst
0;0.2234;sorgten
0;0.2234;sorgt
0;0.2234;gesorgt
0;0.2234;sorgtet
0;0.2234;sorgtest
0;0.2234;sorg
0;0.2234;sorget
0;0.2234;sorgest
0;0.2234;sorge
0;0.2234;sorgend
0;0.004;sorgenfrei
0;0.004;sorgenfreie
0;0.004;sorgenfreier
0;0.004;sorgenfreiem
0;0.004;sorgenfreien
0;0.004;sorgenfreies
0;0.2119;sorgfaeltig
0;0.2119;sorgfaeltige
0;0.2119;sorgfaeltiges
0;0.2119;sorgfaeltiger
0;0.2119;sorgfaeltigeren
0;0.2119;sorgfaeltigerem
0;0.2119;sorgfaeltigerer
0;0.2119;sorgfaeltigste
0;0.2119;sorgfaeltigeres
0;0.2119;sorgfaeltigen
0;0.2119;sorgfaeltigere
0;0.2119;sorgfaeltigstes
0;0.2119;sorgfaeltigem
0;0.2119;sorgfaeltigster
0;0.2119;sorgfaeltigsten
0;0.2119;sorgfaeltigstem
0;0.004;sorglos
0;0.004;sorglose
0;0.004;sorglosem
0;0.004;sorglosere
0;0.004;sorglosestem
0;0.004;sorgloseste
0;0.004;sorglosen
0;0.004;sorgloses
0;0.004;sorgloser
0;0.004;sorgloseres
0;0.004;sorgloserer
0;0.004;sorglosesten
0;0.004;sorglosestes
0;0.004;sorglosester
0;0.004;sorgloserem
0;0.004;sorgloseren
0;0.004;sorgsam
0;0.004;sorgsamsten
0;0.004;sorgsame
0;0.004;sorgsamster
0;0.004;sorgsamem
0;0.004;sorgsamstes
0;0.004;sorgsamen
0;0.004;sorgsamer
0;0.004;sorgsames
0;0.004;sorgsamstem
0;0.004;sorgsamere
0;0.004;sorgsameres
0;0.004;sorgsamerer
0;0.004;sorgsamste
0;0.004;sorgsamerem
0;0.004;sorgsameren
0;0.0711;souveraen
0;0.0711;souveraener
0;0.0711;souveraenes
0;0.0711;souveraene
0;0.0711;souveraenem
0;0.0711;souveraenen
0;0.0711;souveraenerer
0;0.0711;souveraeneres
0;0.0711;souveraenere
0;0.0711;souveraenerem
0;0.0711;souveraeneren
0;0.0711;souveraenster
0;0.0711;souveraenstes
0;0.0711;souveraenste
0;0.0711;souveraenstem
0;0.0711;souveraensten
0;0.7165;spannend
0;0.7165;spannendste
0;0.7165;spannender
0;0.7165;spannendes
0;0.7165;spannenderen
0;0.7165;spannenderem
0;0.7165;spannenden
0;0.7165;spannende
0;0.7165;spannenderer
0;0.7165;spannendem
0;0.7165;spannenderes
0;0.7165;spannendsten
0;0.7165;spannendstem
0;0.7165;spannendere
0;0.7165;spannendstes
0;0.7165;spannendster
0;0.004;sparen
0;0.004;sparet
0;0.004;sparst
0;0.004;sparten
0;0.004;sparte
0;0.004;spart
0;0.004;sparest
0;0.004;spare
0;0.004;spartet
0;0.004;gespart
0;0.004;spar
0;0.004;spartest
0;0.004;sparend
0;0.0907;sparsam
0;0.0907;sparsamem
0;0.0907;sparsamen
0;0.0907;sparsameren
0;0.0907;sparsamstes
0;0.0907;sparsamerem
0;0.0907;sparsamer
0;0.0907;sparsames
0;0.0907;sparsameres
0;0.0907;sparsame
0;0.0907;sparsamerer
0;0.0907;sparsamste
0;0.0907;sparsamere
0;0.0907;sparsamstem
0;0.0907;sparsamsten
0;0.0907;sparsamster
0;0.0969;spassig
0;0.0969;spassiges
0;0.0969;spassiger
0;0.0969;spassigen
0;0.0969;spassigste
0;0.0969;spassigem
0;0.0969;spassigeren
0;0.0969;spassigerem
0;0.0969;spassigeres
0;0.0969;spassige
0;0.0969;spassigere
0;0.0969;spassigstes
0;0.0969;spassigerer
0;0.0969;spassigster
0;0.0969;spassigsten
0;0.0969;spassigstem
0;0.004;spektakel
0;0.004;spektakels
0;0.004;spektakeln
0;0.0925;spektakulaer
0;0.0925;spektakulaerstem
0;0.0925;spektakulaersten
0;0.0925;spektakulaerster
0;0.0925;spektakulaerstes
0;0.0925;spektakulaeres
0;0.0925;spektakulaerste
0;0.0925;spektakulaerer
0;0.0925;spektakulaerem
0;0.0925;spektakulaeren
0;0.0925;spektakulaererem
0;0.0925;spektakulaereren
0;0.0925;spektakulaere
0;0.0925;spektakulaerere
0;0.0925;spektakulaereres
0;0.0925;spektakulaererer
0;0.004;spenden
0;0.004;spendet
0;0.004;spendetet
0;0.004;spendete
0;0.004;spendeten
0;0.004;spend
0;0.004;spendten
0;0.004;gespendet
0;0.004;spendte
0;0.004;spende
0;0.004;spendtet
0;0.004;spendetest
0;0.004;spendtest
0;0.004;spendest
0;0.004;spendend
0;0.004;speziell
0;0.004;speziellste
0;0.004;spezielleren
0;0.004;speziellerem
0;0.004;spezielle
0;0.004;speziellerer
0;0.004;spezielleres
0;0.004;spezielles
0;0.004;spezieller
0;0.004;speziellstem
0;0.004;speziellsten
0;0.004;speziellem
0;0.004;speziellen
0;0.004;speziellere
0;0.004;speziellster
0;0.004;speziellstes
0;0.004;spielend
0;0.004;spielender
0;0.004;spielendes
0;0.004;spielende
0;0.004;spielendem
0;0.004;spielenden
0;0.2;spielerisch
0;0.2;spielerischen
0;0.2;spielerisches
0;0.2;spielerischer
0;0.2;spielerische
0;0.2;spielerischem
0;0.2112;nan
0;0.004;spuerbar
0;0.004;spuerbarem
0;0.004;spuerbaren
0;0.004;spuerbare
0;0.004;spuerbares
0;0.004;spuerbarer
0;0.1016;stabil
0;0.1016;stabilerer
0;0.1016;stabilerem
0;0.1016;stabileren
0;0.1016;stabiles
0;0.1016;stabiler
0;0.1016;stabilstem
0;0.1016;stabilsten
0;0.1016;stabilen
0;0.1016;stabilere
0;0.1016;stabileres
0;0.1016;stabilste
0;0.1016;stabilster
0;0.1016;stabilem
0;0.1016;stabilstes
0;0.1016;stabile
0;0.004;stabilisieren
0;0.004;stabilisiertet
0;0.004;stabilisiertest
0;0.004;stabilisiere
0;0.004;stabilisiert
0;0.004;stabilisierten
0;0.004;stabilisieret
0;0.004;stabilisierte
0;0.004;stabilisier
0;0.004;stabilisierst
0;0.004;stabilisierest
0;0.004;stabilisierend
0;0.004;standhaft
0;0.004;standhafterer
0;0.004;standhafteren
0;0.004;standhafterem
0;0.004;standhafte
0;0.004;standhafteres
0;0.004;standhaftester
0;0.004;standhaftestes
0;0.004;standhaftere
0;0.004;standhaftesten
0;0.004;standhafteste
0;0.004;standhafter
0;0.004;standhaftes
0;0.004;standhaftestem
0;0.004;standhaftem
0;0.004;standhaften
0;0.004;stark
0;0.004;starkes
0;0.004;starker
0;0.004;starken
0;0.004;staerkste
0;0.004;starkem
0;0.004;starke
0;0.004;staerker
0;0.004;staerksten
0;0.004;staerkere
0;0.004;staerkerem
0;0.004;staerkstem
0;0.004;staerkeren
0;0.004;staerkerer
0;0.004;staerkeres
0;0.004;staerkstes
0;0.0876;stattlich
0;0.0876;stattlichsten
0;0.0876;stattliches
0;0.0876;stattlichstem
0;0.0876;stattlichere
0;0.0876;stattliche
0;0.0876;stattlichste
0;0.0876;stattlicherem
0;0.0876;stattlichem
0;0.0876;stattlicheres
0;0.0876;stattlichen
0;0.0876;stattlicherer
0;0.0876;stattlicher
0;0.0876;stattlicheren
0;0.0876;stattlichster
0;0.0876;stattlichstes
0;0.0876;staerkster
0;0.004;staunen
0;0.004;staun
0;0.004;staune
0;0.004;staunten
0;0.004;staunt
0;0.004;stauntest
0;0.004;stauntet
0;0.004;staunest
0;0.004;staunet
0;0.004;staunte
0;0.004;staunst
0;0.004;gestaunt
0;0.004;staunend
0;0.004;steigen
0;0.004;steige
0;0.004;steigst
0;0.004;steigest
0;0.004;steigt
0;0.004;steiget
0;0.004;stieg
0;0.004;stiege
0;0.004;stiegst
0;0.004;stiegen
0;0.004;stiegt
0;0.004;stieget
0;0.004;steig
0;0.004;steigend
0;0.004;gestiegen
0;0.004;steigend
0;0.004;steigender
0;0.004;steigendes
0;0.004;steigende
0;0.004;steigendem
0;0.004;steigenden
0;0.004;steigern
0;0.004;steigertet
0;0.004;steigerte
0;0.004;steigerst
0;0.004;steigeren
0;0.004;steigert
0;0.004;steigere
0;0.004;gesteigert
0;0.004;steigerten
0;0.004;steigertest
0;0.004;steigernd
0;0.004;stiften
0;0.004;stiftetet
0;0.004;stiftete
0;0.004;stifttest
0;0.004;stift
0;0.004;stifttet
0;0.004;stiftet
0;0.004;stiftten
0;0.004;stiftetest
0;0.004;stiftest
0;0.004;stiftte
0;0.004;gestiftet
0;0.004;stifte
0;0.004;stifteten
0;0.004;stiftend
0;0.004;stilsicher
0;0.004;stilsichereren
0;0.004;stilsichererem
0;0.004;stilsichereres
0;0.004;stilsichererer
0;0.004;stilsichere
0;0.004;stilsicherste
0;0.004;stilsichrer
0;0.004;stilsichrerem
0;0.004;stilsichersten
0;0.004;stilsicherer
0;0.004;stilsichreren
0;0.004;stilsicheres
0;0.004;stilsicherstem
0;0.004;stilsichrerer
0;0.004;stilsichreres
0;0.004;stilsicherere
0;0.3197;stilvoll
0;0.3197;stilvollstes
0;0.3197;stilvolle
0;0.3197;stilvollster
0;0.3197;stilvollstem
0;0.3197;stilvollsten
0;0.3197;stilvollerer
0;0.3197;stilvollere
0;0.3197;stilvolleren
0;0.3197;stilvollen
0;0.3197;stilvollerem
0;0.3197;stilvollem
0;0.3197;stilvolles
0;0.3197;stilvoller
0;0.3197;stilvollste
0;0.3197;stilvolleres
0;0.3197;stilsichrere
0;0.3197;stilsicherster
0;0.3197;stilsicheren
0;0.3197;stilsicherstes
0;0.3197;stilsicherem
0;0.3197;stilsicherst
0;0.004;stimulieren
0;0.004;stimulierten
0;0.004;stimulier
0;0.004;stimuliertest
0;0.004;stimulieret
0;0.004;stimuliertet
0;0.004;stimulierte
0;0.004;stimuliere
0;0.004;stimuliert
0;0.004;stimulierst
0;0.004;stimulierest
0;0.004;stimulierend
0;0.5161;stolz
0;0.5161;stolzere
0;0.5161;stolzester
0;0.5161;stolzen
0;0.5161;stolzeres
0;0.5161;stolzem
0;0.5161;stolzerer
0;0.5161;stolzesten
0;0.5161;stolzerem
0;0.5161;stolzestem
0;0.5161;stolzeren
0;0.5161;stolze
0;0.5161;stolzes
0;0.5161;stolzer
0;0.5161;stolzeste
0;0.5161;stolzestes
0;0.2092;strahlen
0;0.2092;strahlet
0;0.2092;strahlest
0;0.2092;strahl
0;0.2092;strahlten
0;0.2092;gestrahlt
0;0.2092;strahlst
0;0.2092;strahlte
0;0.2092;strahlt
0;0.2092;strahltet
0;0.2092;strahle
0;0.2092;strahltest
0;0.218;strahlend
0;0.218;strahlender
0;0.218;strahlendes
0;0.218;strahlende
0;0.218;strahlendem
0;0.218;strahlenden
0;0.218;strahlenderer
0;0.218;strahlenderes
0;0.218;strahlendere
0;0.218;strahlenderem
0;0.218;strahlenderen
0;0.218;strahlendster
0;0.218;strahlendstes
0;0.218;strahlendste
0;0.218;strahlendstem
0;0.218;strahlendsten
0;0.004;staerken
0;0.004;staerkest
0;0.004;staerkst
0;0.004;staerk
0;0.004;staerkten
0;0.004;gestaerkt
0;0.004;staerkte
0;0.004;staerktest
0;0.004;staerkt
0;0.004;staerket
0;0.004;staerke
0;0.004;staerktet
0;0.004;staerkend
0;0.004;stoerungsfrei
0;0.004;stoerungsfreie
0;0.004;stoerungsfreies
0;0.004;stoerungsfreiem
0;0.004;stoerungsfreien
0;0.004;stoerungsfreier
0;0.004;stuetzen
0;0.004;stuetze
0;0.004;stuetzt
0;0.004;stuetzest
0;0.004;stuetzet
0;0.004;stuetzte
0;0.004;stuetztest
0;0.004;stuetzten
0;0.004;stuetztet
0;0.004;stuetzend
0;0.004;gestuetzt
0;0.004;stoerungsfreiste
0;0.004;stoerungsfreiester
0;0.004;stoerungsfreier
0;0.004;stoerungsfreiestes
0;0.004;stoerungsfreierer
0;0.004;stoerungsfreieres
0;0.004;subventionieren
0;0.004;subventionierest
0;0.004;subventioniere
0;0.004;subventioniert
0;0.004;subventionierten
0;0.004;subventioniertet
0;0.004;subventionieret
0;0.004;subventioniertest
0;0.004;subventionier
0;0.004;subventionierst
0;0.004;subventionierte
0;0.004;subventionierend
0;0.5012;super
0;0.5012;supererem
0;0.5012;superes
0;0.5012;superer
0;0.5012;supereren
0;0.5012;supere
0;0.5012;supererer
0;0.5012;supereres
0;0.5012;superste
0;0.5012;superem
0;0.5012;superen
0;0.5012;superstes
0;0.5012;superster
0;0.5012;superst
0;0.5012;superstem
0;0.5012;supersten
0;0.5012;superere
0;0.004;superschnell
0;0.004;superschneller
0;0.004;superschnelles
0;0.004;superschnelle
0;0.004;superschnellen
0;0.004;superschnellem
0;0.4529;sympathisch
0;0.4529;sympathischer
0;0.4529;sympathisches
0;0.4529;sympathische
0;0.4529;sympathischem
0;0.4529;sympathischen
0;0.4529;sympathischerer
0;0.4529;sympathischeres
0;0.4529;sympathischere
0;0.4529;sympathischerem
0;0.4529;sympathischeren
0;0.4529;sympathischster
0;0.4529;sympathischstes
0;0.4529;sympathischste
0;0.4529;sympathischstem
0;0.4529;sympathischsten
0;0.004;sympathisieren
0;0.004;sympathisierest
0;0.004;sympathisiertet
0;0.004;sympathisier
0;0.004;sympathisiertest
0;0.004;sympathisierten
0;0.004;sympathisiere
0;0.004;sympathisiert
0;0.004;sympathisierst
0;0.004;sympathisierte
0;0.004;sympathisieret
0;0.004;sympathisierend
0;0.004;systematisch
0;0.004;systematischer
0;0.004;systematisches
0;0.004;systematische
0;0.004;systematischem
0;0.004;systematischen
0;0.0845;suechtig
0;0.0845;suechtigsten
0;0.0845;suechtigeres
0;0.0845;suechtigstem
0;0.0845;suechtigerer
0;0.0845;suechtigerem
0;0.0845;suechtigem
0;0.0845;suechtigen
0;0.0845;suechtigeren
0;0.0845;suechtigste
0;0.0845;suechtige
0;0.0845;suechtigere
0;0.0845;suechtiges
0;0.0845;suechtiger
0;0.0845;suechtigster
0;0.0845;suechtigstes
0;0.3616;suess
0;0.3616;suessesten
0;0.3616;suesses
0;0.3616;suessestes
0;0.3616;suesser
0;0.3616;suessester
0;0.3616;suesseren
0;0.3616;suesserem
0;0.3616;suesseste
0;0.3616;suesseres
0;0.3616;suesserer
0;0.3616;suessere
0;0.3616;suesse
0;0.3616;suessestem
0;0.3616;suessem
0;0.3616;suessen
0;0.309;tadellos
0;0.309;tadelloses
0;0.309;tadelloserem
0;0.309;tadelloseste
0;0.309;tadellosestes
0;0.309;tadellose
0;0.309;tadelloseren
0;0.309;tadellosester
0;0.309;tadelloserer
0;0.309;tadelloseres
0;0.309;tadellosere
0;0.309;tadellosesten
0;0.309;tadellosestem
0;0.309;tadellosem
0;0.309;tadellosen
0;0.309;tadelloser
0;0.004;tadelsfrei
0;0.004;tadelsfreie
0;0.004;tadelsfreier
0;0.004;tadelsfreies
0;0.004;tadelsfreiem
0;0.004;tadelsfreien
0;0.3218;talentiert
0;0.3218;talentiertesten
0;0.3218;talentierteren
0;0.3218;talentiertestem
0;0.3218;talentiertes
0;0.3218;talentierterer
0;0.3218;talentiertere
0;0.3218;talentierteres
0;0.3218;talentiertem
0;0.3218;talentierten
0;0.3218;talentierteste
0;0.3218;talentiertester
0;0.3218;talentierter
0;0.3218;talentiertestes
0;0.3218;talentierte
0;0.3218;talentierterem
0;0.004;tatkraeftig
0;0.004;tatkraeftigste
0;0.004;tatkraeftigerem
0;0.004;tatkraeftigstes
0;0.004;tatkraeftigster
0;0.004;tatkraeftigen
0;0.004;tatkraeftigem
0;0.004;tatkraeftigeren
0;0.004;tatkraeftiger
0;0.004;tatkraeftigeres
0;0.004;tatkraeftigerer
0;0.004;tatkraeftige
0;0.004;tatkraeftigere
0;0.004;tatkraeftiges
0;0.004;tatkraeftigsten
0;0.004;tatkraeftigstem
0;0.004;tauglich
0;0.004;taugliche
0;0.004;tauglicher
0;0.004;taugliches
0;0.004;tauglichem
0;0.004;tauglichen
0;0.004;tiefgreifend
0;0.004;tiefgreifende
0;0.004;tiefgreifendes
0;0.004;tiefgreifendem
0;0.004;tiefgreifenden
0;0.004;tiefgreifender
0;0.1135;tierisch
0;0.1135;tierischstes
0;0.1135;tierischere
0;0.1135;tierischerem
0;0.1135;tierischstem
0;0.1135;tierischsten
0;0.1135;tierischeren
0;0.1135;tierische
0;0.1135;tierischster
0;0.1135;tierischen
0;0.1135;tierischeres
0;0.1135;tierischem
0;0.1135;tierischer
0;0.1135;tierischste
0;0.1135;tierischerer
0;0.1135;tierisches
0;0.1984;tolerant
0;0.1984;toleranteres
0;0.1984;toleranterem
0;0.1984;toleranteren
0;0.1984;toleranterer
0;0.1984;tolerantere
0;0.1984;tolerante
0;0.1984;tolerantestes
0;0.1984;tolerantes
0;0.1984;tolerantester
0;0.1984;toleranter
0;0.1984;tolerantem
0;0.1984;toleranten
0;0.1984;toleranteste
0;0.1984;tolerantestem
0;0.1984;tolerantesten
0;0.004;tolerieren
0;0.004;toleriertet
0;0.004;toleriertest
0;0.004;tolerierest
0;0.004;tolerierte
0;0.004;toleriere
0;0.004;toleriert
0;0.004;tolerierst
0;0.004;tolerier
0;0.004;tolerierten
0;0.004;tolerieret
0;0.004;tolerierend
0;0.5066;toll
0;0.5066;tollere
0;0.5066;tollste
0;0.5066;tollerer
0;0.5066;tolleres
0;0.5066;tollerem
0;0.5066;tolles
0;0.5066;toller
0;0.5066;tolleren
0;0.5066;tollstem
0;0.5066;tollsten
0;0.5066;tollstes
0;0.5066;tollen
0;0.5066;tollster
0;0.5066;tollem
0;0.5066;tolle
0;0.3186;top
0;0.3186;topsten
0;0.3186;topem
0;0.3186;topstem
0;0.3186;topst
0;0.3186;topen
0;0.3186;toperes
0;0.3186;tope
0;0.3186;topste
0;0.3186;topstes
0;0.3186;toper
0;0.3186;toperem
0;0.3186;toperen
0;0.3186;topes
0;0.3186;toperer
0;0.3186;topster
0;0.3186;topere
0;0.004;toppen
0;0.004;toppe
0;0.004;toppten
0;0.004;toppt
0;0.004;toppet
0;0.004;toppte
0;0.004;topp
0;0.004;toppst
0;0.004;topptet
0;0.004;toppest
0;0.004;topptest
0;0.004;getoppt
0;0.004;toppend
0;0.004;traditionell
0;0.004;traditioneller
0;0.004;traditionelles
0;0.004;traditionelle
0;0.004;traditionellem
0;0.004;traditionellen
0;0.004;traditionsreich
0;0.004;traditionsreiche
0;0.004;traditionsreichem
0;0.004;traditionsreichen
0;0.004;traditionsreicher
0;0.004;traditionsreiches
0;0.004;tragfaehig
0;0.004;tragfaehigen
0;0.004;tragfaehigem
0;0.004;tragfaehiges
0;0.004;tragfaehiger
0;0.004;tragfaehige
0;0.004;transparent
0;0.004;transparentesten
0;0.004;transparenteste
0;0.004;transparentestem
0;0.004;transparenten
0;0.004;transparentem
0;0.004;transparenter
0;0.004;transparentere
0;0.004;transparenteren
0;0.004;transparentestes
0;0.004;transparenterer
0;0.004;transparentester
0;0.004;transparente
0;0.004;transparenteres
0;0.004;transparenterem
0;0.004;transparentes
0;0.5665;traumhaft
0;0.5665;traumhafter
0;0.5665;traumhafte
0;0.5665;traumhaftester
0;0.5665;traumhaftestes
0;0.5665;traumhaften
0;0.5665;traumhaftem
0;0.5665;traumhafterem
0;0.5665;traumhaftere
0;0.5665;traumhaftesten
0;0.5665;traumhafteste
0;0.5665;traumhaftestem
0;0.5665;traumhafteres
0;0.5665;traumhafterer
0;0.5665;traumhaftes
0;0.5665;traumhafteren
0;0.1023;treffend
0;0.1023;treffender
0;0.1023;treffendes
0;0.1023;treffende
0;0.1023;treffendem
0;0.1023;treffenden
0;0.1023;treffenderer
0;0.1023;treffenderes
0;0.1023;treffendere
0;0.1023;treffenderem
0;0.1023;treffenderen
0;0.1023;treffendste
0;0.1023;treffendster
0;0.1023;treffendstes
0;0.1023;treffendstem
0;0.1023;treffendsten
0;0.004;trefflich
0;0.004;trefflichsten
0;0.004;trefflichen
0;0.004;trefflichstem
0;0.004;trefflichem
0;0.004;trefflicheres
0;0.004;trefflichster
0;0.004;trefflicherer
0;0.004;treffliches
0;0.004;trefflicher
0;0.004;trefflichstes
0;0.004;trefflichere
0;0.004;treffliche
0;0.004;trefflichste
0;0.004;trefflicherem
0;0.004;trefflicheren
0;0.3526;treu
0;0.3526;treuerem
0;0.3526;treuest
0;0.3526;treueren
0;0.3526;treueres
0;0.3526;treuerer
0;0.3526;treuere
0;0.3526;treuestes
0;0.3526;treue
0;0.3526;treuem
0;0.3526;treueste
0;0.3526;treuen
0;0.3526;treuester
0;0.3526;treuste
0;0.3526;treuestem
0;0.3526;treustem
0;0.004;triumphal
0;0.004;triumphaleren
0;0.004;triumphalste
0;0.004;triumphalstem
0;0.004;triumphalerem
0;0.004;triumphales
0;0.004;triumphalere
0;0.004;triumphaler
0;0.004;triumphalem
0;0.004;triumphale
0;0.004;triumphalen
0;0.004;triumphaleres
0;0.004;triumphalsten
0;0.004;triumphalerer
0;0.004;triumphalstes
0;0.004;triumphalster
0;0.004;treuesten
0;0.004;treusten
0;0.004;treues
0;0.004;treuster
0;0.004;treustes
0;0.004;treuer
0;0.004;triumphieren
0;0.004;triumphierst
0;0.004;triumphiertest
0;0.004;triumphierte
0;0.004;triumphiert
0;0.004;triumphierten
0;0.004;triumphiere
0;0.004;triumphier
0;0.004;triumphieret
0;0.004;triumphiertet
0;0.004;triumphierest
0;0.004;triumphierend
0;0.004;troesten
0;0.004;troeste
0;0.004;troestest
0;0.004;troestet
0;0.004;troesteten
0;0.004;getroestet
0;0.004;troest
0;0.004;troestetest
0;0.004;troestetet
0;0.004;troestete
0;0.004;troestend
0;0.004;taetig
0;0.004;taetiger
0;0.004;taetige
0;0.004;taetiges
0;0.004;taetigen
0;0.004;taetigem
0;0.004;ultimativ
0;0.004;ultimativer
0;0.004;ultimativeren
0;0.004;ultimativerem
0;0.004;ultimatives
0;0.004;ultimativen
0;0.004;ultimativere
0;0.004;ultimativem
0;0.004;ultimativster
0;0.004;ultimativeres
0;0.004;ultimativerer
0;0.004;ultimativsten
0;0.004;ultimativstem
0;0.004;ultimativstes
0;0.004;ultimativste
0;0.004;ultimative
0;0.004;umfangreich
0;0.004;umfangreichstes
0;0.004;umfangreiche
0;0.004;umfangreicher
0;0.004;umfangreiches
0;0.004;umfangreichster
0;0.004;umfangreichen
0;0.004;umfangreicheres
0;0.004;umfangreichstem
0;0.004;umfangreichsten
0;0.004;umfangreicherer
0;0.004;umfangreicherem
0;0.004;umfangreichem
0;0.004;umfangreicheren
0;0.004;umfangreichere
0;0.004;umfangreichste
0;0.004;umfassend
0;0.004;umfassender
0;0.004;umfassende
0;0.004;umfassendes
0;0.004;umfassenden
0;0.004;umfassendem
0;0.004;umfassenderer
0;0.004;umfassendere
0;0.004;umfassenderes
0;0.004;umfassenderen
0;0.004;umfassenderem
0;0.004;umfassendste
0;0.004;umfassendster
0;0.004;umfassendstes
0;0.004;umfassendstem
0;0.004;umfassendsten
0;0.2129;umgaenglich
0;0.2129;umgaengliches
0;0.2129;umgaenglicher
0;0.2129;umgaenglicheres
0;0.2129;umgaenglicherer
0;0.2129;umgaenglichen
0;0.2129;umgaenglichem
0;0.2129;umgaenglicheren
0;0.2129;umgaenglicherem
0;0.2129;umgaenglichste
0;0.2129;umgaenglichster
0;0.2129;umgaenglichstes
0;0.2129;umgaengliche
0;0.2129;umgaenglichstem
0;0.2129;umgaenglichsten
0;0.2129;umgaenglichere
0;0.004;umjubelt
0;0.004;umjubelter
0;0.004;umjubeltes
0;0.004;umjubelte
0;0.004;umjubelten
0;0.004;umjubeltem
0;0.0846;umsichtig
0;0.0846;umsichtiger
0;0.0846;umsichtiges
0;0.0846;umsichtigste
0;0.0846;umsichtigen
0;0.0846;umsichtigem
0;0.0846;umsichtigere
0;0.0846;umsichtigerem
0;0.0846;umsichtige
0;0.0846;umsichtigeren
0;0.0846;umsichtigeres
0;0.0846;umsichtigstes
0;0.0846;umsichtigster
0;0.0846;umsichtigerer
0;0.0846;umsichtigsten
0;0.0846;umsichtigstem
0;0.0863;umsorgen
0;0.0863;umsorgst
0;0.0863;umsorgte
0;0.0863;umsorget
0;0.0863;umsorgt
0;0.0863;umsorgest
0;0.0863;umsorge
0;0.0863;umsorgtet
0;0.0863;umsorgten
0;0.0863;umsorg
0;0.0863;umsorgtest
0;0.0863;umsorgend
0;0.1991;umwerfend
0;0.1991;umwerfender
0;0.1991;umwerfendes
0;0.1991;umwerfende
0;0.1991;umwerfenden
0;0.1991;umwerfendem
0;0.004;unabhaengig
0;0.004;unabhaengiges
0;0.004;unabhaengiger
0;0.004;unabhaengige
0;0.004;unabhaengigsten
0;0.004;unabhaengigeres
0;0.004;unabhaengigere
0;0.004;unabhaengigstem
0;0.004;unabhaengigerer
0;0.004;unabhaengigster
0;0.004;unabhaengigste
0;0.004;unabhaengigerem
0;0.004;unabhaengigstes
0;0.004;unabhaengigen
0;0.004;unabhaengigeren
0;0.004;unabhaengigem
0;0.004;unangefochten
0;0.004;unangefochtenem
0;0.004;unangefochtenen
0;0.004;unangefochtene
0;0.004;unangefochtenes
0;0.004;unangefochtener
0;0.004;unantastbar
0;0.004;unantastbaren
0;0.004;unantastbares
0;0.004;unantastbare
0;0.004;unantastbarer
0;0.004;unantastbarem
0;0.004;nan
0;0.004;unbedingt
0;0.004;unbedingten
0;0.004;unbedingtem
0;0.004;unbedingter
0;0.004;unbedingte
0;0.004;unbedingtes
0;0.004;unbegrenzt
0;0.004;unbegrenzteste
0;0.004;unbegrenzterem
0;0.004;unbegrenzteres
0;0.004;unbegrenzte
0;0.004;unbegrenzterer
0;0.004;unbegrenzten
0;0.004;unbegrenztem
0;0.004;unbegrenztestem
0;0.004;unbegrenztesten
0;0.004;unbegrenzteren
0;0.004;unbegrenzter
0;0.004;unbegrenztester
0;0.004;unbegrenztes
0;0.004;unbegrenztestes
0;0.004;unbegrenztere
0;0.004;unberuehrt
0;0.004;unberuehrtere
0;0.004;unberuehrtestes
0;0.004;unberuehrtes
0;0.004;unberuehrter
0;0.004;unberuehrten
0;0.004;unberuehrte
0;0.004;unberuehrtem
0;0.004;unberuehrteste
0;0.004;unberuehrtestem
0;0.004;unberuehrtesten
0;0.004;unberuehrteres
0;0.004;unberuehrterer
0;0.004;unberuehrterem
0;0.004;unberuehrtester
0;0.004;unberuehrteren
0;0.1156;unbeschreiblich
0;0.1156;unbeschreibliche
0;0.1156;unbeschreiblichstem
0;0.1156;unbeschreiblichere
0;0.1156;unbeschreiblichsten
0;0.1156;unbeschreiblichstes
0;0.1156;unbeschreiblichster
0;0.1156;unbeschreiblicherem
0;0.1156;unbeschreibliches
0;0.1156;unbeschreiblicherer
0;0.1156;unbeschreiblicheres
0;0.1156;unbeschreiblicheren
0;0.1156;unbeschreiblichste
0;0.1156;unbeschreiblichem
0;0.1156;unbeschreiblichen
0;0.1156;unbeschreiblicher
0;0.3349;unbeschwert
0;0.3349;unbeschwerter
0;0.3349;unbeschwerterem
0;0.3349;unbeschwertester
0;0.3349;unbeschwertere
0;0.3349;unbeschwerteren
0;0.3349;unbeschwertes
0;0.3349;unbeschwertesten
0;0.3349;unbeschwerteres
0;0.3349;unbeschwerterer
0;0.3349;unbeschwertestem
0;0.3349;unbeschwerten
0;0.3349;unbeschwertestes
0;0.3349;unbeschwertem
0;0.3349;unbeschwerte
0;0.3349;unbeschwerteste
0;0.004;unbesiegbar
0;0.004;unbesiegbarere
0;0.004;unbesiegbarster
0;0.004;unbesiegbarstes
0;0.004;unbesiegbarerer
0;0.004;unbesiegbarste
0;0.004;unbesiegbarstem
0;0.004;unbesiegbarsten
0;0.004;unbesiegbarem
0;0.004;unbesiegbareres
0;0.004;unbesiegbaren
0;0.004;unbesiegbareren
0;0.004;unbesiegbarerem
0;0.004;unbesiegbare
0;0.004;unbesiegbarer
0;0.004;unbesiegbares
0;0.004;unbestreitbar
0;0.004;unbestreitbarerer
0;0.004;unbestreitbare
0;0.004;unbestreitbareres
0;0.004;unbestreitbarster
0;0.004;unbestreitbarstes
0;0.004;unbestreitbarstem
0;0.004;unbestreitbarsten
0;0.004;unbestreitbareren
0;0.004;unbestreitbaren
0;0.004;unbestreitbarerem
0;0.004;unbestreitbarste
0;0.004;unbestreitbarem
0;0.004;unbestreitbarere
0;0.004;unbestreitbares
0;0.004;unbestreitbarer
0;0.004;unbestritten
0;0.004;unbestrittneren
0;0.004;unbestrittenstes
0;0.004;unbestrittneres
0;0.004;unbestrittnere
0;0.004;unbestrittene
0;0.004;unbestrittenem
0;0.004;unbestrittnerer
0;0.004;unbestrittenster
0;0.004;unbestrittenen
0;0.004;unbestrittenstem
0;0.004;unbestrittensten
0;0.004;unbestrittenes
0;0.004;unbestrittener
0;0.004;unbestrittner
0;0.004;unbestrittenste
0;0.004;unbezahlbar
0;0.004;unbezahlbarer
0;0.004;unbezahlbarerer
0;0.004;unbezahlbareres
0;0.004;unbezahlbares
0;0.004;unbezahlbareren
0;0.004;unbezahlbarerem
0;0.004;unbezahlbarere
0;0.004;unbezahlbaren
0;0.004;unbezahlbarem
0;0.004;unbezahlbare
0;0.004;unbezahlbarsten
0;0.004;unbezahlbarstem
0;0.004;unbezahlbarster
0;0.004;unbezahlbarstes
0;0.004;unbezahlbarste
0;0.004;unbestritteneres
0;0.004;unbestritteneren
0;0.004;unbestrittenerem
0;0.004;unbestrittenere
0;0.004;unbestrittenerer
0;0.004;unbestrittnerem
0;0.004;uneingeschraenkt
0;0.004;uneingeschraenktem
0;0.004;uneingeschraenkte
0;0.004;uneingeschraenkten
0;0.004;uneingeschraenkteste
0;0.004;uneingeschraenkter
0;0.004;uneingeschraenktes
0;0.004;uneingeschraenktere
0;0.004;uneingeschraenktestem
0;0.004;uneingeschraenktesten
0;0.004;uneingeschraenktester
0;0.004;uneingeschraenktestes
0;0.004;uneingeschraenkterer
0;0.004;uneingeschraenkteres
0;0.004;uneingeschraenkteren
0;0.004;uneingeschraenkterem
0;0.004;uneinholbar
0;0.004;uneinholbare
0;0.004;uneinholbares
0;0.004;uneinholbarer
0;0.004;uneinholbarem
0;0.004;uneinholbaren
0;0.004;unerhoert
0;0.004;unerhoertes
0;0.004;unerhoerter
0;0.004;unerhoerteres
0;0.004;unerhoerteste
0;0.004;unerhoerterer
0;0.004;unerhoertere
0;0.004;unerhoerte
0;0.004;unerhoerteren
0;0.004;unerhoerterem
0;0.004;unerhoertester
0;0.004;unerhoertestes
0;0.004;unerhoerten
0;0.004;unerhoertestem
0;0.004;unerhoertesten
0;0.004;unerhoertem
0;0.004;unermesslich
0;0.004;unermesslicher
0;0.004;unermessliches
0;0.004;unermessliche
0;0.004;untermesslichen
0;0.004;unermesslichem
0;0.004;unermesslicherer
0;0.004;unermesslicheres
0;0.004;unermesslichere
0;0.004;unermesslicheren
0;0.004;unermesslicherem
0;0.004;unermesslichster
0;0.004;unermesslichstes
0;0.004;unermesslichste
0;0.004;unermesslichstem
0;0.004;unermesslichsten
0;0.004;unermesslich
0;0.004;unermessliches
0;0.004;unermesslicher
0;0.004;unermesslichstem
0;0.004;unermesslichsten
0;0.004;unermesslichere
0;0.004;unermessliche
0;0.004;unermesslichste
0;0.004;unermesslichster
0;0.004;unermesslicherer
0;0.004;unermesslicheres
0;0.004;unermesslichstes
0;0.004;unermesslichem
0;0.004;unermesslichen
0;0.004;unermesslicherem
0;0.004;unermesslicheren
0;0.004;unermuedlich
0;0.004;unermuedlichsten
0;0.004;unermuedlicherer
0;0.004;unermuedlichstem
0;0.004;unermuedlichster
0;0.004;unermuedlicheres
0;0.004;unermuedlichere
0;0.004;unermuedlicheren
0;0.004;unermuedlicherem
0;0.004;unermuedlichste
0;0.004;unermuedliches
0;0.004;unermuedlicher
0;0.004;unermuedlichstes
0;0.004;unermuedliche
0;0.004;unermuedlichen
0;0.004;unermuedlichem
0;0.004;unerreicht
0;0.004;unerreichtem
0;0.004;unerreichten
0;0.004;unerreichter
0;0.004;unerreichtes
0;0.004;unerreichte
0;0.004;unerschrocken
0;0.004;unerschrockenstem
0;0.004;unerschrocknere
0;0.004;unerschrockensten
0;0.004;unerschrockenstes
0;0.004;unerschrockenster
0;0.004;unerschrockneren
0;0.004;unerschrocknerem
0;0.004;unerschrockner
0;0.004;unerschrockenere
0;0.004;unerschrockeneres
0;0.004;unerschrockenerer
0;0.004;unerschrockenes
0;0.004;unerschrockener
0;0.004;unerschrocknerer
0;0.004;unerschrockneres
0;0.004;unerschrockenen
0;0.004;unersetzlich
0;0.004;unersetzlicher
0;0.004;unersetzliches
0;0.004;unersetzlichem
0;0.004;unersetzlichen
0;0.004;unersetzliche
0;0.004;unerschrockenst
0;0.004;unerschrockenem
0;0.004;unerschrockenste
0;0.004;unerschrockene
0;0.004;unerschrockeneren
0;0.004;unerschrockenerem
0;0.004;unfehlbar
0;0.004;unfehlbares
0;0.004;unfehlbarer
0;0.004;unfehlbaren
0;0.004;unfehlbarem
0;0.004;unfehlbare
0;0.004;ungeahnt
0;0.004;ungeahntem
0;0.004;ungeahntes
0;0.004;ungeahnter
0;0.004;ungeahnte
0;0.004;ungeahnten
0;0.004;ungebrochen
0;0.004;ungebrochene
0;0.004;ungebrochenen
0;0.004;ungebrochenem
0;0.004;ungebrochenes
0;0.004;ungebrochener
0;0.004;ungeteilt
0;0.004;ungeteilten
0;0.004;ungeteiltem
0;0.004;ungeteilte
0;0.004;ungeteilter
0;0.004;ungeteiltes
0;0.004;ungezwungen
0;0.004;ungezwungneren
0;0.004;ungezwungnere
0;0.004;ungezwungnerem
0;0.004;ungezwungnerer
0;0.004;ungezwungene
0;0.004;ungezwungneres
0;0.004;ungezwungenen
0;0.004;ungezwungensten
0;0.004;ungezwungenstem
0;0.004;ungezwungenem
0;0.004;ungezwungenster
0;0.004;ungezwungenerer
0;0.004;ungezwungenstes
0;0.004;ungezwungeneres
0;0.004;ungezwungner
0;0.004;ungezwungenerem
0;0.3698;unglaublich
0;0.3698;unglaublichsten
0;0.3698;unglaubliches
0;0.3698;unglaublichstem
0;0.3698;unglaublicherem
0;0.3698;unglaubliche
0;0.3698;unglaublicheren
0;0.3698;unglaublichste
0;0.3698;unglaublicheres
0;0.3698;unglaublichere
0;0.3698;unglaublicherer
0;0.3698;unglaublichem
0;0.3698;unglaublichen
0;0.3698;unglaublicher
0;0.3698;unglaublichster
0;0.3698;unglaublichstes
0;0.3698;ungezwungenes
0;0.3698;ungezwungener
0;0.3698;ungezwungeneren
0;0.3698;ungezwungenste
0;0.3698;ungezwungenst
0;0.3698;ungezwungenere
0;0.004;universell
0;0.004;universellste
0;0.004;universelle
0;0.004;universellen
0;0.004;universellem
0;0.004;universellstem
0;0.004;universellsten
0;0.004;universelleres
0;0.004;universellerer
0;0.004;universellere
0;0.004;universelleren
0;0.004;universellerem
0;0.004;universeller
0;0.004;universelles
0;0.004;universellster
0;0.004;universellstes
0;0.0782;unkompliziert
0;0.0782;unkompliziertestes
0;0.0782;unkompliziertester
0;0.0782;unkompliziertesten
0;0.0782;unkompliziertestem
0;0.0782;unkomplizierte
0;0.0782;unkompliziertere
0;0.0782;unkomplizierten
0;0.0782;unkompliziertem
0;0.0782;unkomplizierteres
0;0.0782;unkomplizierterer
0;0.0782;unkomplizierterem
0;0.0782;unkompliziertes
0;0.0782;unkomplizierter
0;0.0782;unkomplizierteren
0;0.0782;unkomplizierteste
0;0.004;unparteiisch
0;0.004;unparteiischste
0;0.004;unparteiischeres
0;0.004;unparteiischerer
0;0.004;unparteiischster
0;0.004;unparteiischstes
0;0.004;unparteiischeren
0;0.004;unparteiischerem
0;0.004;unparteiischstem
0;0.004;unparteiischsten
0;0.004;unparteiischem
0;0.004;unparteiischere
0;0.004;unparteiische
0;0.004;unparteiischen
0;0.004;unparteiischer
0;0.004;unparteiisches
0;0.004;unschlagbar
0;0.004;unschlagbarerem
0;0.004;unschlagbarem
0;0.004;unschlagbaren
0;0.004;unschlagbareren
0;0.004;unschlagbares
0;0.004;unschlagbarste
0;0.004;unschlagbarer
0;0.004;unschlagbareres
0;0.004;unschlagbarerer
0;0.004;unschlagbarster
0;0.004;unschlagbarstes
0;0.004;unschlagbarere
0;0.004;unschlagbarstem
0;0.004;unschlagbarsten
0;0.004;unschlagbare
0;0.004;unschuldig
0;0.004;unschuldigstem
0;0.004;unschuldigsten
0;0.004;unschuldigere
0;0.004;unschuldige
0;0.004;unschuldigste
0;0.004;unschuldigstes
0;0.004;unschuldigster
0;0.004;unschuldigen
0;0.004;unschuldigem
0;0.004;unschuldiger
0;0.004;unschuldigeres
0;0.004;unschuldigerer
0;0.004;unschuldiges
0;0.004;unschuldigeren
0;0.004;unschuldigerem
0;0.004;unschaetzbar
0;0.004;unschaetzbarerem
0;0.004;unschaetzbarste
0;0.004;unschaetzbareren
0;0.004;unschaetzbares
0;0.004;unschaetzbarster
0;0.004;unschaetzbarer
0;0.004;unschaetzbarstes
0;0.004;unschaetzbarerer
0;0.004;unschaetzbareres
0;0.004;unschaetzbarstem
0;0.004;unschaetzbarsten
0;0.004;unschaetzbaren
0;0.004;unschaetzbare
0;0.004;unschaetzbarem
0;0.004;unschaetzbarere
0;0.004;unsterblich
0;0.004;unsterblicher
0;0.004;unsterbliches
0;0.004;unsterbliche
0;0.004;unsterblichem
0;0.004;unsterblichen
0;0.004;unternehmerisch
0;0.004;unternehmerischste
0;0.004;unternehmerische
0;0.004;unternehmerischeren
0;0.004;unternehmerischerem
0;0.004;unternehmerischer
0;0.004;unternehmerischeres
0;0.004;unternehmerischstem
0;0.004;unternehmerischerer
0;0.004;unternehmerischsten
0;0.004;unternehmerisches
0;0.004;unternehmerischen
0;0.004;unternehmerischem
0;0.004;unternehmerischstes
0;0.004;unternehmerischster
0;0.004;unternehmerischere
0;0.004;unterstuetzen
0;0.004;unterstuetzt
0;0.004;unterstuetzten
0;0.004;unterstuetze
0;0.004;unterstuetztest
0;0.004;unterstuetzest
0;0.004;unterstuetztet
0;0.004;unterstuetzet
0;0.004;unterstuetz
0;0.004;untergestuetzt
0;0.004;unterstuetzte
0;0.004;unterstuetzend
0;0.004;untrennbar
0;0.004;untrennbarer
0;0.004;untrennbares
0;0.004;untrennbarere
0;0.004;untrennbarerer
0;0.004;untrennbareren
0;0.004;untrennbarerem
0;0.004;untrennbarsten
0;0.004;untrennbarstem
0;0.004;untrennbareres
0;0.004;untrennbare
0;0.004;untrennbarster
0;0.004;untrennbarstes
0;0.004;untrennbaren
0;0.004;untrennbarem
0;0.004;untrennbarste
0;0.004;unumschraenkt
0;0.004;unumschraenkte
0;0.004;unumschraenkterem
0;0.004;unumschraenktem
0;0.004;unumschraenkten
0;0.004;unumschraenkteren
0;0.004;unumschraenktestem
0;0.004;unumschraenktesten
0;0.004;unumschraenkteres
0;0.004;unumschraenkter
0;0.004;unumschraenkterer
0;0.004;unumschraenktes
0;0.004;unumschraenktester
0;0.004;unumschraenkteste
0;0.004;unumschraenktestes
0;0.004;unumschraenktere
0;0.004;unumstritten
0;0.004;unumstrittenere
0;0.004;unumstrittene
0;0.004;unumstrittenste
0;0.004;unumstrittneres
0;0.004;unumstrittnere
0;0.004;unumstrittenem
0;0.004;unumstrittenstem
0;0.004;unumstrittenen
0;0.004;unumstrittner
0;0.004;unumstrittener
0;0.004;unumstrittensten
0;0.004;unumstrittenerem
0;0.004;unumstrittenes
0;0.004;unumstrittenster
0;0.004;unumstrittenstes
0;0.004;ununterbrochen
0;0.004;ununterbrochenen
0;0.004;ununterbrochenem
0;0.004;ununterbrochener
0;0.004;ununterbrochenes
0;0.004;ununterbrochene
0;0.004;unumstrittnerer
0;0.004;unumstritteneres
0;0.004;unumstrittenerer
0;0.004;unumstrittnerem
0;0.004;unumstrittneren
0;0.004;unumstritteneren
0;0.0833;unvergleichbar
0;0.0833;unvergleichbare
0;0.0833;unvergleichbarer
0;0.0833;unvergleichbares
0;0.0833;unvergleichbarem
0;0.0833;unvergleichbaren
0;0.0967;unvergleichlich
0;0.0967;unvergleichlicherem
0;0.0967;unvergleichlichsten
0;0.0967;unvergleichlicheres
0;0.0967;unvergleichlicherer
0;0.0967;unvergleichlichste
0;0.0967;unvergleichlicher
0;0.0967;unvergleichlicheren
0;0.0967;unvergleichlichen
0;0.0967;unvergleichlichem
0;0.0967;unvergleichlichstem
0;0.0967;unvergleichliche
0;0.0967;unvergleichlichster
0;0.0967;unvergleichlichstes
0;0.0967;unvergleichlichere
0;0.0967;unvergleichliches
0;0.004;unverhofft
0;0.004;unverhofftesten
0;0.004;unverhofften
0;0.004;unverhoffterer
0;0.004;unverhoffteres
0;0.004;unverhoffterem
0;0.004;unverhoffteren
0;0.004;unverhofftem
0;0.004;unverhofftestem
0;0.004;unverhofftere
0;0.004;unverhoffte
0;0.004;unverhofftestes
0;0.004;unverhofftes
0;0.004;unverhoffteste
0;0.004;unverhofftester
0;0.004;unverhoffter
0;0.004;unverkrampft
0;0.004;unverkrampftestes
0;0.004;unverkrampftester
0;0.004;unverkrampftere
0;0.004;unverkrampfterem
0;0.004;unverkrampfteren
0;0.004;unverkrampfterer
0;0.004;unverkrampfte
0;0.004;unverkrampfteres
0;0.004;unverkrampftes
0;0.004;unverkrampfter
0;0.004;unverkrampfteste
0;0.004;unverkrampftesten
0;0.004;unverkrampften
0;0.004;unverkrampftem
0;0.004;unverkrampftestem
0;0.004;unverwundbar
0;0.004;unverwundbare
0;0.004;unverwundbares
0;0.004;unverwundbarer
0;0.004;unverwundbarem
0;0.004;unverwundbaren
0;0.004;unverzichtbar
0;0.004;unverzichtbare
0;0.004;unverzichtbaren
0;0.004;unverzichtbarem
0;0.004;unverzichtbareres
0;0.004;unverzichtbares
0;0.004;unverzichtbarer
0;0.004;unverzichtbarerer
0;0.004;unverzichtbarerem
0;0.004;unverzichtbarste
0;0.004;unverzichtbareren
0;0.004;unverzichtbarere
0;0.004;unverzichtbarsten
0;0.004;unverzichtbarstem
0;0.004;unverzichtbarster
0;0.004;unverzichtbarstes
0;0.1874;unwiderstehlich
0;0.1874;unwiderstehlichen
0;0.1874;unwiderstehlichem
0;0.1874;unwiderstehlichster
0;0.1874;unwiderstehlichstes
0;0.1874;unwiderstehliche
0;0.1874;unwiderstehlichste
0;0.1874;unwiderstehlicher
0;0.1874;unwiderstehlichstem
0;0.1874;unwiderstehlichsten
0;0.1874;unwiderstehliches
0;0.1874;unwiderstehlicherem
0;0.1874;unwiderstehlichere
0;0.1874;unwiderstehlicheren
0;0.1874;unwiderstehlicherer
0;0.1874;unwiderstehlicheres
0;0.004;unzweifelhaft
0;0.004;unzweifelhaftesten
0;0.004;unzweifelhaftestem
0;0.004;unzweifelhaftester
0;0.004;unzweifelhaftestes
0;0.004;unzweifelhaftere
0;0.004;unzweifelhafterem
0;0.004;unzweifelhaftes
0;0.004;unzweifelhafteren
0;0.004;unzweifelhafteres
0;0.004;unzweifelhafterer
0;0.004;unzweifelhaftem
0;0.004;unzweifelhaften
0;0.004;unzweifelhafte
0;0.004;unzweifelhafter
0;0.004;unzweifelhafteste
0;0.078;unuebertrefflich
0;0.078;unuebertrefflichem
0;0.078;unuebertrefflichen
0;0.078;unuebertrefflicher
0;0.078;unuebertreffliches
0;0.078;unuebertreffliche
0;0.0753;unuebertroffen
0;0.0753;unuebertroffener
0;0.0753;unuebertroffenes
0;0.0753;unuebertroffenen
0;0.0753;unuebertroffenem
0;0.0753;unuebertroffene
0;0.004;upgraden
0;0.004;upgrade
0;0.004;upgradest
0;0.004;upgradet
0;0.004;upgradete
0;0.004;upgradetest
0;0.004;upgradeten
0;0.004;upgradetet
0;0.004;verantwortlich
0;0.004;verantwortliche
0;0.004;verantwortlichere
0;0.004;verantwortlicheres
0;0.004;verantwortlicherer
0;0.004;verantwortlichster
0;0.004;verantwortlichstes
0;0.004;verantwortlicheren
0;0.004;verantwortliches
0;0.004;verantwortlicher
0;0.004;verantwortlicherem
0;0.004;verantwortlichsten
0;0.004;verantwortlichen
0;0.004;verantwortlichste
0;0.004;verantwortlichem
0;0.004;verantwortlichstem
0;0.004;verantwortungsbewusst
0;0.004;verantwortungsbewusstere
0;0.004;verantwortungsbewusste
0;0.004;verantwortungsbewussteres
0;0.004;verantwortungsbewussterer
0;0.004;verantwortungsbewusststen
0;0.004;verantwortungsbewusststem
0;0.004;verantwortungsbewussteren
0;0.004;verantwortungsbewussterem
0;0.004;verantwortungsbewusstster
0;0.004;verantwortungsbewusstste
0;0.004;verantwortungsbewusstem
0;0.004;verantwortungsbewussten
0;0.004;verantwortungsbewusststes
0;0.004;verantwortungsbewusster
0;0.004;verantwortungsbewusstes
0;0.004;verantwortungsvoll
0;0.004;verantwortungsvollerem
0;0.004;verantwortungsvollste
0;0.004;verantwortungsvolleren
0;0.004;verantwortungsvolleres
0;0.004;verantwortungsvollerer
0;0.004;verantwortungsvoller
0;0.004;verantwortungsvolles
0;0.004;verantwortungsvollstes
0;0.004;verantwortungsvollster
0;0.004;verantwortungsvollere
0;0.004;verantwortungsvollsten
0;0.004;verantwortungsvollstem
0;0.004;verantwortungsvolle
0;0.004;verantwortungsvollen
0;0.004;verantwortungsvollem
0;0.004;verbessern
0;0.004;verbessere
0;0.004;verbesserst
0;0.004;verbessert
0;0.004;verbesserte
0;0.004;verbessertest
0;0.004;verbesserten
0;0.004;verbessertet
0;0.004;verbessernd
0;0.004;verbinden
0;0.004;verbinde
0;0.004;verbindest
0;0.004;verbindet
0;0.004;verband
0;0.004;verbandest
0;0.004;verbandst
0;0.004;verbanden
0;0.004;verbandet
0;0.004;verbaende
0;0.004;verbaendest
0;0.004;verbaenden
0;0.004;verbaendet
0;0.004;verbind
0;0.004;verbindend
0;0.004;verbunden
0;0.004;verbindlich
0;0.004;verbindlichen
0;0.004;verbindlichem
0;0.004;verbindlicher
0;0.004;verbindliche
0;0.004;verbindliches
0;0.004;verblueffend
0;0.004;verblueffende
0;0.004;verblueffenden
0;0.004;verblueffendem
0;0.004;verblueffendster
0;0.004;verblueffendstes
0;0.004;verblueffendstem
0;0.004;verblueffendsten
0;0.004;verblueffendes
0;0.004;verblueffender
0;0.004;verblueffendere
0;0.004;verblueffenderer
0;0.004;verblueffenderes
0;0.004;verblueffenderen
0;0.004;verblueffenderem
0;0.004;verblueffendste
0;0.0989;verdienen
0;0.0989;verdient
0;0.0989;verdienten
0;0.0989;verdientest
0;0.0989;verdienest
0;0.0989;verdienet
0;0.0989;verdiene
0;0.0989;verdiente
0;0.0989;verdien
0;0.0989;verdienst
0;0.0989;verdientet
0;0.0989;verdienend
0;0.3612;verdient
0;0.3612;verdiente
0;0.3612;verdienter
0;0.3612;verdientes
0;0.3612;verdienten
0;0.3612;verdientem
0;0.004;veredeln
0;0.004;veredelten
0;0.004;veredele
0;0.004;veredelst
0;0.004;veredle
0;0.004;veredelte
0;0.004;veredlest
0;0.004;veredeltest
0;0.004;veredelt
0;0.004;veredlet
0;0.004;veredeltet
0;0.004;veredelnd
0;0.004;verehren
0;0.004;verehre
0;0.004;verehr
0;0.004;verehrt
0;0.004;verehret
0;0.004;verehrest
0;0.004;verehrte
0;0.004;verehrst
0;0.004;verehrtet
0;0.004;verehrtest
0;0.004;verehrten
0;0.004;verehrend
0;0.004;verehrt
0;0.004;verehrteste
0;0.004;verehrtere
0;0.004;verehrterem
0;0.004;verehrter
0;0.004;verehrtes
0;0.004;verehrteren
0;0.004;verehrtem
0;0.004;verehrten
0;0.004;verehrtestes
0;0.004;verehrterer
0;0.004;verehrtester
0;0.004;verehrteres
0;0.004;verehrte
0;0.004;verehrtestem
0;0.004;verehrtesten
0;0.004;vereidigen
0;0.004;vereidigte
0;0.004;vereidigten
0;0.004;vereidige
0;0.004;vereidig
0;0.004;vereidigt
0;0.004;vereidigst
0;0.004;vereidigest
0;0.004;vereidigtet
0;0.004;vereidigtest
0;0.004;vereidiget
0;0.004;vereidigend
0;0.004;vereinen
0;0.004;vereintet
0;0.004;vereinest
0;0.004;vereine
0;0.004;vereintest
0;0.004;vereinst
0;0.004;vereint
0;0.004;vereinte
0;0.004;vereinet
0;0.004;vereinten
0;0.004;verein
0;0.004;vereinende
0;0.004;vereinfachen
0;0.004;vereinfache
0;0.004;vereinfachst
0;0.004;vereinfachest
0;0.004;vereinfacht
0;0.004;vereinfachte
0;0.004;vereinfachtest
0;0.004;vereinfachten
0;0.004;vereinfachtet
0;0.004;vereinfach
0;0.004;vereinfachend
0;0.004;vererben
0;0.004;vererbte
0;0.004;vererbest
0;0.004;vererbet
0;0.004;vererbtet
0;0.004;vererbt
0;0.004;vererbtest
0;0.004;vererbst
0;0.004;vererbe
0;0.004;vererbten
0;0.004;vererb
0;0.004;vererbend
0;0.004;verfeinern
0;0.004;verfeinere
0;0.004;verfeinerst
0;0.004;verfeinert
0;0.004;verfeinerte
0;0.004;verfeinertest
0;0.004;verfeinerten
0;0.004;verfeinertet
0;0.004;verfeinernd
0;0.004;verfuehrerisch
0;0.004;verfuehrerischen
0;0.004;verfuehrerisches
0;0.004;verfuehrerischer
0;0.004;verfuehrerischstem
0;0.004;verfuehrerischsten
0;0.004;verfuehrerische
0;0.004;verfuehrerischster
0;0.004;verfuehrerischstes
0;0.004;verfuehrerischem
0;0.004;verfuehrerischeren
0;0.004;verfuehrerischerem
0;0.004;verfuehrerischere
0;0.004;verfuehrerischste
0;0.004;verfuehrerischeres
0;0.004;verfuehrerischerer
0;0.004;vergeben
0;0.004;vergebe
0;0.004;vergibst
0;0.004;vergebest
0;0.004;vergibt
0;0.004;vergebt
0;0.004;vergebet
0;0.004;vergab
0;0.004;vergabst
0;0.004;vergaben
0;0.004;vergabt
0;0.004;vergaebe
0;0.004;vergaebest
0;0.004;vergaebst
0;0.004;vergaeben
0;0.004;vergaebet
0;0.004;vergaebt
0;0.1838;vergnuegen
0;0.1838;vergnuegtet
0;0.1838;vergnuegest
0;0.1838;vergnuege
0;0.1838;vergnuegten
0;0.1838;vergnueg
0;0.1838;vergnuegte
0;0.1838;vergnueget
0;0.1838;vergnuegst
0;0.1838;vergnuegt
0;0.1838;vergnuegtest
0;0.1838;vergnuegend
0;0.004;vergolden
0;0.004;vergoldeten
0;0.004;vergoldest
0;0.004;vergolde
0;0.004;vergoldete
0;0.004;vergoldetest
0;0.004;vergoldet
0;0.004;vergoldtet
0;0.004;vergold
0;0.004;vergoldetet
0;0.004;vergoldten
0;0.004;vergoldte
0;0.004;vergoldtest
0;0.004;vergoldend
0;0.004;vergroessern
0;0.004;vergroessere
0;0.004;vergroessert
0;0.004;vergroessertest
0;0.004;vergroesserte
0;0.004;vergroesseren
0;0.004;vergroessertet
0;0.004;vergroesserst
0;0.004;vergroesserten
0;0.004;vergroessernd
0;0.004;vergoettern
0;0.004;vergoettertet
0;0.004;vergoetterten
0;0.004;vergoettertest
0;0.004;vergoetterst
0;0.004;vergoetteren
0;0.004;vergoetterte
0;0.004;vergoettert
0;0.004;vergoettere
0;0.004;vergoetternd
0;0.004;vergoettert
0;0.004;vergoetterter
0;0.004;vergoettertes
0;0.004;vergoetterte
0;0.004;vergoetterten
0;0.004;vergoettertem
0;0.004;vergoetterterer
0;0.004;vergoetterteres
0;0.004;vergoettertere
0;0.004;vergoetterterem
0;0.004;vergoetterteren
0;0.004;vergoettertster
0;0.004;vergoettertstes
0;0.004;vergoettertste
0;0.004;vergoettertsten
0;0.004;vergoettertstem
0;0.004;verhandeln
0;0.004;verhandelt
0;0.004;verhandle
0;0.004;verhandeltest
0;0.004;verhandelten
0;0.004;verhandele
0;0.004;verhandeltet
0;0.004;verhandelst
0;0.004;verhandelen
0;0.004;verhandelte
0;0.004;verhandlest 
0;0.004;verhandelnd
0;0.004;verheissungsvoll
0;0.004;verheissungsvollen
0;0.004;verheissungsvollem
0;0.004;verheissungsvoller
0;0.004;verheissungsvolles
0;0.004;verheissungsvolle
0;0.004;veritabel
0;0.004;veritabelster
0;0.004;veritabelstes
0;0.004;veritabelsten
0;0.004;veritableres
0;0.004;veritable
0;0.004;veritabler
0;0.004;veritables
0;0.004;veritablen
0;0.004;veritablere
0;0.004;veritabelstem
0;0.004;veritablerer
0;0.004;veritablem
0;0.004;veritabelste
0;0.004;veritablerem
0;0.004;veritableren
0;0.004;verlockend
0;0.004;verlockender
0;0.004;verlockendes
0;0.004;verlockende
0;0.004;verlockenden
0;0.004;verlockendem
0;0.004;verlockenderer
0;0.004;verlockenderes
0;0.004;verlockendere
0;0.004;verlockenderen
0;0.004;verlockenderem
0;0.004;verlockendster
0;0.004;verlockendstes
0;0.004;verlockendste
0;0.004;verlockendsten
0;0.004;verlockendstem
0;0.0854;verlaesslich
0;0.0854;verlaesslicher
0;0.0854;verlaessliches
0;0.0854;verlaessliche
0;0.0854;verlaesslichen
0;0.0854;verlaesslichem
0;0.0854;verlaesslicherer
0;0.0854;verlaesslicheres
0;0.0854;verlaesslichere
0;0.0854;verlaesslicheren
0;0.0854;verlaesslicherem
0;0.0854;verlaesslichster
0;0.0854;verlaesslichstes
0;0.0854;verlaesslichste
0;0.0854;verlaesslichsten
0;0.0854;verlaesslichstem
0;0.004;vermachen
0;0.004;vermachten
0;0.004;vermachst
0;0.004;vermachtest
0;0.004;vermachest
0;0.004;vermachtet
0;0.004;vermacht
0;0.004;vermache
0;0.004;vermachet
0;0.004;vermach
0;0.004;vermachte
0;0.004;vergemacht
0;0.004;vermachend
0;0.004;vermehrt
0;0.004;vermehrter
0;0.004;vermehrtes
0;0.004;vermehrte
0;0.004;vermehrten
0;0.004;vermehrtem
0;0.0699;vermitteln
0;0.0699;vermittelte
0;0.0699;vermittelst
0;0.0699;vermittelen
0;0.0699;vermittelnd
0;0.0699;vermittelt
0;0.0699;vermittle
0;0.0699;vermittelten
0;0.0699;vermittele
0;0.0699;vermittlest
0;0.0699;vermitteltet
0;0.0699;vermitteltest
0;0.0699;vermittlet
0;0.3436;vernuenftig
0;0.3436;vernuenftigeren
0;0.3436;vernuenftigerem
0;0.3436;vernuenftigsten
0;0.3436;vernuenftigstem
0;0.3436;vernuenftigster
0;0.3436;vernuenftigstes
0;0.3436;vernuenftigste
0;0.3436;vernuenftige
0;0.3436;vernuenftigeres
0;0.3436;vernuenftigem
0;0.3436;vernuenftigen
0;0.3436;vernuenftigere
0;0.3436;vernuenftiger
0;0.3436;vernuenftigerer
0;0.3436;vernuenftiges
0;0.004;verschlingen
0;0.004;verschlinge
0;0.004;verschlingst
0;0.004;verschlingest
0;0.004;verschlingt
0;0.004;verschlinget
0;0.004;verschlang
0;0.004;verschlangst
0;0.004;verschlangen
0;0.004;verschlangt
0;0.004;verschlaenge
0;0.004;verschlaengest
0;0.004;verschlaengst
0;0.004;verschlaengen
0;0.004;verschlaenget
0;0.004;verschlaengt
0;0.004;verschling
0;0.004;verschoenern
0;0.004;verschoenere
0;0.004;verschoenert
0;0.004;verschoenertest
0;0.004;verschoener
0;0.004;verschoenerten
0;0.004;verschoenerst
0;0.004;verschoenerte
0;0.004;verschoeneren
0;0.004;verschoenertet
0;0.004;verschoendernd
0;0.004;versichern
0;0.004;versichertet
0;0.004;versicherst
0;0.004;versicherte
0;0.004;versichere
0;0.004;versichertest
0;0.004;versicheren
0;0.004;versichert
0;0.004;versicherten
0;0.004;versichernd
0;0.004;versiert
0;0.004;versiertem
0;0.004;versierteres
0;0.004;versierten
0;0.004;versierterer
0;0.004;versierte
0;0.004;versierterem
0;0.004;versiertes
0;0.004;versierter
0;0.004;versierteren
0;0.004;versiertere
0;0.004;versierteste
0;0.004;versiertestem
0;0.004;versiertesten
0;0.004;versiertestes
0;0.004;versiertester
0;0.0957;verstehen
0;0.0957;verstehe
0;0.0957;verstehst
0;0.0957;verstehest
0;0.0957;versteht
0;0.0957;verstehet
0;0.0957;verstand
0;0.0957;verstandest
0;0.0957;verstandst
0;0.0957;verstanden
0;0.0957;verstandet
0;0.0957;verstaende
0;0.0957;verstuende
0;0.0957;verstaendest
0;0.0957;verstuendest
0;0.0957;verstaenden
0;0.0957;verstuenden
0;0.0978;verstaendlich
0;0.0978;verstaendliche
0;0.0978;verstaendlicheres
0;0.0978;verstaendlicherer
0;0.0978;verstaendlichster
0;0.0978;verstaendlichstes
0;0.0978;verstaendlichsten
0;0.0978;verstaendlichstem
0;0.0978;verstaendlichste
0;0.0978;verstaendlicher
0;0.0978;verstaendlicheren
0;0.0978;verstaendlichere
0;0.0978;verstaendlicherem
0;0.0978;verstaendliches
0;0.0978;verstaendlichen
0;0.0978;verstaendlichem
0;0.004;verstaerken
0;0.004;verstaerktest
0;0.004;verstaerkt
0;0.004;verstaerk
0;0.004;verstaerkte
0;0.004;verstaerke
0;0.004;verstaerktet
0;0.004;verstaerket
0;0.004;verstaerkest
0;0.004;verstaerkten
0;0.004;verstaerkst
0;0.004;verstaerkend
0;0.004;versoehnen
0;0.004;versoehnte
0;0.004;versoehnest
0;0.004;versoehn
0;0.004;versoehnst
0;0.004;versoehnten
0;0.004;versoehnt
0;0.004;versoehne
0;0.004;versoehnet
0;0.004;versoehntet
0;0.004;versoehntest
0;0.004;versoehnend
0;0.004;versoehnlich
0;0.004;versoehnlicher
0;0.004;versoehnliches
0;0.004;versoehnliche
0;0.004;versoehnlichen
0;0.004;versoehnlichem
0;0.004;versoehnlicherer
0;0.004;versoehnlicheres
0;0.004;versoehnlichere
0;0.004;versoehnlicheren
0;0.004;versoehnlicherem
0;0.004;versoehnlichster
0;0.004;versoehnlichstes
0;0.004;versoehnlichste
0;0.004;versoehnlichsten
0;0.004;versoehnlichstem
0;0.004;verteidigen
0;0.004;verteidige
0;0.004;verteidigtest
0;0.004;verteidiget
0;0.004;verteidigst
0;0.004;verteidigt
0;0.004;verteidigtet
0;0.004;verteidigte
0;0.004;verteidig
0;0.004;verteidigest
0;0.004;verteidigten
0;0.004;verteidigend
0;0.004;vertrauenerweckend
0;0.004;vertrauenerweckenden
0;0.004;vertrauenerweckenderer
0;0.004;vertrauenerweckendem
0;0.004;vertrauenerweckenderes
0;0.004;vertrauenerweckende
0;0.004;vertrauenerweckender
0;0.004;vertrauenerweckendere
0;0.004;vertrauenerweckenderen
0;0.004;vertrauenerweckendes
0;0.004;vertrauenerweckendste
0;0.004;vertrauenerweckendstem
0;0.004;vertrauenerweckendsten
0;0.004;vertrauenerweckendstes
0;0.004;vertrauenerweckendster
0;0.004;vertrauenerweckenderem
0;0.004;vertrauensvoll
0;0.004;vertrauensvollste
0;0.004;vertrauensvolleren
0;0.004;vertrauensvolles
0;0.004;vertrauensvollstem
0;0.004;vertrauensvoller
0;0.004;vertrauensvollerem
0;0.004;vertrauensvollster
0;0.004;vertrauensvollen
0;0.004;vertrauensvollstes
0;0.004;vertrauensvollem
0;0.004;vertrauensvollere
0;0.004;vertrauensvollsten
0;0.004;vertrauensvolle
0;0.004;vertrauensvolleres
0;0.004;vertrauensvollerer
0;0.004;vertrauenswuerdig
0;0.004;vertrauenswuerdigeres
0;0.004;vertrauenswuerdigerer
0;0.004;vertrauenswuerdigeren
0;0.004;vertrauenswuerdige
0;0.004;vertrauenswuerdiges
0;0.004;vertrauenswuerdiger
0;0.004;vertrauenswuerdigen
0;0.004;vertrauenswuerdigem
0;0.004;vertrauenswuerdigsten
0;0.004;vertrauenswuerdigste
0;0.004;vertrauenswuerdigerem
0;0.004;vertrauenswuerdigstem
0;0.004;vertrauenswuerdigere
0;0.004;vertrauenswuerdigstes
0;0.004;vertrauenswuerdigster
0;0.004;vertraulich
0;0.004;vertraulicher
0;0.004;vertrauliches
0;0.004;vertrauliche
0;0.004;vertraulichen
0;0.004;vertraulichem
0;0.004;vertraulicherer
0;0.004;vertraulicheres
0;0.004;vertraulichere
0;0.004;vertraulicheren
0;0.004;vertraulicherem
0;0.004;vertraulichster
0;0.004;vertraulichstes
0;0.004;vertraulichste
0;0.004;vertraulichsten
0;0.004;vertraulichstem
0;0.2266;vertraut
0;0.2266;vertraute
0;0.2266;vertrautem
0;0.2266;vertrautestem
0;0.2266;vertrauter
0;0.2266;vertrautes
0;0.2266;vertrauten
0;0.2266;vertrautestes
0;0.2266;vertrauteste
0;0.2266;vertrautester
0;0.2266;vertrautere
0;0.2266;vertrauteres
0;0.2266;vertrauterer
0;0.2266;vertrautesten
0;0.2266;vertrauteren
0;0.2266;vertrauterem
0;0.0859;verwendbar
0;0.0859;verwendbares
0;0.0859;verwendbarer
0;0.0859;verwendbare
0;0.0859;verwendbaren
0;0.0859;verwendbarem
0;0.004;verwirklichen
0;0.004;verwirkliche
0;0.004;verwirklichst
0;0.004;verwirklichest
0;0.004;verwirklicht
0;0.004;verwirklichet
0;0.004;verwirklichte
0;0.004;verwirklichtest
0;0.004;verwirklichten
0;0.004;verwirklichtet
0;0.004;verwirklich
0;0.004;verwirklichend
0;0.3571;verwoehnen
0;0.3571;verwoehnet
0;0.3571;verwoehnest
0;0.3571;verwoehnten
0;0.3571;verwoehnt
0;0.3571;verwoehntest
0;0.3571;verwoehne
0;0.3571;verwoehn
0;0.3571;verwoehntet
0;0.3571;verwoehnst
0;0.3571;verwoehnte
0;0.3571;verwoehnend
0;0.004;verzeihen
0;0.004;verzeihe
0;0.004;verzeihst
0;0.004;verzeihest
0;0.004;verzeiht
0;0.004;verzeihet
0;0.004;verzieh
0;0.004;verziehst
0;0.004;verziehen
0;0.004;verzieht
0;0.004;verziehe
0;0.004;verziehest
0;0.004;verziehet
0;0.004;verzeih
0;0.004;verzeihend
0;0.004;verzueckt
0;0.004;verzueckter
0;0.004;verzueckteren
0;0.004;verzueckterem
0;0.004;verzuecktes
0;0.004;verzueckten
0;0.004;verzueckteste
0;0.004;verzuecktestem
0;0.004;verzuecktere
0;0.004;verzuecktesten
0;0.004;verzuecktestes
0;0.004;verzuecktester
0;0.004;verzuecktem
0;0.004;verzueckterer
0;0.004;verzueckteres
0;0.004;verzueckte
0;0.004;vielfaeltig
0;0.004;vielfaeltigste
0;0.004;vielfaeltigstem
0;0.004;vielfaeltigere
0;0.004;vielfaeltigsten
0;0.004;vielfaeltige
0;0.004;vielfaeltigstes
0;0.004;vielfaeltigster
0;0.004;vielfaeltigen
0;0.004;vielfaeltigem
0;0.004;vielfaeltigerem
0;0.004;vielfaeltigeren
0;0.004;vielfaeltigerer
0;0.004;vielfaeltigeres
0;0.004;vielfaeltiges
0;0.004;vielfaeltiger
0;0.0957;vielseitig
0;0.0957;vielseitigstem
0;0.0957;vielseitigsten
0;0.0957;vielseitigem
0;0.0957;vielseitigen
0;0.0957;vielseitigerer
0;0.0957;vielseitigste
0;0.0957;vielseitige
0;0.0957;vielseitigeren
0;0.0957;vielseitigerem
0;0.0957;vielseitigeres
0;0.0957;vielseitigster
0;0.0957;vielseitiges
0;0.0957;vielseitiger
0;0.0957;vielseitigere
0;0.0957;vielseitigstes
0;0.0849;vielversprechend
0;0.0849;vielversprechendsten
0;0.0849;vielversprechendste
0;0.0849;vielversprechendstem
0;0.0849;vielversprechende
0;0.0849;vielversprechendes
0;0.0849;vielversprechender
0;0.0849;vielversprechenderes
0;0.0849;vielversprechendem
0;0.0849;vielversprechenderer
0;0.0849;vielversprechendstes
0;0.0849;vielversprechenden
0;0.0849;vielversprechendster
0;0.0849;vielversprechenderen
0;0.0849;vielversprechenderem
0;0.0849;vielversprechendere
0;0.2122;vital
0;0.2122;vitaler
0;0.2122;vitales
0;0.2122;vitale
0;0.2122;vitalen
0;0.2122;vitalem
0;0.2122;vitalerer
0;0.2122;vitaleres
0;0.2122;vitalere
0;0.2122;vitalerem
0;0.2122;vitaleren
0;0.2122;vitalster
0;0.2122;vitalstes
0;0.2122;vitalste
0;0.2122;vitalsten
0;0.2122;vitalstem
0;0.0945;vollkommen
0;0.0945;vollkommenen
0;0.0945;vollkommenem
0;0.0945;vollkommenste
0;0.0945;vollkommene
0;0.0945;vollkommnere
0;0.0945;vollkommeneren
0;0.0945;vollkommenerem
0;0.0945;vollkommenstem
0;0.0945;vollkommensten
0;0.0945;vollkommnerem
0;0.0945;vollkommenere
0;0.0945;vollkommneren
0;0.0945;vollkommner
0;0.0945;vollkommenster
0;0.0945;vollkommenstes
0;0.0945;vollkommenerer
0;0.004;vollstaendig
0;0.004;vollstaendigeres
0;0.004;vollstaendigerer
0;0.004;vollstaendigerem
0;0.004;vollstaendige
0;0.004;vollstaendigeren
0;0.004;vollstaendigste
0;0.004;vollstaendigstem
0;0.004;vollstaendigem
0;0.004;vollstaendigen
0;0.004;vollstaendigster
0;0.004;vollstaendigstes
0;0.004;vollstaendiger
0;0.004;vollstaendigsten
0;0.004;vollstaendiges
0;0.004;vollstaendigere
0;0.004;vollkommeneres
0;0.004;vollkommenst
0;0.004;vollkommneres
0;0.004;vollkommenes
0;0.004;vollkommener
0;0.004;vollkommnerer
0;0.004;voranbringen
0;0.004;voranbringe
0;0.004;voranbringst
0;0.004;voranbringest
0;0.004;voranbringt
0;0.004;voranbringet
0;0.004;voranbrahte
0;0.004;voranbrachtest
0;0.004;voranbrachten
0;0.004;voranbrachtet
0;0.004;voranbraechte
0;0.004;voranbraechtest
0;0.004;voranbraechten
0;0.004;voranbraechtet
0;0.004;voranbringend
0;0.004;voranzubringen
0;0.004;vorangebracht
0;0.004;vorankommen
0;0.004;vorankomme
0;0.004;vorannkommst
0;0.004;vorankommest
0;0.004;vorankommt
0;0.004;vorankam
0;0.004;vorankamst
0;0.004;vorankamen
0;0.004;vorankamt
0;0.004;vorankaeme
0;0.004;vorankaemest
0;0.004;vorankaemst
0;0.004;vorankaemen
0;0.004;vorankaemet
0;0.004;vorankaemt
0;0.004;vorankommend
0;0.004;voranzukommen
0;0.004;vorantreiben
0;0.004;vorantreibe
0;0.004;vorantreibst
0;0.004;vorantreibest
0;0.004;vorantreibt
0;0.004;vorantreibet
0;0.004;vorantrieb
0;0.004;vorantriebe
0;0.004;vorantriebst
0;0.004;vorantriebest
0;0.004;vorantrieben
0;0.004;vorantriebt
0;0.004;vorantreibend
0;0.004;voranzutreiben
0;0.004;vorangetrieben
0;0.004;vorbehaltlos
0;0.004;vorbehaltlosen
0;0.004;vorbehaltloser
0;0.004;vorbehaltloses
0;0.004;vorbehaltlosem
0;0.004;vorbehaltlose
0;0.1036;vorbereiten
0;0.1036;vorbereitet
0;0.1036;vorbereitetest
0;0.1036;vorbereite
0;0.1036;vorbereiteten
0;0.1036;vorbereitest
0;0.1036;vorbereitete
0;0.1036;vorbereitetet
0;0.1036;vorbereitend
0;0.1036;vorzubereiten
0;0.3188;vorbildlich
0;0.3188;vorbildlichsten
0;0.3188;vorbildlicher
0;0.3188;vorbildlichste
0;0.3188;vorbildlichstem
0;0.3188;vorbildlichen
0;0.3188;vorbildlichem
0;0.3188;vorbildlichere
0;0.3188;vorbildliche
0;0.3188;vorbildlicherem
0;0.3188;vorbildliches
0;0.3188;vorbildlichster
0;0.3188;vorbildlichstes
0;0.3188;vorbildlicheren
0;0.3188;vorbildlicheres
0;0.3188;vorbildlicherer
0;0.2313;vorsichtig
0;0.2313;vorsichtigsten
0;0.2313;vorsichtigstes
0;0.2313;vorsichtigster
0;0.2313;vorsichtige
0;0.2313;vorsichtigste
0;0.2313;vorsichtigstem
0;0.2313;vorsichtigeren
0;0.2313;vorsichtiges
0;0.2313;vorsichtiger
0;0.2313;vorsichtigerem
0;0.2313;vorsichtigere
0;0.2313;vorsichtigen
0;0.2313;vorsichtigem
0;0.2313;vorsichtigeres
0;0.2313;vorsichtigerer
0;0.0878;vorsorgen
0;0.0878;vorsorgst
0;0.0878;vorsorgte
0;0.0878;vorsorgt
0;0.0878;vorsorgtet
0;0.0878;vorsorge
0;0.0878;vorsorgtest
0;0.0878;vorsorgten
0;0.0878;vorgesorgt
0;0.0878;vorsorget
0;0.0878;vorsorgest
0;0.0878;vorsorgend
0;0.0878;vorzusorgen
0;0.004;vorsorglich
0;0.004;vorsorgliche
0;0.004;vorsorgliches
0;0.004;vorsorglicher
0;0.004;vorsorglichem
0;0.004;vorsorglichen
0;0.004;vorteilhaft
0;0.004;vorteilhaftestes
0;0.004;vorteilhafteste
0;0.004;vorteilhaftes
0;0.004;vorteilhafter
0;0.004;vorteilhafte
0;0.004;vorteilhaftestem
0;0.004;vorteilhaftesten
0;0.004;vorteilhaften
0;0.004;vorteilhaftester
0;0.004;vorteilhaftem
0;0.004;vorteilhafteren
0;0.004;vorteilhafterem
0;0.004;vorteilhafteres
0;0.004;vorteilhafterer
0;0.004;vorteilhaftere
0;0.0961;nan
0;0.004;vorzeigbar
0;0.004;vorzeigbare
0;0.004;vorzeigbarem
0;0.004;vorzeigbaren
0;0.004;vorzeigbarste
0;0.004;vorzeigbarster
0;0.004;vorzeigbarere
0;0.004;vorzeigbarer
0;0.004;vorzeigbarstem
0;0.004;vorzeigbarsten
0;0.004;vorzeigbares
0;0.004;vorzeigbareres
0;0.004;vorzeigbarerer
0;0.004;vorzeigbarerem
0;0.004;vorzeigbarstes
0;0.004;vorzeigbareren
0;0.3223;vorzueglich
0;0.3223;vorzueglichen
0;0.3223;vorzueglicheres
0;0.3223;vorzueglichem
0;0.3223;vorzueglicherer
0;0.3223;vorzueglicher
0;0.3223;vorzueglicheren
0;0.3223;vorzueglicherem
0;0.3223;vorzuegliches
0;0.3223;vorzueglichstem
0;0.3223;vorzueglichste
0;0.3223;vorzueglichster
0;0.3223;vorzueglichere
0;0.3223;vorzueglichstes
0;0.3223;vorzueglichsten
0;0.3223;vorzuegliche
0;0.0891;wachsam
0;0.0891;wachsamsten
0;0.0891;wachsameren
0;0.0891;wachsamerem
0;0.0891;wachsamstem
0;0.0891;wachsamstes
0;0.0891;wachsamster
0;0.0891;wachsamen
0;0.0891;wachsamem
0;0.0891;wachsamer
0;0.0891;wachsameres
0;0.0891;wachsamerer
0;0.0891;wachsamere
0;0.0891;wachsames
0;0.0891;wachsamste
0;0.0891;wachsame
0;0.3607;wachsen
0;0.3607;wachstest
0;0.3607;wachsest
0;0.3607;wachsten
0;0.3607;wachstet
0;0.3607;gewachsen
0;0.3607;wachste
0;0.3607;wachset
0;0.3607;wachs
0;0.3607;wachst
0;0.3607;wachse
0;0.004;wachsend
0;0.004;wachsender
0;0.004;wachsendes
0;0.004;wachsende
0;0.004;wachsendem
0;0.004;wachsenden
0;0.004;wagen
0;0.004;wagten
0;0.004;wagst
0;0.004;wagest
0;0.004;wage
0;0.004;wagtet
0;0.004;gewagt
0;0.004;wag
0;0.004;wagtest
0;0.004;waget
0;0.004;wagte
0;0.004;wagt
0;0.004;wagend
0;0.2176;wahr
0;0.2176;wahrer
0;0.2176;wahres
0;0.2176;wahre
0;0.2176;wahrem
0;0.2176;wahren
0;0.2176;wahrerer
0;0.2176;wahreres
0;0.2176;wahrere
0;0.2176;wahrerem
0;0.2176;wahreren
0;0.2176;wahrsten
0;0.2176;wahrstes
0;0.2176;wahrster
0;0.2176;wahrste
0;0.2176;wahrstem
0;0.004;wahren
0;0.004;wahrt
0;0.004;wahret
0;0.004;wahrten
0;0.004;wahre
0;0.004;wahrtet
0;0.004;wahrest
0;0.004;gewahrt
0;0.004;wahr
0;0.004;wahrtest
0;0.004;wahrst
0;0.004;wahrte
0;0.3796;warm
0;0.3796;waermer
0;0.3796;waermerem
0;0.3796;waermste
0;0.3796;waermeren
0;0.3796;warmem
0;0.3796;warmen
0;0.3796;waermere
0;0.3796;waermstes
0;0.3796;warmer
0;0.3796;waermster
0;0.3796;warmes
0;0.3796;waermstem
0;0.3796;waermerer
0;0.3796;waermeres
0;0.3796;waermsten
0;0.3796;warme
0;0.1921;warmherzig
0;0.1921;warmherziger
0;0.1921;warmherziges
0;0.1921;warmherzigem
0;0.1921;warmherzigen
0;0.1921;warmherzige
0;0.1921;waermst
0;0.004;wegweisend
0;0.004;wegweisendem
0;0.004;wegweisenden
0;0.004;wegweisender
0;0.004;wegweisendes
0;0.004;wegweisende
0;0.3591;weich
0;0.3591;weicher
0;0.3591;weiche
0;0.3591;weichem
0;0.3591;weichen
0;0.3591;weiches
0;0.3591;weicherer
0;0.3591;weicheres
0;0.3591;weichere
0;0.3591;weicherem
0;0.3591;weicheren
0;0.3591;weichster
0;0.3591;weichstes
0;0.3591;weichste
0;0.3591;weichsten
0;0.3591;weichstem
0;0.2244;weise
0;0.2244;weiseste
0;0.2244;weisestem
0;0.2244;weiserem
0;0.2244;weisesten
0;0.2244;weiseren
0;0.2244;weisester
0;0.2244;weisestes
0;0.2244;weisere
0;0.2244;weises
0;0.2244;weiser
0;0.2244;weisem
0;0.2244;weisen
0;0.2244;weiseres
0;0.2244;weiserer
0;0.2101;weiterempfehlen
0;0.2101;weiterempfehle
0;0.2101;weiterempfiehlst
0;0.2101;weiterempfehlest
0;0.2101;weiterempfiehlt
0;0.2101;weiterempfehlt
0;0.2101;weiterempfehlet
0;0.2101;weiterempfahl
0;0.2101;weiterempfahlst
0;0.2101;weiterempfahlen
0;0.2101;weiterempfahlt
0;0.2101;weiterempfaehle
0;0.2101;weiterempfoehle
0;0.2101;weiterempfaehlest
0;0.2101;weiterempfaehlst
0;0.2101;weiterempfoehlest
0;0.2101;weiterempfoehlst
0;0.004;weitgehend
0;0.004;weitgehenderem
0;0.004;weitgehenden
0;0.004;weitgehendem
0;0.004;weitgehender
0;0.004;weitgehendes
0;0.004;weitgehendste
0;0.004;weitgehendstes
0;0.004;weitgehendster
0;0.004;weitgehendere
0;0.004;weitgehende
0;0.004;weitgehenderes
0;0.004;weitgehendstem
0;0.004;weitgehenderer
0;0.004;weitgehenderen
0;0.004;weitgehendsten
0;0.1966;weitlaeufig
0;0.1966;weitlaeufigeren
0;0.1966;weitlaeufigem
0;0.1966;weitlaeufigen
0;0.1966;weitlaeufigerem
0;0.1966;weitlaeufige
0;0.1966;weitlaeufiges
0;0.1966;weitlaeufiger
0;0.1966;weitlaeufigster
0;0.1966;weitlaeufigstes
0;0.1966;weitlaeufigerer
0;0.1966;weitlaeufigeres
0;0.1966;weitlaeufigstem
0;0.1966;weitlaeufigsten
0;0.1966;weitlaeufigste
0;0.1966;weitlaeufigere
0;0.004;weitreichend
0;0.004;weitreichendsten
0;0.004;weitreichendstem
0;0.004;weitreichendster
0;0.004;weitreichende
0;0.004;weitreichendste
0;0.004;weitreichenderem
0;0.004;weitreichenderen
0;0.004;weitreichendstes
0;0.004;weitreichendes
0;0.004;weitreichender
0;0.004;weitreichenderes
0;0.004;weitreichendem
0;0.004;weitreichendere
0;0.004;weitreichenderer
0;0.004;weitreichenden
0;0.004;weitraeumig
0;0.004;weitraeumiger
0;0.004;weitraeumiges
0;0.004;weitraeumigem
0;0.004;weitraeumigen
0;0.004;weitraeumige
0;0.004;weitsichtig
0;0.004;weitsichtige
0;0.004;weitsichtiges
0;0.004;weitsichtiger
0;0.004;weitsichtigem
0;0.004;weitsichtigen
0;0.004;weltberuehmt
0;0.004;weltberuehmtere
0;0.004;weltberuehmtes
0;0.004;weltberuehmtestes
0;0.004;weltberuehmter
0;0.004;weltberuehmtester
0;0.004;weltberuehmtem
0;0.004;weltberuehmten
0;0.004;weltberuehmtestem
0;0.004;weltberuehmtesten
0;0.004;weltberuehmteste
0;0.004;weltberuehmte
0;0.004;weltberuehmteren
0;0.004;weltberuehmterem
0;0.004;weltberuehmteres
0;0.004;weltberuehmterer
0;0.004;wertig
0;0.004;wertiger
0;0.004;wertiges
0;0.004;wertige
0;0.004;wertigem
0;0.004;wertigen
0;0.004;wertschaetzen
0;0.004;wertschaetzten
0;0.004;wertschaetzet
0;0.004;wertschaetzest
0;0.004;wertschaetzt
0;0.004;wertschaetze
0;0.004;wertgeschaetzt
0;0.004;wertschaetztet
0;0.004;wertschaetzte
0;0.004;wertschaetztest
0;0.004;wertschaetzend
0;0.004;wertzuschaetzen
0;0.357;wertvoll
0;0.357;wertvolleres
0;0.357;wertvollerer
0;0.357;wertvollster
0;0.357;wertvollerem
0;0.357;wertvolleren
0;0.357;wertvollsten
0;0.357;wertvollstem
0;0.357;wertvolle
0;0.357;wertvollen
0;0.357;wertvollem
0;0.357;wertvoller
0;0.357;wertvollere
0;0.357;wertvollstes
0;0.357;wertvolles
0;0.357;wertvollste
0;0.3822;wichtig
0;0.3822;wichtigsten
0;0.3822;wichtigstem
0;0.3822;wichtigster
0;0.3822;wichtige
0;0.3822;wichtigstes
0;0.3822;wichtiger
0;0.3822;wichtiges
0;0.3822;wichtigere
0;0.3822;wichtigerem
0;0.3822;wichtigem
0;0.3822;wichtigeren
0;0.3822;wichtigerer
0;0.3822;wichtigen
0;0.3822;wichtigeres
0;0.3822;wichtigste
0;0.0877;widerstandsfaehig
0;0.0877;widerstandsfaehigstes
0;0.0877;widerstandsfaehigster
0;0.0877;widerstandsfaehigerer
0;0.0877;widerstandsfaehigeres
0;0.0877;widerstandsfaehiges
0;0.0877;widerstandsfaehigerem
0;0.0877;widerstandsfaehigeren
0;0.0877;widerstandsfaehiger
0;0.0877;widerstandsfaehigem
0;0.0877;widerstandsfaehigen
0;0.0877;widerstandsfaehigsten
0;0.0877;widerstandsfaehige
0;0.0877;widerstandsfaehigstem
0;0.0877;widerstandsfaehigere
0;0.0877;widerstandsfaehigste
0;0.004;nan
0;0.004;wiederbeleben
0;0.004;wiederbelebtet
0;0.004;wiederbelebst
0;0.004;wiederbelebte
0;0.004;wiederbelebest
0;0.004;wiederbelebt
0;0.004;wiederbelebe
0;0.004;wiederbelebet
0;0.004;wiederbelebtest
0;0.004;wiederbelebten
0;0.004;wiederbelebend
0;0.004;wiederzubeleben
0;0.004;wiedergewinnen
0;0.004;wiedergewinne
0;0.004;wiedergewinnst
0;0.004;wiedergewinnest
0;0.004;wiedergewinnt
0;0.004;wiedergewinnet
0;0.004;wiedergewann
0;0.004;wiedergewannst
0;0.004;wiedergewannen
0;0.004;wiedergewannt
0;0.004;wiedergewaenne
0;0.004;wiedergewoenne
0;0.004;wiedergewaennest
0;0.004;wiedergewaennst
0;0.004;weidergewoennest
0;0.004;wiedergewoennst
0;0.004;wiedergewaennen
0;0.004;wiedergutmachen
0;0.004;wiedergutmachten
0;0.004;wiedergutmachte
0;0.004;wiedergutgemacht
0;0.004;wiedergutmachst
0;0.004;wiedergutmachet
0;0.004;wiedergutmachtest
0;0.004;wiedergutmacht
0;0.004;wiedergutmachtet
0;0.004;wiedergutmachest
0;0.004;wiedergutmache
0;0.004;wiederherstellen
0;0.004;wiederherstellest
0;0.004;wiederherstellet
0;0.004;wiederhergestellt
0;0.004;wiederherstellt
0;0.004;wiederherstelle
0;0.004;wiederherstellst
0;0.004;wiederherstelltet
0;0.004;wiederherstellte
0;0.004;wiederherstellten
0;0.004;wiederherstelltest
0;0.004;wiederkehren
0;0.004;wiederkehrten
0;0.004;wiederkehret
0;0.004;wiederkehrst
0;0.004;wiederkehrte
0;0.004;wiederkehrtet
0;0.004;wiedergekehrt
0;0.004;wiederkehrest
0;0.004;wiederkehrtest
0;0.004;wiederkehrt
0;0.004;wiederkehre
0;0.004;wiederkehrend
0;0.004;wiedervereinigen
0;0.004;wiedervereinigt
0;0.004;wiedervereinige
0;0.004;wiedervereinigst
0;0.004;wiedervereinigte
0;0.004;wiedervereinigten
0;0.004;wiedervereinigtest
0;0.004;wiedervereiniget
0;0.004;wiedervereinigtet
0;0.004;wiedervereinigest
0;0.004;wiedervereinigend
0;0.004;willensstark
0;0.004;willensstarker
0;0.004;willensstarkes
0;0.004;willensstarke
0;0.004;willensstarkem
0;0.004;willensstarken
0;0.004;willkommen
0;0.004;willkommneren
0;0.004;willkommnere
0;0.004;willkommenstem
0;0.004;willkommnerem
0;0.004;willkommensten
0;0.004;willkommenstes
0;0.004;willkommenerer
0;0.004;willkommeneres
0;0.004;willkommenster
0;0.004;willkommenerem
0;0.004;willkommeneren
0;0.004;willkommenere
0;0.004;willkommene
0;0.004;willkommenen
0;0.004;willkommenes
0;0.004;willkommener
0;0.004;wirksam
0;0.004;wirksamstes
0;0.004;wirksamster
0;0.004;wirksamerem
0;0.004;wirksameren
0;0.004;wirksamen
0;0.004;wirksamerer
0;0.004;wirksamem
0;0.004;wirksameres
0;0.004;wirksamer
0;0.004;wirksamere
0;0.004;wirksamstem
0;0.004;wirksamsten
0;0.004;wirksames
0;0.004;wirksamste
0;0.004;wirksame
0;0.004;willkommner
0;0.004;willkommenste
0;0.004;willkommenst
0;0.004;willkommneres
0;0.004;willkommenem
0;0.004;willkommnerer
0;0.004;wirkungsvoll
0;0.004;wirkungsvollere
0;0.004;wirkungsvolle
0;0.004;wirkungsvolles
0;0.004;wirkungsvoller
0;0.004;wirkungsvollem
0;0.004;wirkungsvollste
0;0.004;wirkungsvollerem
0;0.004;wirkungsvollen
0;0.004;wirkungsvolleren
0;0.004;wirkungsvollsten
0;0.004;wirkungsvollerer
0;0.004;wirkungsvollstem
0;0.004;wirkungsvollster
0;0.004;wirkungsvolleres
0;0.004;wirkungsvollstes
0;0.004;wirtschaftlich
0;0.004;wirtschaftlicherer
0;0.004;wirtschaftlicheren
0;0.004;wirtschaftlicherem
0;0.004;wirtschaftlicheres
0;0.004;wirtschaftlichstes
0;0.004;wirtschaftliche
0;0.004;wirtschaftlichster
0;0.004;wirtschaftlichere
0;0.004;wirtschaftliches
0;0.004;wirtschaftlicher
0;0.004;wirtschaftlichsten
0;0.004;wirtschaftlichem
0;0.004;wirtschaftlichstem
0;0.004;wirtschaftlichen
0;0.004;wirtschaftlichste
0;0.4463;witzig
0;0.4463;witzigeren
0;0.4463;witzigstem
0;0.4463;witzigerem
0;0.4463;witzigen
0;0.4463;witzigem
0;0.4463;witziges
0;0.4463;witzige
0;0.4463;witzigere
0;0.4463;witziger
0;0.4463;witzigsten
0;0.4463;witzigste
0;0.4463;witzigstes
0;0.4463;witzigerer
0;0.4463;witzigster
0;0.4463;witzigeres
0;0.0883;wohlbehalten
0;0.0883;wohlbehaltenes
0;0.0883;wohlbehaltener
0;0.0883;wohlbehaltenen
0;0.0883;wohlbehaltenem
0;0.0883;wohlbehaltene
0;0.004;wohlgeordnet
0;0.004;wohlgeordnetem
0;0.004;wohlgeordneten
0;0.004;wohlgeordnete
0;0.004;wohlgeordnetes
0;0.004;wohlgeordneter
0;0.201;wohlhabend
0;0.201;wohlhabendes
0;0.201;wohlhabender
0;0.201;wohlhabendem
0;0.201;wohlhabenden
0;0.201;wohlhabende
0;0.32;wohlig
0;0.32;wohliges
0;0.32;wohlige
0;0.32;wohliger
0;0.32;wohligste
0;0.32;wohligen
0;0.32;wohligem
0;0.32;wohligerem
0;0.32;wohligsten
0;0.32;wohligeren
0;0.32;wohligeres
0;0.32;wohligerer
0;0.32;wohligstem
0;0.32;wohligstes
0;0.32;wohligere
0;0.32;wohligster
0;0.2113;wohltuend
0;0.2113;wohltuenden
0;0.2113;wohltuendem
0;0.2113;wohltuender
0;0.2113;wohltuendere
0;0.2113;wohltuendste
0;0.2113;wohltuendes
0;0.2113;wohltuendstem
0;0.2113;wohltuenderes
0;0.2113;wohltuenderer
0;0.2113;wohltuendstes
0;0.2113;wohltuendster
0;0.2113;wohltuenderen
0;0.2113;wohltuendsten
0;0.2113;wohltuende
0;0.2113;wohltuenderem
0;0.004;wohltaetig
0;0.004;wohltaetiges
0;0.004;wohltaetiger
0;0.004;wohltaetige
0;0.004;wohltaetigen
0;0.004;wohltaetigem
0;0.004;wohlwollend
0;0.004;wohlwollendem
0;0.004;wohlwollenderen
0;0.004;wohlwollenderem
0;0.004;wohlwollendste
0;0.004;wohlwollendster
0;0.004;wohlwollendstes
0;0.004;wohlwollendsten
0;0.004;wohlwollendere
0;0.004;wohlwollendstem
0;0.004;wohlwollende
0;0.004;wohlwollender
0;0.004;wohlwollenderer
0;0.004;wohlwollendes
0;0.004;wohlwollenderes
0;0.004;wohlwollenden
0;0.0885;wohnlich
0;0.0885;wohnlichstes
0;0.0885;wohnlichster
0;0.0885;wohnlichere
0;0.0885;wohnlichstem
0;0.0885;wohnlichsten
0;0.0885;wohnlicheres
0;0.0885;wohnlicherer
0;0.0885;wohnlichen
0;0.0885;wohnlichste
0;0.0885;wohnlichem
0;0.0885;wohnliche
0;0.0885;wohnlicheren
0;0.0885;wohnliches
0;0.0885;wohnlicher
0;0.0885;wohnlicherem
0;0.7234;wunderbar
0;0.7234;wunderbarerem
0;0.7234;wunderbarste
0;0.7234;wunderbarster
0;0.7234;wunderbarerer
0;0.7234;wunderbarstes
0;0.7234;wunderbareres
0;0.7234;wunderbareren
0;0.7234;wunderbares
0;0.7234;wunderbarer
0;0.7234;wunderbare
0;0.7234;wunderbaren
0;0.7234;wunderbarem
0;0.7234;wunderbarsten
0;0.7234;wunderbarere
0;0.7234;wunderbarstem
0;0.004;wundersam
0;0.004;wundersamste
0;0.004;wundersame
0;0.004;wundersameren
0;0.004;wundersamem
0;0.004;wundersamen
0;0.004;wundersamerem
0;0.004;wundersamstem
0;0.004;wundersamer
0;0.004;wundersamsten
0;0.004;wundersamere
0;0.004;wundersamster
0;0.004;wundersamerer
0;0.004;wundersames
0;0.004;wundersamstes
0;0.004;wundersameres
0;0.7048;wunderschoen
0;0.7048;wunderschoenen
0;0.7048;wunderschoensten
0;0.7048;wunderschoenstem
0;0.7048;wunderschoenes
0;0.7048;wunderschoenstes
0;0.7048;wunderschoener
0;0.7048;wunderschoenster
0;0.7048;wunderschoenste
0;0.7048;wunderschoenere
0;0.7048;wunderschoenem
0;0.7048;wunderschoeneren
0;0.7048;wunderschoenerem
0;0.7048;wunderschoene
0;0.7048;wunderschoeneres
0;0.7048;wunderschoenerer
0;0.308;wundervoll
0;0.308;wundervollster
0;0.308;wundervollstes
0;0.308;wundervollere
0;0.308;wundervollste
0;0.308;wundervollstem
0;0.308;wundervolleren
0;0.308;wundervollsten
0;0.308;wundervolleres
0;0.308;wundervollerer
0;0.308;wundervollerem
0;0.308;wundervolle
0;0.308;wundervolles
0;0.308;wundervoller
0;0.308;wundervollen
0;0.308;wundervollem
0;0.004;wunschgemaess
0;0.004;wunschgemaesser
0;0.004;wunschgemaessen
0;0.004;wunschgemaessem
0;0.004;wunschgemaesse
0;0.004;wunschgemaesses
0;0.1956;waermen
0;0.1956;waermtet
0;0.1956;waermet
0;0.1956;gewaermt
0;0.1956;waerm
0;0.1956;waermtest
0;0.1956;waermest
0;0.1956;waermt
0;0.1956;waermst
0;0.1956;waermten
0;0.1956;waermte
0;0.1956;waerme
0;0.004;nan
0;0.004;wuenschenswert
0;0.004;wuenschenswerten
0;0.004;wuenschenswertesten
0;0.004;wuenschenswertestem
0;0.004;wuenschenswertem
0;0.004;wuenschenswerter
0;0.004;wuenschenswertere
0;0.004;wuenschenswertes
0;0.004;wuenschenswertester
0;0.004;wuenschenswerteste
0;0.004;wuenschenswertestes
0;0.004;wuenschenswerteren
0;0.004;wuenschenswerterem
0;0.004;wuenschenswerteres
0;0.004;wuenschenswerterer
0;0.004;wuenschenswerte
0;0.004;wuenschenswertest
0;0.004;wuerdevoll
0;0.004;wuerdevollerer
0;0.004;wuerdevolle
0;0.004;wuerdevolleres
0;0.004;wuerdevollem
0;0.004;wuerdevollere
0;0.004;wuerdevollstes
0;0.004;wuerdevolles
0;0.004;wuerdevollste
0;0.004;wuerdevoller
0;0.004;wuerdevolleren
0;0.004;wuerdevollster
0;0.004;wuerdevollerem
0;0.004;wuerdevollen
0;0.004;wuerdevollstem
0;0.004;wuerdevollsten
0;0.0801;wuerdig
0;0.0801;wuerdigstem
0;0.0801;wuerdigsten
0;0.0801;wuerdigeres
0;0.0801;wuerdiges
0;0.0801;wuerdiger
0;0.0801;wuerdigen
0;0.0801;wuerdigerer
0;0.0801;wuerdigste
0;0.0801;wuerdigstes
0;0.0801;wuerdigem
0;0.0801;wuerdigster
0;0.0801;wuerdigeren
0;0.0801;wuerdigerem
0;0.0801;wuerdige
0;0.0801;wuerdigere
0;0.2056;wuerdigen
0;0.2056;wuerdigt
0;0.2056;wuerdigst
0;0.2056;wuerdiget
0;0.2056;wuerdigtest
0;0.2056;wuerdigten
0;0.2056;wuerdig
0;0.2056;wuerdigte
0;0.2056;wuerdigtet
0;0.2056;wuerdigest
0;0.2056;gewuerdigt
0;0.2056;wuerdige
0;0.004;zauberhaft
0;0.004;zauberhaftesten
0;0.004;zauberhaftes
0;0.004;zauberhaftestem
0;0.004;zauberhafter
0;0.004;zauberhaften
0;0.004;zauberhaftem
0;0.004;zauberhaftestes
0;0.004;zauberhaftester
0;0.004;zauberhafterer
0;0.004;zauberhafteres
0;0.004;zauberhaftere
0;0.004;zauberhafterem
0;0.004;zauberhafte
0;0.004;zauberhafteren
0;0.004;zauberhafteste
0;0.004;zeitsparend
0;0.004;zeitsparendere
0;0.004;zeitsparenderem
0;0.004;zeitsparenderen
0;0.004;zeitsparendem
0;0.004;zeitsparende
0;0.004;zeitsparendstem
0;0.004;zeitsparendsten
0;0.004;zeitsparendster
0;0.004;zeitsparendstes
0;0.004;zeitsparendste
0;0.004;zeitsparenderer
0;0.004;zeitsparenden
0;0.004;zeitsparenderes
0;0.004;zeitsparendes
0;0.004;zeitsparender
0;0.004;zielgerichtet
0;0.004;zielgerichtetem
0;0.004;zielgerichteten
0;0.004;zielgerichtete
0;0.004;zielgerichteter
0;0.004;zielgerichtetes
0;0.1955;zielstrebig
0;0.1955;zielstrebigeren
0;0.1955;zielstrebigerem
0;0.1955;zielstrebiges
0;0.1955;zielstrebigstem
0;0.1955;zielstrebiger
0;0.1955;zielstrebigsten
0;0.1955;zielstrebige
0;0.1955;zielstrebigstes
0;0.1955;zielstrebigster
0;0.1955;zielstrebigem
0;0.1955;zielstrebigen
0;0.1955;zielstrebigste
0;0.1955;zielstrebigere
0;0.1955;zielstrebigeres
0;0.1955;zielstrebigerer
0;0.004;zivilisiert
0;0.004;zivilisiertes
0;0.004;zivilisierterem
0;0.004;zivilisierteste
0;0.004;zivilisierteren
0;0.004;zivilisiertesten
0;0.004;zivilisierteres
0;0.004;zivilisierterer
0;0.004;zivilisiertestem
0;0.004;zivilisiertestes
0;0.004;zivilisiertester
0;0.004;zivilisiertere
0;0.004;zivilisiertem
0;0.004;zivilisierten
0;0.004;zivilisierter
0;0.004;zivilisierte
0;0.004;zufliessen
0;0.004;zufliesse
0;0.004;zufliesst
0;0.004;zufliessest
0;0.004;zufliesset
0;0.004;zufloss
0;0.004;zufloss
0;0.004;zuflossest
0;0.004;zuflosst
0;0.004;zuflosst
0;0.004;zuflossen
0;0.004;zufloesse
0;0.004;zufloessest
0;0.004;zufloessen
0;0.393;zufrieden
0;0.393;zufriednere
0;0.393;zufriedner
0;0.393;zufriedenerem
0;0.393;zufriedneres
0;0.393;zufriedenstes
0;0.393;zufriedenster
0;0.393;zufriednerer
0;0.393;zufriedensten
0;0.393;zufriedene
0;0.393;zufriednerem
0;0.393;zufriedenstem
0;0.393;zufriedneren
0;0.393;zufriedenes
0;0.393;zufriedenste
0;0.393;zufriedenere
0;0.004;zufriedenstellend
0;0.004;zufriedenstellender
0;0.004;zufriedenstellendes
0;0.004;zufriedenstellende
0;0.004;zufriedenstellenden
0;0.004;zufriedenstellendem
0;0.004;zufriedenstellenderer
0;0.004;zufriedenstellenderes
0;0.004;zufriedenstellenderem
0;0.004;zufriedenstellenderen
0;0.004;zufriedenstellendere
0;0.004;zufriedenstellendster
0;0.004;zufriedenstellendstes
0;0.004;zufriedenstellendste
0;0.004;zufriedenstellendsten
0;0.004;zufriedenstellendstem
0;0.004;zufriedenem
0;0.004;zufriedenen
0;0.004;zufriedeneren
0;0.004;zufriedeneres
0;0.004;zufriedener
0;0.004;zufriedenerer
0;0.004;zufuegen
0;0.004;zufuege
0;0.004;zufuegst
0;0.004;zufuegest
0;0.004;zufuegt
0;0.004;zufueget
0;0.004;zufuegte
0;0.004;zufuegtest
0;0.004;zufuegten
0;0.004;zufuegtet
0;0.004;zufuegend
0;0.004;zuzufuegen
0;0.004;zugefuegt
0;0.004;zugeben
0;0.004;zugebe
0;0.004;zugibst
0;0.004;zugebest
0;0.004;zugibt
0;0.004;zugebt
0;0.004;zugab
0;0.004;zugaebe
0;0.004;zugabst
0;0.004;zugaebest
0;0.004;zugaebst
0;0.004;zugaben
0;0.004;zugaeben
0;0.004;zugabt
0;0.004;zugaebet
0;0.004;zugaebt
0;0.004;zugreifen
0;0.004;zugreife
0;0.004;zugreifst
0;0.004;zugreift
0;0.004;zugreifen
0;0.004;zugreifet
0;0.004;zugriff
0;0.004;zugriffe
0;0.004;zugriffst
0;0.004;zugriffest
0;0.004;zugriffen
0;0.004;zugrifft
0;0.004;zugriffet
0;0.004;zugreifend
0;0.004;zuzugreifen
0;0.004;zugegriffen
0;0.004;zugaenglich
0;0.004;zugaenglichste
0;0.004;zugaenglicher
0;0.004;zugaenglicherem
0;0.004;zugaenglicheren
0;0.004;zugaengliches
0;0.004;zugaenglichstes
0;0.004;zugaenglicherer
0;0.004;zugaenglicheres
0;0.004;zugaenglichstem
0;0.004;zugaenglichster
0;0.004;zugaenglichsten
0;0.004;zugaenglichem
0;0.004;zugaenglichere
0;0.004;zugaengliche
0;0.004;zugaenglichen
0;0.0859;zukunftsweisend
0;0.0859;zukunftsweisendem
0;0.0859;zukunftsweisenden
0;0.0859;zukunftsweisende
0;0.0859;zukunftsweisendes
0;0.0859;zukunftsweisender
0;0.0922;zulegen
0;0.0922;zulegest
0;0.0922;zulegtet
0;0.0922;zugelegt
0;0.0922;zulegten
0;0.0922;zulegst
0;0.0922;zulegte
0;0.0922;zulegt
0;0.0922;zuleget
0;0.0922;zulege
0;0.0922;zulegtest
0;0.0922;zulegend
0;0.0922;zuzulegen
0;0.004;zulaessig
0;0.004;zulaessige
0;0.004;zulaessiger
0;0.004;zulaessiges
0;0.004;zulaessigen
0;0.004;zulaessigem
0;0.004;zurueckgewinnen
0;0.004;zurueckgewinne
0;0.004;zurueckgewinnst
0;0.004;zurueckgewinnest
0;0.004;zurueckgewinnt
0;0.004;zurueckgewinnet
0;0.004;zurueckgewann
0;0.004;zurueckgewannst
0;0.004;zurueckgewannen
0;0.004;zurueckgewannt
0;0.004;zurueckgewaenne
0;0.004;zurueckgewoenne
0;0.004;zurueckgewaennest
0;0.004;zurueckgewaennst
0;0.004;zurueckgewoennest
0;0.004;zurueckgewoennst
0;0.004;zurueckgewaennen
0;0.0834;zusammenhalten
0;0.0834;zusammenhalte
0;0.0834;zusammenhaeltst
0;0.0834;zusammenhaltest
0;0.0834;zusammenhaltet
0;0.0834;zusammenhaelt
0;0.0834;zusammenhielt
0;0.0834;zusammenhielte
0;0.0834;zusammenhieltest
0;0.0834;zusammenhieltst
0;0.0834;zusammenhielten
0;0.0834;zusammenhieltet
0;0.0834;zusammenhaltend
0;0.0834;zusammenzuhalten
0;0.0834;zusammengehalten
0;0.004;zuschiessen
0;0.004;zuschiesse
0;0.004;zuschiesst
0;0.004;zuschiessest
0;0.004;zuschiesset
0;0.004;zuschoss
0;0.004;zuschoss
0;0.004;zuschossest
0;0.004;zuschosst
0;0.004;zuschosst
0;0.004;zuschossen
0;0.004;zuschoesse
0;0.004;zuschoessest
0;0.004;zuschoessen
0;0.004;zuschoesset
0;0.004;zustimmen
0;0.004;zustimme
0;0.004;zustimmst
0;0.004;zustimmest
0;0.004;zustimmt
0;0.004;zustimmte
0;0.004;zustimmtest
0;0.004;zustimmten
0;0.004;zustimmtet
0;0.004;zustimmend
0;0.004;zugestimmt
0;0.2052;zuverlaessig
0;0.2052;zuverlaessigsten
0;0.2052;zuverlaessigster
0;0.2052;zuverlaessigstes
0;0.2052;zuverlaessigerer
0;0.2052;zuverlaessigeres
0;0.2052;zuverlaessigeren
0;0.2052;zuverlaessige
0;0.2052;zuverlaessigerem
0;0.2052;zuverlaessigstem
0;0.2052;zuverlaessigste
0;0.2052;zuverlaessiges
0;0.2052;zuverlaessiger
0;0.2052;zuverlaessigere
0;0.2052;zuverlaessigen
0;0.2052;zuverlaessigem
0;0.2179;zuversichtlich
0;0.2179;zuversichtlichen
0;0.2179;zuversichtlichem
0;0.2179;zuversichtlichste
0;0.2179;zuversichtlichstem
0;0.2179;zuversichtlichsten
0;0.2179;zuversichtlicherer
0;0.2179;zuversichtlicheres
0;0.2179;zuversichtlicherem
0;0.2179;zuversichtlicheren
0;0.2179;zuversichtliche
0;0.2179;zuversichtlichstes
0;0.2179;zuversichtlicher
0;0.2179;zuversichtlichere
0;0.2179;zuversichtlichster
0;0.2179;zuversichtliches
0;0.6669;zuvorkommend
0;0.6669;zuvorkommendste
0;0.6669;zuvorkommende
0;0.6669;zuvorkommenderes
0;0.6669;zuvorkommenderer
0;0.6669;zuvorkommenderen
0;0.6669;zuvorkommendes
0;0.6669;zuvorkommendstes
0;0.6669;zuvorkommender
0;0.6669;zuvorkommenderem
0;0.6669;zuvorkommenden
0;0.6669;zuvorkommendem
0;0.6669;zuvorkommendere
0;0.6669;zuvorkommendsten
0;0.6669;zuvorkommendstem
0;0.6669;zuvorkommendster
0;0.0839;nan
0;0.004;uebereinkunft
0;0.004;uebereinkuenfte
0;0.004;uebereinkuenften
0;0.004;uebereinstimmung
0;0.004;uebereinstimmungen
0;0.004;ueberfluss
0;0.004;ueberfluss
0;0.004;ueberflusses
0;0.004;ueberflusse
0;0.004;nan
0;0.004;ueberlegung
0;0.004;ueberlegungen
0;0.004;nan
0;0.004;nan
0;0.004;ueberschwaenglichkeit
0;0.004;ueberschwaenglichkeiten
0;0.004;ueberschwenglichkeit
0;0.004;ueberschwenglichkeiten
0;0.004;ueberzeugung
0;0.004;ueberzeugungen
0;0.2038;aesthetisch
0;0.2038;aesthetischem
0;0.2038;aesthetischerer
0;0.2038;aesthetischen
0;0.2038;aesthetische
0;0.2038;aesthetischstes
0;0.2038;aesthetischeres
0;0.2038;aesthetisches
0;0.2038;aesthetischer
0;0.2038;aesthetischere
0;0.2038;aesthetischerem
0;0.2038;aesthetischeren
0;0.2038;aesthetischste
0;0.2038;aesthetischster
0;0.2038;aesthetischsten
0;0.2038;aesthetischstem
0;0.09;ueberdurchschnittlich
0;0.09;ueberdurchschnittlichstem
0;0.09;ueberdurchschnittlichsten
0;0.09;ueberdurchschnittlicher
0;0.09;ueberdurchschnittliche
0;0.09;ueberdurchschnittlichen
0;0.09;ueberdurchschnittlichem
0;0.09;ueberdurchschnittlicherem
0;0.09;ueberdurchschnittlichere
0;0.09;ueberdurchschnittliches
0;0.09;ueberdurchschnittlichste
0;0.09;ueberdurchschnittlichster
0;0.09;ueberdurchschnittlicherer
0;0.09;ueberdurchschnittlichstes
0;0.09;ueberdurchschnittlicheres
0;0.09;ueberdurchschnittlicheren
0;0.004;uebergluecklich
0;0.004;ueberglueckliche
0;0.004;uebergluecklichen
0;0.004;uebergluecklichem
0;0.004;uebergluecklicher
0;0.004;ueberglueckliches
0;0.004;uebergross
0;0.004;uebergrossem
0;0.004;uebergrossen
0;0.004;uebergrosse
0;0.004;uebergrosses
0;0.004;uebergrosser
0;0.004;ueberholen
0;0.004;ueberholten
0;0.004;ueberholet
0;0.004;ueberhole
0;0.004;ueberhol
0;0.004;ueberholt
0;0.004;ueberholtet
0;0.004;ueberholst
0;0.004;ueberholtest
0;0.004;ueberholest
0;0.004;ueberholte
0;0.004;ueberleben
0;0.004;ueberlebten
0;0.004;ueberlebet
0;0.004;ueberlebtest
0;0.004;ueberleb
0;0.004;ueberlebte
0;0.004;ueberlebt
0;0.004;ueberlebst
0;0.004;ueberlebe
0;0.004;ueberlebtet
0;0.004;uebergelebt
0;0.004;ueberlebest
0;0.004;ueberlebend
0;0.004;ueberlegen
0;0.004;ueberlegenen
0;0.004;ueberlegenem
0;0.004;ueberlegenes
0;0.004;ueberlegener
0;0.004;ueberlegeneren
0;0.004;ueberlegenste
0;0.004;ueberlegenerem
0;0.004;ueberlegene
0;0.004;ueberlegeneres
0;0.004;ueberlegner
0;0.004;ueberlegenerer
0;0.004;ueberlegnerem
0;0.004;ueberlegt
0;0.004;ueberlegter
0;0.004;ueberlegtes
0;0.004;ueberlegte
0;0.004;ueberlegtem
0;0.004;ueberlegten
0;0.004;ueberlegner
0;0.004;ueberlegenerer
0;0.004;ueberlegtet
0;0.004;ueberlegnerem
0;0.004;ueberlegneren
0;0.004;ueberlegensten
0;0.004;ueberlegneres
0;0.004;ueberlegenstem
0;0.004;ueberlegnerer
0;0.004;ueberleget
0;0.004;ueberlegest
0;0.004;ueberlegenstes
0;0.004;ueberlegenster
0;0.004;ueberlegtest
0;0.004;uebermenschlich
0;0.004;uebermenschliches
0;0.004;uebermenschlicher
0;0.004;uebermenschlichen
0;0.004;uebermenschliche
0;0.004;uebermenschlichem
0;0.004;ueberragend
0;0.004;ueberragender
0;0.004;ueberragendes
0;0.004;ueberragende
0;0.004;ueberragendem
0;0.004;ueberragenden
0;0.004;ueberraschend
0;0.004;ueberraschender
0;0.004;ueberraschendes
0;0.004;ueberraschende
0;0.004;ueberraschenden
0;0.004;ueberraschendem
0;0.004;ueberraschenderer
0;0.004;ueberraschenderes
0;0.004;ueberraschendere
0;0.004;ueberraschenderem
0;0.004;ueberraschenderen
0;0.004;ueberraschendster
0;0.004;ueberraschendstes
0;0.004;ueberraschendste
0;0.004;ueberraschendstem
0;0.004;ueberraschendsten
0;0.2438;ueberrascht
0;0.2438;ueberraschtere
0;0.2438;ueberraschtestem
0;0.2438;ueberraschtesten
0;0.2438;ueberraschtester
0;0.2438;ueberraschtestes
0;0.2438;ueberraschter
0;0.2438;ueberraschtes
0;0.2438;ueberraschterer
0;0.2438;ueberraschteste
0;0.2438;ueberraschte
0;0.2438;ueberraschteres
0;0.2438;ueberraschteren
0;0.2438;ueberraschterem
0;0.2438;ueberraschten
0;0.2438;ueberraschtem
0;0.004;ueberrunden
0;0.004;ueberrundete
0;0.004;ueberrunde
0;0.004;ueberrundetet
0;0.004;ueberrund
0;0.004;ueberrundest
0;0.004;ueberrundeten
0;0.004;ueberrundetest
0;0.004;ueberrundet
0;0.004;ueberschaubar
0;0.004;ueberschaubarer
0;0.004;ueberschaubares
0;0.004;ueberschaubare
0;0.004;ueberschauberen
0;0.004;ueberschaubarem
0;0.004;ueberschwaenglich
0;0.004;ueberschwaenglicher
0;0.004;ueberschwaengliches
0;0.004;ueberschwaengliche
0;0.004;ueberschwaenglichen
0;0.004;ueberschwaenglichem
0;0.004;ueberschwenglicher
0;0.004;ueberschwengliches
0;0.004;ueberschwengliche
0;0.004;ueberschwenglichen
0;0.004;ueberschwenglichem
0;0.004;ueberschwenglichere
0;0.004;ueberschwaenglichere
0;0.004;ueberschwaenglicheren
0;0.004;ueberschwenglicheren
0;0.004;ueberschwaendlicheres
0;0.004;ueberschwenglicheres
0;0.004;ueberschaeumen
0;0.004;ueberschaeumt
0;0.004;ueberschaeumst
0;0.004;ueberschaeumten
0;0.004;ueberschaeumte
0;0.004;ueberschaeume
0;0.004;ueberschaeumet
0;0.004;ueberschaeumtet
0;0.004;ueberschaeumest
0;0.004;uebergeschaeumt
0;0.004;ueberschaeumtest
0;0.2253;uebersichtlich
0;0.2253;uebersichtlicherem
0;0.2253;uebersichtlichste
0;0.2253;uebersichtlicheren
0;0.2253;uebersichtlichere
0;0.2253;uebersichtlichstem
0;0.2253;uebersichtlichsten
0;0.2253;uebersichtlichstes
0;0.2253;uebersichtlichster
0;0.2253;uebersichtlicher
0;0.2253;uebersichtliches
0;0.2253;uebersichtlichem
0;0.2253;uebersichtlichen
0;0.2253;uebersichtliche
0;0.2253;uebersichtlicherer
0;0.2253;uebersichtlicheres
0;0.004;uebertreffen
0;0.004;uebertreffe
0;0.004;uebertriffst
0;0.004;uebertreffest
0;0.004;uebertrifft
0;0.004;uebertrefft
0;0.004;uebertreffet
0;0.004;uebertraf
0;0.004;uebertraefe
0;0.004;uebertrafst
0;0.004;uebertraefest
0;0.004;uebertraefst
0;0.004;uebertraft
0;0.004;uebertraefet
0;0.004;uebertraeft
0;0.004;uebertrafen
0;0.004;uebertraefen
0;0.004;ueberwinden
0;0.004;ueberwinde
0;0.004;ueberwindest
0;0.004;ueberwindet
0;0.004;ueberwand
0;0.004;ueberwaende
0;0.004;ueberwandest
0;0.004;ueberwandst
0;0.004;ueberwaendest
0;0.004;ueberwanden
0;0.004;ueberwaenden
0;0.004;ueberwandet
0;0.004;ueberwaendet
0;0.004;ueberwind
0;0.3312;ueberwaeltigend
0;0.3312;ueberwaeltigender
0;0.3312;ueberwaeltigendes
0;0.3312;ueberwaeltigende
0;0.3312;ueberwaeltigenden
0;0.3312;ueberwaeltigendem
0;0.0578;ueberwaeltigt
0;0.0578;ueberwaeltigter
0;0.0578;ueberwaeltigtes
0;0.0578;ueberwaeltigte
0;0.0578;ueberwaeltigten
0;0.0578;ueberwaeltigtem
0;0.3396;ueberzeugen
0;0.3396;ueberzeuge
0;0.3396;ueberzeugst
0;0.3396;ueberzeugt
0;0.3396;ueberzeuget
0;0.3396;ueberzeugest
0;0.3396;ueberzeugte
0;0.3396;ueberzeugtest
0;0.3396;ueberzeugten
0;0.3396;ueberzeugtet
0;0.3396;ueberzeug
0;0.4489;ueberzeugend
0;0.4489;ueberzeugender
0;0.4489;ueberzeugendes
0;0.4489;ueberzeugende
0;0.4489;ueberzeugenden
0;0.4489;ueberzeugendem
0;0.4489;ueberzeugenderer
0;0.4489;ueberzeugenderes
0;0.4489;ueberzeugendere
0;0.4489;ueberzeugenderem
0;0.4489;ueberzeugenderen
0;0.4489;ueberzeugendster
0;0.4489;ueberzeugendstes
0;0.4489;ueberzeugendste
0;0.4489;ueberzeugendsten
0;0.4489;ueberzeugendstem
0;0.2381;ueberzeugt
0;0.2381;ueberzeugtestem
0;0.2381;ueberzeugtesten
0;0.2381;ueberzeugtester
0;0.2381;ueberzeugte
0;0.2381;ueberzeugtes
0;0.2381;ueberzeugter
0;0.2381;ueberzeugterer
0;0.2381;ueberzeugtere
0;0.2381;ueberzeugteres
0;0.2381;ueberzeugtem
0;0.2381;ueberzeugten
0;0.2381;ueberzeugteren
0;0.2381;ueberzeugteste
0;0.2381;ueberzeugterem
0;0.2381;ueberzeugtestes
0;0.201;ueppig
0;0.201;ueppiges
0;0.201;ueppigster
0;0.201;ueppigstes
0;0.201;ueppigen
0;0.201;ueppigem
0;0.201;ueppigsten
0;0.201;ueppigerer
0;0.201;ueppigere
0;0.201;ueppigeres
0;0.201;ueppigste
0;0.201;ueppiger
0;0.201;ueppigstem
0;0.201;ueppigeren
0;0.201;ueppigerem
0;0.201;ueppige
